0 1357847247.39686394 0 1 1 -2.21985571749193467 0.0766927910642960647 0.304645937249242216 -0.0169050953279327905 -0.00246659306771469019 0.995982489744302923 -0.087903434479725942 0.00277232000311427923 0.00764066664148633015 -0.00289528565243002802 0 0 0 1 -1.33874290350926861 0.128714421178620836 0.786835811704509003 -0.0142665286345024234 -0.00386275816186905027 0.995983270490954586 -0.0883112119849224081 -1.79806878277104443 0.0576068137162798685 0.243229630414527137 -0.0143862689944483819 -4.90380429371692895e-05 0.996033563526421029 -0.087807591861688461 
1 1357847253.14514446 0 1 1 -2.14223479577153153 -0.0905124952373372038 0.308030813674041837 -0.0224893126045248269 0.0450243315412867037 0.982847912537881729 -0.177417646269374008 -0.000874104033612869979 0.102182349318781368 0.00650536902844988177 0 0 0 1 -1.26096203351117109 -0.0384295272071700639 0.789408294826387746 -0.0200106361888671216 0.043394501949192657 0.982879759420320576 -0.177943446526560994 -1.72047615251286112 -0.109600200393887459 0.24713669443495026 -0.0197590116160259281 0.047202193351017864 0.982799149105485381 -0.1774468002538927 
2 1357847253.64538193 0 1 1 -2.1629569244996385 -0.0271631648075138232 0.31712493968531813 -0.0356938936160756115 0.0993986640374278363 0.96208187273748913 -0.251484237470312844 -0.0758422918343611557 0.333011746302124156 0.0181280469104047465 0 0 0 1 -1.28169056573595386 0.0248802575432983709 0.798762277082904149 -0.0333812675130571376 0.0975830835244534123 0.96218044658372448 -0.252134926182442598 -1.74114000905462585 -0.0461981333394502411 0.255992822326074454 -0.0328092693307981548 0.101353250474901152 0.961930657709825887 -0.251675346869917105 
3 1357847254.3450675 0 1 1 -2.13481260269803474 0.190836993866786736 0.303542773828660406 -0.0343255600598096899 0.0780891745059935222 0.93370636013716779 -0.347730168077137913 -0.349210511565276827 0.786847549554306358 0.017941480001685689 0 0 0 1 -1.25381259741766482 0.242935383980315667 0.785528280168138138 -0.0321925083741436135 0.0760423194963639748 0.933734799471776289 -0.34831097069371153 -1.71300237635723485 0.171719713084974912 0.24113586369432824 -0.0312560878840553655 0.0797480373272442117 0.933621126312939809 -0.347871959224647309 
4 1357847255.54646754 0 1 1 -2.55920030493658768 1.21439472294561535 0.254742840411928184 -0.00771801360454172757 0.0235239620809536004 0.936369337710042937 -0.350142140952027836 -1.18742633959577137 1.90712851212115386 -0.0124044173281323278 0 0 0 1 -1.67935086031196601 1.26622859255001385 0.741422828259954092 -0.0055567352199326096 0.0214792590554973677 0.93626074993103181 -0.350604581063488796 -2.13734667511971344 1.19512619362600558 0.188906763394214972 -0.00464359263634439405 0.025181032937042918 0.936366671878936851 -0.350088286610698962 
5 1357847256.44487309 0 1 1 -3.02639485477684822 2.24815437873458768 0.237906711431250251 -0.00151471629123940341 0.0244048741435927211 0.923112456060947384 -0.383751874546194416 -1.88003636388087059 2.73469532063807819 -0.0261010102454577904 0 0 0 1 -2.14752759228711643 2.29961199194668087 0.729539514054230454 0.000570997123529946968 0.0222857245725959913 0.922973285209672145 -0.384217822636879536 -2.60434785499096266 2.22891446076239408 0.168783714821916481 0.00161764892521263672 0.0259490572145771071 0.923097830278913345 -0.383685320772103489 
6 1357847257.14542794 0 1 1 -3.48701369955608564 3.20913357573604019 0.20423204177484991 -0.0109438488522550642 0.024391726824211965 0.943586797154744472 -0.330044288043413181 -2.48455129364700644 3.39517753929594468 -0.0278474201162511384 0 0 0 1 -2.60915901374953751 3.26025934352372149 0.700613989313932484 -0.0087399207993046641 0.0223925739029437743 0.943496922092629808 -0.330508312180128494 -3.06486950293082705 3.18983293875895768 0.13217487015587015 -0.00790552285503616677 0.0261143631614268561 0.943586514035959834 -0.330000050415946156 
7 1357847257.74489594 0 1 1 -4.08241417759529135 4.07132609261997658 0.177013439682218943 -0.0150252730522490059 0.0461011405422255827 0.941506440696441627 -0.333488452779896416 -2.98268278620209326 3.9946462926621793 -0.0215236443788182977 0 0 0 1 -3.20544823109055566 4.12198718051756074 0.678657723745855646 -0.0128404560458423387 0.0440930436824064007 0.941451381365831508 -0.334006321364916592 -3.66016708447256356 4.05203794358082181 0.103160336852055834 -0.0119797283611059041 0.0478108149705369009 0.941458964146236088 -0.333505068790481085 
8 1357847258.44522905 0 1 1 -4.74004036933808592 5.03195222194495528 0.147141679538045855 -0.0115813817285655377 0.0458456077256097771 0.929613683198622587 -0.365489332073342332 -3.56462875458369055 4.69498029965862074 -0.014135844469858657 0 0 0 1 -3.86406169858350745 5.08209986346331988 0.654617460285023212 -0.00946601016491845949 0.0437647213493317366 0.929535090056236246 -0.366004863589157681 -4.3176765988461252 5.01267876034249316 0.0712611882385835449 -0.00847912269050260514 0.047450053357080961 0.929563348448837257 -0.365497712900361815 
9 1357847259.1470089 0 1 1 -5.38690747114017832 5.90281591087025337 0.106394469907073935 -0.00539018171896716268 0.0373699525849042896 0.933583551457785266 -0.35636524105516737 -4.16244876516499751 5.41027184181961118 -0.0101068662164915703 0 0 0 1 -4.51189798569789602 5.95248518039522967 0.619435803959393461 -0.00324971255244510364 0.0353123203339151051 0.933482242803738482 -0.356866055784329061 -4.96450019020077082 5.88349820790467426 0.0289092306742233275 -0.0023039572004044215 0.0390050091124959919 0.933540014996683487 -0.356337398325442201 
10 1357847259.95525002 0 1 1 -6.12221653809092015 6.6044921444473017 0.0952459963368333384 -0.00487020212810819909 0.0346265167301928883 0.926568485018015364 -0.374497166934257164 -4.93277722229621407 6.30941774997777305 -0.0242823343340682271 0 0 0 1 -5.24786563299440978 6.65353894362093623 0.613948530337993681 -0.00276870029690473021 0.0325273469241736599 0.926454870404538888 -0.374987571933323605 -5.69967230127586699 6.58531297139503913 0.017450845464156723 -0.00175281917839335594 0.036201431678624843 0.926533448975653928 -0.374462483966852056 
11 1357847260.85611391 0 1 1 -6.93520637219094116 7.25635152107256864 0.0655654100694997855 0.00110409658834710253 0.0180985687577147857 0.92571494636438123 -0.377787057556551065 -5.7638615673366882 7.16962860183444306 -0.0254204479205104375 0 0 0 1 -6.0615714227320181 7.30475108624814418 0.59024173435151106 0.00320662209517723644 0.0159940063379153362 0.9255645960502078 -0.378238136462225594 -6.51262232521974838 7.23723604380471031 -0.0119205036586001265 0.00422590228499509103 0.0196629794413281586 0.925710067618000232 -0.377698794941213778 
12 1357847261.65672898 0 1 1 -7.78997660533157443 7.88916759772977549 0.0494939290645627916 0.00357900410160025577 0.0475676587473874077 0.9150582940084665 -0.400490732898088286 -6.53787170581322918 7.96572774860589128 -0.0258313016523129546 0 0 0 1 -6.91696520667865133 7.93685272311185308 0.580329618680054726 0.00561329879778102968 0.0454138805524011147 0.914925451551204527 -0.40102055861714081 -7.36729466119131082 7.87019935752230282 -0.0273910522905399766 0.00673994101886964646 0.0490513961914154223 0.914973416507354531 -0.400464955784640475 
13 1357847262.55495048 0 1 1 -8.54679976590502299 8.64253240011826662 0.019086782056668361 0.00706990064837360443 0.0410151879993848403 0.935461730418165827 -0.350968833062493268 -7.3234760105145682 8.80013700695042012 -0.0117904217649172048 0 0 0 1 -7.67459604294240094 8.68962199242410627 0.555821491351254915 0.00922017777444339784 0.0389756252749853954 0.935333297200388047 -0.351493260396956164 -8.12405583272184373 8.62360684948453304 -0.0582804897837423466 0.0101466753314330225 0.0426658771508372364 0.93537926225729584 -0.350916376998374413 
14 1357847263.35116696 0 1 1 -9.09016439005882759 9.54213677897322476 0.0112838533341045877 -0.0014131539652416853 0.0467544291334398981 0.922551747581426329 -0.383027804978610997 -8.02750762246760807 9.56397031071287884 0.00959511921502410707 0 0 0 1 -8.21877295181095135 9.58876477766321855 0.553080677154374256 0.0006622841636901739 0.0446378858466426193 0.922439643255954067 -0.383551984842546378 -8.66721923725583032 9.5233106192235315 -0.0683155089963531775 0.00171903104311388701 0.0482986522178490488 0.922478085257551705 -0.383012359259819857 
15 1357847264.05566096 0 1 1 -9.80988625927039948 10.4534927043845336 0.0154916632307806057 -0.00476335223154618695 0.0524479646915940734 0.933906568206760435 -0.353617085751663451 -8.65104974522820136 10.242098853483613 0.0288211542062370117 0 0 0 1 -8.93924681436494062 10.4994777890451427 0.563347177270175581 -0.00262523280440940922 0.0503977503054716947 0.933823118725383705 -0.354157532534419006 -9.38667978335382358 10.4348785141357503 -0.0655916897767933604 -0.00168157847006261381 0.0540900071296368731 0.93382161494078364 -0.353622164028150054 
16 1357847264.75589252 0 1 1 -10.4891912302576298 11.2165328899453254 0.0207271668718276292 -0.00268932473121423097 0.0504259752597666019 0.938007260300026569 -0.342917436383788632 -9.29252324170288624 10.9970424495275481 0.05868798556463143 0 0 0 1 -9.61917054950103712 11.2619095357041505 0.574077131495596249 -0.000526709024984421746 0.0484013706040517036 0.93792060345568562 -0.343455923685375863 -10.065757277166405 11.1981267664327717 -0.0612463074604169475 0.000373469075298853224 0.052103106640386275 0.937921393513372226 -0.342911922203361808 
17 1357847265.666713 0 1 1 -11.2072555940989798 12.0109267886619815 0.0329404744023416018 -0.00796701797772255034 0.0466923463771273944 0.918328839669092845 -0.392973909625510043 -10.1332289703728371 11.9229061764395929 0.0952312532976938436 0 0 0 1 -10.3378411906520142 12.0556461060729507 0.592070163236248836 -0.00591449103306617135 0.0445505129416193524 0.918231177997239523 -0.393486688906067583 -10.7835536144737159 11.9927758872998158 -0.0499100348383718848 -0.00481836481925408157 0.0482035066505226706 0.918271774929827034 -0.392976020482531108 
18 1357847266.4651351 0 1 1 -12.0686114599918604 12.6277399998475257 0.0394762053104903976 -0.00900544452857268696 0.0419852022551629178 0.921224877837015121 -0.38665342260817076 -10.8786300565670757 12.7153645423762676 0.124626787288380697 0 0 0 1 -11.1996788941473397 12.671692283569703 0.604764149859668421 -0.00693561155028803167 0.0398569987520947938 0.921127646243665055 -0.387152652410524767 -11.6447116975150404 12.6098572910192743 -0.0426595561003221546 -0.00586737410145994013 0.0435186613246378445 0.921181703937714813 -0.386647085037600424 
19 1357847267.16681147 0 1 1 -12.786329556273671 13.4132097575216029 0.0409824867931109504 -0.00546853090647298791 0.0395479851203212399 0.932201555458766706 -0.359730888363654244 -11.5651078085501968 13.4392748849922938 0.150145833256967176 0 0 0 1 -11.9180523168841539 13.4565313221891856 0.612027857852010526 -0.00333644280455865907 0.0374827125319065271 0.932103605517339617 -0.360231568566995841 -12.362213237533334 13.3955260637484717 -0.0419847329650351667 -0.00237633901357898027 0.041171675806421365 0.932152972203060481 -0.359708329813453076 
20 1357847267.86535501 0 1 1 -13.3642768577777833 14.2446036349583132 0.0383658226219933396 -0.00450581548002272712 0.0386848146628045869 0.93911659995702601 -0.341384232832331713 -12.2485205986567518 14.1599531380092589 0.175550942680932742 0 0 0 1 -12.4967181385076369 14.2874256270314568 0.614506042519963214 -0.00233318053830082906 0.0366624549266495389 0.939023143792081849 -0.341885881677150227 -12.939952576300783 14.227057325207058 -0.0463162243234426854 -0.00144606975731054947 0.040368699763999101 0.939065564682571408 -0.341356327301874429 
21 1357847268.66610646 0 1 1 -14.0486360154326917 15.0506276621605828 0.0323097272015085424 -0.00861403679928768491 0.040382479453910991 0.931908382358648146 -0.360335705437114351 -12.9624626268941192 14.919460624629906 0.196550888950521613 0 0 0 1 -13.1817900770706462 15.0928670752748477 0.614071454334397027 -0.00648371613044133096 0.0383145582216194436 0.931820430605220462 -0.360833259498238856 -13.624124956810082 15.0332309860344537 -0.0534648755293151631 -0.00552079593757533096 0.0420044292024762539 0.931864927270989796 -0.360323335438912096 
22 1357847269.46517396 0 1 1 -14.7815050116057698 15.8134423291970201 0.0323216348547617494 -0.0106628938293345868 0.0394785117244506878 0.92289144087947439 -0.38288266891910161 -13.7178888177646563 15.7245138673653386 0.217590469828908922 0 0 0 1 -13.9152996331652599 15.8550447881211305 0.619871851518412287 -0.00858289646844189423 0.0373581229170032447 0.922798865536724189 -0.383370523520607798 -14.3567898773031573 15.7962414507591813 -0.0540957110659013238 -0.00753122798017943039 0.041025251779023976 0.922858168151891145 -0.382874667217503406 
23 1357847270.16506505 0 1 1 -15.4951240721525991 16.5693151605084772 0.0277163680812931856 -0.0104371692117261952 0.0376419388201266261 0.927026430546088798 -0.372955958538920773 -14.3795551504051176 16.4296477813579394 0.236018719323478898 0 0 0 1 -14.6295774855867702 16.6103089129166932 0.620933295268523588 -0.00833354735098603382 0.0355442078283304749 0.926935714863263871 -0.373439877074389692 -15.0702280456177924 16.5522805130690855 -0.0593955528768241106 -0.00732233715062456485 0.0392223301881077305 0.926996109359749076 -0.372942630206250347 
24 1357847270.9756074 0 1 1 -16.2443654557794162 17.3985372885036398 0.0181120275888098092 -0.00327853307200397411 0.0291076702931271844 0.924675187024748046 -0.379628493730054084 -15.1458294868820253 17.2462618289789056 0.25736043486389415 0 0 0 1 -15.3795653769279266 17.4389044070705452 0.617360721177355409 -0.00118543110456456472 0.0269973938203724381 0.924552549828889236 -0.380095143463979934 -15.8192922236650535 17.3816516432383565 -0.0699162347596158917 -0.000152761974788195539 0.0306656415245981154 0.924651767875798281 -0.379577005702169679 
25 1357847271.77039957 0 1 1 -16.9740284537411661 18.0831786119984237 0.00796005394719129233 -0.00551947848253862491 0.038395289716135983 0.896166884396702002 -0.44201838468055038 -15.8972138537584335 18.0470077236870061 0.278287445799845878 0 0 0 1 -16.1098545036558285 18.1229392448589905 0.612799508537997584 -0.0035804992552076623 0.0361453097423211356 0.896035279288116548 -0.442494604351038767 -16.5488179403968907 18.0664356074639905 -0.0803145439962400232 -0.00229398697211689612 0.0397352652856143573 0.896132801892690734 -0.441997565251675772 
26 1357847272.56273055 0 1 1 -17.7801320969845698 18.7180706336847749 -0.0059571681761292905 -0.0082939038407168382 0.0274162235456267278 0.912069657413610346 -0.409033619487441047 -16.6419065293835402 18.7267121591957277 0.295966325680411035 0 0 0 1 -16.9165603506635058 18.7571696516482227 0.60477871135079353 -0.00626852234471515692 0.025237524567146695 0.911947400450620949 -0.409482248446366048 -17.3548135829526693 18.7014727318495204 -0.0938653645764443018 -0.00512001773821793051 0.0288742048148131862 0.912066263737800531 -0.408992904909170119 
27 1357847273.3851459 0 1 1 -18.5696653627678501 19.4569663868443605 -0.0184407542861517171 -0.0166888605570956194 0.0437147823083264206 0.911539101754875403 -0.408542489482986881 -17.4709562664118323 19.4352068730398599 0.314352137848774471 0 0 0 1 -17.7067744082797098 19.4954158740927888 0.598340181014801353 -0.0146711519377793406 0.0415344614937032675 0.911459423389118562 -0.40902489572692563 -18.1442056243737326 19.4405150436666894 -0.106605361208598426 -0.0135152335556216977 0.0451735306820285898 0.911512111932997637 -0.408561330019255819 
28 1357847274.18530011 0 1 1 -19.3894080635277 20.1334348290499463 -0.0259833854791466368 -0.0169105796179018254 0.0440818490150071615 0.885596877804893157 -0.462048691056072436 -18.2478292662795418 20.0908555224986003 0.332038868538422072 0 0 0 1 -18.5271160658248739 20.1711996206238453 0.59686467751725103 -0.01502591713004316 0.041784213500197398 0.885496458499535954 -0.462519538291466137 -18.9638001258161211 20.1171654179319432 -0.113937620537925249 -0.0136558959779848731 0.045349535750207004 0.88557681958468859 -0.462072107713230429 
29 1357847274.98882198 0 1 1 -20.2638962148459498 20.7728326468013087 -0.0359029740067273173 -0.0147166679668959514 0.0407048203020140623 0.90232560619776303 -0.4288764830204293 -19.1164265261073183 20.7887314962480758 0.353765727370285998 0 0 0 1 -19.4021829569001305 20.8098742509982273 0.593227789490865187 -0.0127463447819858161 0.0384801001682163746 0.902229680756219121 -0.429346498469794891 -19.8381599461199514 20.7567486608191274 -0.123200439083678753 -0.0115111898978703248 0.0420923975293277033 0.902304816219104189 -0.428884298156480326 
30 1357847275.79507899 0 1 1 -21.0853273774343997 21.5408951553461385 -0.0406267467660592074 -0.0148076242300127538 0.0361254675270624506 0.906310304784267218 -0.420805556406355696 -19.9879804364053939 21.4889829959419956 0.375566543063809877 0 0 0 1 -20.2242707154322829 21.5772479840223816 0.594791503816244682 -0.0128150836516381789 0.0339183672836359806 0.90621331764779578 -0.421263267932998509 -20.6594062751432901 21.5250071999513928 -0.128187580711472793 -0.0116148167884154822 0.0375420974546494188 0.906300655797192434 -0.420802576336286427 
31 1357847276.59720707 0 1 1 -21.9056289124803065 22.2076801663634882 -0.0449623574674131721 -0.0148476503162248193 0.0381374164832930518 0.884559903516083601 -0.464627659352824129 -20.8173831074955196 22.0938933334092766 0.394291551040030774 0 0 0 1 -21.0451405982027921 22.2433466777195719 0.596503647386514069 -0.012966160895261614 0.035834873423895755 0.884447892168629513 -0.465080279690291698 -21.4795472736071993 22.1919914062505086 -0.132259433242130853 -0.0115893829534586806 0.0393962125713658434 0.884551120147795689 -0.464632048488984206 
32 1357847277.39816904 0 1 1 -22.8322718966106208 22.8777701424925581 -0.053517852502144081 -0.0141177705454116134 0.0375882443920226433 0.895792718684289113 -0.442654738583653784 -21.6932797971181159 22.7096776623917691 0.413308760181439361 0 0 0 1 -21.9723741315720282 22.9126731670344554 0.594588292114897166 -0.0121798088867272891 0.0353335255304006376 0.895687825515711022 -0.443110046661111867 -22.4060470968703136 22.8622883892408844 -0.140079920898410037 -0.0108915149628427566 0.0389269411499859053 0.895780680803876073 -0.442654538046391322 
33 1357847278.19577956 0 1 1 -23.6694711314151043 23.5725312076212639 -0.0610858942248300174 -0.0106312433147178493 0.0451141667126960175 0.892532681935497618 -0.448594583454181017 -22.5655114888553214 23.322885376700043 0.432246395975768194 0 0 0 1 -22.8101780070677265 23.6067456526847543 0.593225415602572692 -0.00871213914339890282 0.042848306320378976 0.89242515464988148 -0.449071781149914029 -23.2430931747878695 23.5572361303369995 -0.147453545237420325 -0.00739587204710951025 0.0464301348388967 0.89249369452836369 -0.448602885504113424 
34 1357847278.9953289 0 1 1 -24.5534159109504628 24.1598667319378997 -0.0592072013934583086 -0.00386055409497542551 0.0209045684548049872 0.858233282868755887 -0.512819390542241904 -23.4398633885176935 23.9375836672714399 0.451230065095732158 0 0 0 1 -23.6945840957918783 24.1933348599239864 0.601318449063020011 -0.00209974884378288798 0.0185045225593728664 0.858053832154261231 -0.51322197422268423 -24.1268685561646841 24.1448226970156234 -0.144601282092885419 -0.000538521314202715742 0.0219820956632357616 0.858251258312935361 -0.512758495852881802 
35 1357847279.90564609 0 1 1 -25.5035957364566386 24.5782800182200774 -0.0696263015889662107 -0.0240482324218337686 0.0444864991128663817 0.826221888083279898 -0.561070428347606676 -24.435346114641348 24.6374409332965492 0.472843690793427363 0 0 0 1 -24.645152275238182 24.6109790937935742 0.597088648278713885 -0.0224405130729733518 0.0419823075418882669 0.826106416997646309 -0.56149986377717942 -25.0769783489953291 24.5634434929998129 -0.152854363613044109 -0.0206696367861908675 0.0453716448016341575 0.826231005439729271 -0.561120758494261462 
36 1357847280.70580792 0 1 1 -26.4942616990782831 24.9834092799057075 -0.0714904533349308702 -0.027933602109605337 0.0557912465755366141 0.818119367280728982 -0.571653524050110051 -25.3936732548265098 25.0389186479207595 0.494529257778989484 0 0 0 1 -25.6361467744625067 25.0152888863961813 0.60160561363408005 -0.0263648472228022249 0.0532657108653507572 0.818024326525319201 -0.572104763211883527 -26.0675379437322512 24.9688368901408886 -0.152296895042703467 -0.0245442571977544377 0.0566312450835174536 0.818109204158104397 -0.571741035426611921 
37 1357847281.41547561 0 1 1 -27.4197317954710833 25.3638875561262722 -0.0702462265143477538 -0.0196344603215541612 0.0448372041661793744 0.839028874688358295 -0.541880670009208587 -26.2761080977982502 25.4158268038598862 0.517647964962523854 0 0 0 1 -26.5619079380980772 25.3949976093378886 0.608815580202839657 -0.0179694308480601271 0.0423729302328934021 0.838911390540098334 -0.542318461017651465 -26.9928944174643171 25.3495776384789657 -0.148801055813685273 -0.0162768452950283575 0.0457994907060503831 0.839024298891453801 -0.541918533386719137 
38 1357847282.11580348 0 1 1 -28.3418609474496357 25.8146225468838253 -0.0730677537791590281 -0.009321626716275953 0.0303260273115704242 0.834346059053386102 -0.550327259987131723 -27.1609066268311743 25.8107543000457689 0.543250449448009487 0 0 0 1 -27.4844057751985247 25.8449777910372482 0.612103430238930768 -0.00767331625998205012 0.0278481922075766268 0.834181142631209682 -0.550733528747645695 -27.9149104945113855 25.8005518792974478 -0.149755496407534522 -0.0059545972740809236 0.0312552986493060542 0.834357114890539542 -0.550305237035939143 
39 1357847282.91521311 0 1 1 -29.3563693068682277 26.2112243477551488 -0.0684885283569475201 0.00236543076841627849 0.0130919676848371431 0.809871901488226631 -0.586455887769287809 -28.1353147165003392 26.1692886545992707 0.572904702597370918 0 0 0 1 -28.4991952708443677 26.2407356587952485 0.62317502108026257 0.00391176112799081731 0.0105477690594473032 0.80964168836568684 -0.586816648667287111 -28.9292847374005255 26.1974587251745241 -0.142600457265523589 0.00576877201969101892 0.0138724528620612179 0.809906453449816599 -0.586366619941240286 
40 1357847283.81687498 0 1 1 -30.2956514681418341 26.5065222219999654 -0.0582518741529053363 -0.0350434140668521577 0.0636184890268966241 0.770308778302761898 -0.633521138600899758 -29.2343590517016167 26.5736830305540686 0.606352022343552011 0 0 0 1 -29.4386466113352796 26.5352419917891282 0.639256761866931478 -0.0336800218164270762 0.0609752874596968739 0.770222148859242783 -0.633960181601575745 -29.8684337318052222 26.4930716000869104 -0.129601240915108384 -0.0316002192821558114 0.0641916418755877349 0.770303130818747683 -0.633651280994105837 
41 1357847284.71504402 0 1 1 -31.3952956570856188 26.6620915854993612 -0.0553869913030317629 -0.0420663094043105812 0.0624463619055263194 0.748566267882778802 -0.658771143938403525 -30.3221400781690313 26.7981934441762171 0.651147587439031006 0 0 0 1 -30.5383850756869961 26.6899111663167439 0.648526485342832748 -0.0407911467704076131 0.059756070245813829 0.748488950995281344 -0.659188580492650722 -30.9680130150137529 26.6489645558642891 -0.122502506287024596 -0.038606825681560375 0.0629053326050588446 0.748583410130598481 -0.658919805604509579 
42 1357847285.42511606 0 1 1 -32.3964205424666005 26.8145287564618968 -0.053115202604414935 -0.0229123237103937283 0.0406068663590498577 0.727329614265803892 -0.684702665423938317 -31.2063892805070182 26.8626518415755555 0.676921975536680876 0 0 0 1 -31.5396051913827549 26.8415328910420143 0.656654190333805565 -0.02171674257015975 0.0378774902867758251 0.727165687579064857 -0.685072070390687293 -31.9690775509466008 26.8016944830598476 -0.116432971744975966 -0.0194365559963102716 0.0409480010861140997 0.727363810496430174 -0.684753509431070495 
43 1357847286.12522006 0 1 1 -33.4121617485984785 26.8313989211756692 -0.0463370964485775305 0.00421540029020792389 0.0176584915047685136 0.675370611573629764 -0.737255006833341664 -32.1474459846630651 26.8708626955076646 0.694775266782577505 0 0 0 1 -32.5553089343481759 26.857570270974314 0.669055987180171896 0.00521658567610788857 0.0148552655707939775 0.675086687865932289 -0.737570384563338011 -32.9847725881411336 26.8188871800822177 -0.105077528369390785 0.00770662606218434042 0.0177388284611436249 0.675410252672061118 -0.737188532510528516 
44 1357847286.83097243 0 1 1 -34.2679194707419228 26.6855634371629193 -0.0574548195985188359 -0.00685374588054624839 0.0112810470135823824 0.595223296543553215 -0.803451922268848429 -33.0960950476096585 26.8791397938528362 0.712772596737440867 0 0 0 1 -33.4110026116283194 26.711075015179027 0.662307579484259445 -0.00614657094476320828 0.0083837944866614264 0.594938466015327183 -0.803704020962291765 -33.8406101625408695 26.6732372665923734 -0.111497220705388145 -0.00337348848481919955 0.0110002396077839293 0.595314611611494904 -0.803410310803806538 
45 1357847287.82612991 0 1 1 -35.26482498494601 26.2937631768562881 -0.0547937594468996814 -0.0483288803717392967 0.0417530724689973848 0.569016982612581046 -0.819841858994700634 -34.1670965038588648 26.5588645433559769 0.732795180027822624 0 0 0 1 -34.4075751290550116 26.3184751629900262 0.669546842122931363 -0.0477242602144599265 0.0388246974409367299 0.568876689669214453 -0.820118497417658854 -34.837594384503511 26.2817383850225816 -0.102197232997909032 -0.044861374899588774 0.0413711828563424824 0.569125918459942981 -0.819982665187692805 
46 1357847288.72530293 0 1 1 -36.314925160968869 25.9574896952497483 -0.0720605957827716859 -0.0475219090593296117 0.0426671411764517963 0.574992305613834853 -0.815662327012883437 -35.2527636320456992 26.1303694570191318 0.69191316804258618 0 0 0 1 -35.4574955590154985 25.9814096215736221 0.657279038601417342 -0.0468963117933924242 0.039743806631030644 0.574854162061717466 -0.815943538570514715 -35.8878499367792401 25.9456759281372804 -0.112872141296643275 -0.0440515384220590833 0.0423104416014814799 0.575096415595916621 -0.815802305257141591 
47 1357847289.42496252 0 1 1 -37.3209310485250256 25.5734436563602614 -0.118519389117847984 -0.0114496910564613578 0.0111052230476258243 0.535196070952664527 -0.844577257705063311 -36.1260706880911826 25.7822988934193376 0.646122083518722023 0 0 0 1 -36.4634472915896666 25.596678741065265 0.615467247939015971 -0.0109547475261455255 0.00816233553699600468 0.534913212100239455 -0.844796558531001773 -36.8941582129342933 25.5616757950657103 -0.152689759607170156 -0.00799926071171956458 0.0105728252030519269 0.535304445552851393 -0.844555136013419916 
48 1357847290.13614106 0 1 1 -38.3152185263383984 25.1059085903674912 -0.171859148476036006 0.00937363034421623102 -0.000293483512403248882 0.50840082859303215 -0.861069478269620325 -37.013755571701985 25.4284978155527028 0.599577110299289062 0 0 0 1 -37.4576573414484173 25.1284899507216508 0.566517742711248329 0.00978019370717191604 -0.00324281266097924646 0.508043258718391844 -0.861269922409864108 -37.8888015016899047 25.094148424983441 -0.199003180698087173 0.0128041689079706113 -0.000936935078236452541 0.508493753607063725 -0.860969963444622288 
49 1357847290.63529205 0 1 1 -38.8974828525539493 24.7540412277033965 -0.221058262332236466 0.0723260510881368196 -0.033363331773260535 0.455437837510561383 -0.886697359075060754 -37.6367901039350983 25.1801773888765474 0.566908844619678054 0 0 0 1 -38.0399181784140836 24.7762831496604363 0.519709979333605743 0.072569765527933261 -0.0362980688458808542 0.454861437364254384 -0.886858022531343493 -38.4713770449841164 24.7421922966733945 -0.243676798138411033 0.075697390803086087 -0.0342131721800159258 0.455476875391773783 -0.886363458101885104 
50 1357847291.1352241 0 1 1 -39.2833884260550263 24.4831117941192673 -0.244434335887910859 0.053030628833234679 -0.0132628002884960638 0.37619476904783633 -0.924926670755635949 -38.1487539054377436 24.9368998004896731 0.552339824211016794 0 0 0 1 -38.425744053816814 24.5051079651953714 0.497831699673696892 0.0530048652070278722 -0.0162189348855888461 0.375682353968702809 -0.925089292626444903 -38.857456298393025 24.4712530765905925 -0.263855469114145369 0.0563232249648540212 -0.0144062039390470999 0.376231020978360975 -0.924700153818093229 
51 1357847291.53497696 0 1 1 -39.4683572702175312 24.3050890129542125 -0.236206093563787745 -0.0191506599086131886 0.0195710372423034268 0.328974675020045293 -0.943941677182325023 -38.4272733738107846 24.6803311057117796 0.583287190883462148 0 0 0 1 -38.6105327555286593 24.3269210595381438 0.506666494967462633 -0.0193401891146699929 0.0165896113988420989 0.328693525221495031 -0.94409284943596028 -39.0424316381182024 24.2933283637755544 -0.253841998697232785 -0.0159116787130148922 0.0182694631827645566 0.329093374202021893 -0.943986544529039073 
52 1357847292.23673701 0 1 1 -39.7335738854369325 23.8661934762613939 -0.262089713045208894 -0.0614468304247534694 0.0326729338282158582 0.248364495195649765 -0.966163466475533306 -38.7486807722016238 24.3842545794323122 0.618999999999971351 0 0 0 1 -38.8755597192865352 23.8878802096493494 0.481230017220111772 -0.0618882493029182315 0.0297074057813123925 0.24820873697733617 -0.966271047650751003 -39.3078783079251366 23.8543780145982502 -0.276199734632183114 -0.0583326040144650851 0.0311141490904718078 0.248549476516332135 -0.966360375201055666 
53 1357847293.1351521 0 1 1 -40.2299767615115655 22.8791574454993736 -0.285035245573853069 -0.0345784574712452442 0.0201044911188067131 0.177777731531126498 -0.983257452495230111 -39.3024878011123562 23.3399608712571016 0.60488775309592846 0 0 0 1 -39.3713467113372317 22.9005196434517515 0.458739365361588214 -0.0352290132412219834 0.0171834247573907119 0.177529596798722267 -0.983334576225274537 -39.8046375309200613 22.8673757837811031 -0.291676328100490323 -0.0315833412505954342 0.018317380512475074 0.177936800726345101 -0.983364358248702497 
54 1357847293.53553152 0 1 1 -40.4102399800522534 22.3137112247805192 -0.294400247666553705 0.0319248382390269758 0.0117706168761208419 0.116372029926445145 -0.992622691626867004 -39.4995254012894748 22.8413420139892054 0.572372915359302015 0 0 0 1 -39.5512409237438831 22.3349577264014272 0.449062466490787737 0.0310974919110494456 0.00891921716407474002 0.11593021230252426 -0.992730365928993885 -39.9850887135783211 22.3019392689181331 -0.297240948966199459 0.0348019592447145615 0.00979164906584722994 0.116401899305138834 -0.992543976395734773 
55 1357847294.2350049 0 1 1 -40.590093904657806 21.4367071926468213 -0.303874974111557727 -0.00284525140584273922 0.0267109856735149448 0.031071989549455583 -0.999156123563392673 -39.7574458007466944 22.014463265202334 0.536665299249972194 0 0 0 1 -39.7304988670524892 21.4578403932065847 0.438555560231077557 -0.00391995833854652271 0.0239269283241403154 0.0307428684493169894 -0.999233212051673036 -40.1652120190348612 21.4249485810594145 -0.301279588696225897 -0.000144679622401365027 0.0244974928137374863 0.0311439148777484728 -0.999214645849296645 
56 1357847295.14540291 0 1 1 -40.5949231130841 20.4340014868147861 -0.298975540609413004 -0.0295182052386807545 0.0191219038584990071 -0.042012454530321687 -0.998497862800242109 -39.8643397681364604 20.9111945459113713 0.543470848009128815 0 0 0 1 -39.7345672038068116 20.4551199993973931 0.441170576389530722 -0.0307901371993402895 0.0164140930236741645 -0.042274549656200533 -0.998496573580911928 -40.1702791081399866 20.4222838405184532 -0.29108775673980064 -0.0269881283463459208 0.0167215460231777795 -0.0418589270393512625 -0.998618976914654066 
57 1357847296.04584551 0 1 1 -40.450295449990584 19.3650913791616404 -0.288021029769831682 -0.0184311346449329179 0.0181313319643956715 -0.120033378883845479 -0.992433139325075486 -39.7562018068535181 19.8392004912706881 0.546970102400243463 0 0 0 1 -39.5891032161602041 19.3862927423727314 0.448866295801261195 -0.0199102396871954114 0.0155341318864280955 -0.120322754253097297 -0.992413577048945061 -40.0258803415184019 19.3534050151026769 -0.275179602078252372 -0.016096433980670833 0.0155383856356266694 -0.119903042438426782 -0.992533487494982936 
58 1357847296.84514308 0 1 1 -40.1453720186460785 18.3754212556650138 -0.279696451816066283 -0.029598879519796395 0.0185423864003595659 -0.188122884820917352 -0.981524256676526763 -39.4020790289198146 18.7966443884660599 0.546145652983545782 0 0 0 1 -39.2834218557624411 18.3968288702324152 0.453233471948429334 -0.0312526837609692493 0.0160495658215348731 -0.188375127157846295 -0.981468538804450175 -39.721179071026782 18.363705738451614 -0.263054188019863688 -0.0274491426397481426 0.0157970940401361525 -0.187969018441431324 -0.981664221867332265 
59 1357847297.64587498 0 1 1 -39.7189910157956589 17.3449085635267899 -0.257915532386535751 -0.0176261836889252087 0.0177577345337302447 -0.222709245548714713 -0.974563785731809351 -39.0473207835622489 17.752217436108257 0.545319724106108517 0 0 0 1 -38.8561854838975975 17.3665797898284708 0.470294901248388797 -0.0193667894116794186 0.0153282526470132491 -0.222991049893899784 -0.974507549383733296 -39.2949703523125962 17.3332006671971506 -0.237816047046478518 -0.0155743719280995625 0.0149359246550199495 -0.222581538599623457 -0.974675236049613147 
60 1357847298.4452455 0 1 1 -39.2410910517386782 16.350742059847704 -0.227673004492015552 -0.0210618692925976098 0.0147867651811090205 -0.239329960643619888 -0.970597197181046867 -38.634140888509954 16.8418794538981338 0.550734466441015647 0 0 0 1 -38.3774140828435719 16.372693508885984 0.4956183495537404 -0.0228424757001567079 0.0123861388649739151 -0.239602732884253433 -0.970523227574849212 -38.8171949394928859 16.3390710935193368 -0.20454421463882913 -0.019059046235201535 0.0119308775561405567 -0.2391869754832322 -0.970713138716340129 
61 1357847299.2550776 0 1 1 -38.730892639710305 15.3676368802880887 -0.190247866872011451 -0.0198399945160456226 0.0166740535534337792 -0.270491700642644328 -0.962373415280758149 -38.1138613302177021 15.8874555251029719 0.561550221921835124 0 0 0 1 -37.8663162740995816 15.3898737228743911 0.527972243111223705 -0.0216974455312197549 0.0143323788963554844 -0.270761151828919244 -0.962295278193168846 -38.3070855813613349 15.3560312383276987 -0.164296461774290081 -0.0179301200055695872 0.0137549947632687117 -0.270357396507888148 -0.962494773528212333 
62 1357847300.04674292 0 1 1 -38.1648589809504912 14.510875421925757 -0.163772838264638398 -0.0208045292415830994 0.0108538423367951966 -0.293491874694095267 -0.955673524357617543 -37.6043990853916696 14.9544499917364213 0.572003117861101917 0 0 0 1 -37.2995374339735903 14.5334610104102282 0.549360446904926136 -0.0227153768146681374 0.00855678104331855302 -0.293761559049773635 -0.955570478603745221 -37.7411590861699153 14.4992599309662982 -0.135919128162918457 -0.0189658842555292945 0.00788990246947840479 -0.293340820456422957 -0.955787218855421172 
63 1357847300.85543108 0 1 1 -37.584558463118654 13.5857236614494639 -0.126714162310227807 -0.0204484673251415471 0.0133525853580399086 -0.271243021002828932 -0.962201014448419656 -37.010078518136666 14.0020763829160888 0.572276116554101155 0 0 0 1 -36.7183874794873475 13.6086423543607218 0.581096120240679248 -0.0223065094043243088 0.011012111754247652 -0.271511990668424852 -0.96211350263686457 -37.1609350516304104 13.5741508120525687 -0.0966644777915265235 -0.0185412190296054269 0.0104320502130124722 -0.271098590423075103 -0.962316449924800699 
64 1357847301.65671802 0 1 1 -37.0117276987624848 12.6259104129821509 -0.1113922938281664 -0.0151777520796345204 0.0146390684443802425 -0.274580018705903761 -0.96133300517789122 -36.4211972564031043 13.0584190314732531 0.572546616724619373 0 0 0 1 -36.1448047497517706 12.6492052875260956 0.591056626892638715 -0.0170444066132512777 0.012306712469289622 -0.274860506167277807 -0.96125425105997242 -36.5882896146094012 12.6142685682193658 -0.0789296052234756684 -0.0132803075355287185 0.0117110329967843336 -0.274451169374824222 -0.961438006720506944 
65 1357847302.45558596 0 1 1 -36.442016686113206 11.6634132882256836 -0.0881815821851370529 -0.0163107353582944564 0.00853473338730227279 -0.276229190258633739 -0.96091547634905905 -35.8340937607946159 12.1176104751646534 0.572816300285625357 0 0 0 1 -35.5742989870136768 11.6870623288423126 0.608916862535789916 -0.0181792398734423842 0.00620507225772635052 -0.276512344095448059 -0.960818367787971139 -36.0187283632909612 11.6517448135502768 -0.0532776429496277446 -0.0144189996919884648 0.00560351401106441802 -0.276081741360218236 -0.961009659247044179 
66 1357847303.25525403 0 1 1 -35.8723234133925075 10.7024342665884475 -0.068653255143971692 -0.0145173539498902465 0.0100814312540815701 -0.250434732002843385 -0.967972136058072197 -35.281417844987871 11.195087003683005 0.571397830242936888 0 0 0 1 -35.0038347774759231 10.726444363477416 0.623098438787531461 -0.0163235793193302163 0.00770332107776816686 -0.250722624592122356 -0.967890678289762385 -35.4492013955705119 10.6907197862598373 -0.0313158731289044229 -0.0125476172256768059 0.00720152795868925829 -0.250294664891294094 -0.968061607556034209 
67 1357847304.06674004 0 1 1 -35.3477305365742822 9.70704113155129988 -0.0507389093991510443 -0.00524977778914356274 0.00841958827378341303 -0.261234920335588594 -0.965224257239592709 -34.7431433210796357 10.2053182102029769 0.565965889824774804 0 0 0 1 -34.4784571830300663 9.73138248840096942 0.635834780407873223 -0.00708195141986543708 0.00606474067939753985 -0.261548250799493787 -0.965145365936294408 -34.9247907199433385 9.69528544942510528 -0.0105799745286981155 -0.00331235535127966498 0.00551636577133623237 -0.2611120877207177 -0.96528704314148539 
68 1357847304.86496592 0 1 1 -34.8053709546304617 8.76741160945512021 -0.0327604849892423333 -0.0140540311721604264 0.00989134059485622698 -0.268133232454545734 -0.963228537390024231 -34.1426404788348137 9.16820457853631865 0.565098490446172108 0 0 0 1 -33.9353536771604141 8.79209507019327852 0.648666071050702953 -0.0159033079085291809 0.00754683931918740877 -0.268419076638465814 -0.963141385939992878 -34.3825987374346482 8.75560923654490431 0.00984528316986536291 -0.0121374461566164417 0.00697576333183773292 -0.267994276269589271 -0.963318788882202015 
69 1357847305.66673493 0 1 1 -34.2509594467978502 7.79016715928174719 -0.025369839956159157 -0.0161972378369096177 0.0080135817400321524 -0.247379515187302501 -0.968750126430879765 -33.6047264514883679 8.246695113066556 0.555607440457880464 0 0 0 1 -33.3802325387938623 7.81522484350270208 0.650756918912592797 -0.0179951073818110895 0.00562928622853833133 -0.247662869954862946 -0.96866278450893073 -33.8284133912733651 7.77825955862184149 0.0198253635629070044 -0.0142187073926508534 0.00514015742167858985 -0.247230085404173405 -0.968838836965574934 
70 1357847306.46568489 0 1 1 -33.7442158116656898 6.7928247069857548 -0.00850533993911994912 -0.0121532718163752784 0.00656901998542589599 -0.243843013984123308 -0.969716314440324911 -33.0932220750484873 7.28597482136631491 0.542391936517938822 0 0 0 1 -32.8727142633769063 6.81820007315811072 0.662537283518580655 -0.0139420052980063717 0.004179426809698252 -0.244138789682827706 -0.969631066051421908 -33.3218570941123531 6.7808754875371644 0.0396036869928123175 -0.0101642985435464687 0.00370212666321713966 -0.24369898039651236 -0.969790589894018118 
71 1357847307.27528691 0 1 1 -33.1935912202703776 5.81773521152826945 0.00110432197729681825 0.00108925983890566323 0.0198809368039089621 -0.290854210425990023 -0.956560186366898879 -32.5652665507636243 6.30496450727840418 0.528398388593916191 0 0 0 1 -32.3213727398697515 5.84347481719746309 0.666873042074840106 -0.000818225980271877133 0.0175861747899398735 -0.291165658461231214 -0.95651064620073134 -32.7714478454523288 5.80569347985535078 0.0518088015263134527 0.00293739246928107324 0.0169188493327863294 -0.290777096783839728 -0.956636714875975014 
72 1357847308.07493353 0 1 1 -32.5950805479916852 4.92701654935572364 0.0165351187901657815 -0.00632476626970755219 0.00840646485877346965 -0.282000040325091184 -0.959356714646256492 -31.9944525154305275 5.40217199720724928 0.51731623420029138 0 0 0 1 -31.7221735707807859 4.95313937096071655 0.676961022379732769 -0.00820706321844536131 0.00609130066450664677 -0.282304786074326852 -0.95927032057135575 -32.1731043232125913 4.91489813347239668 0.0691714625737616939 -0.00445045879082320815 0.00546229657548319425 -0.281875433038734191 -0.959425138810683253 
73 1357847308.87506294 0 1 1 -32.0768083105296 3.99863771167245297 0.0240238153581929792 -0.0166297080270996767 0.01056588282358468 -0.269370408938757189 -0.962835083344628972 -31.4346802817627768 4.44607939186724455 0.502724699948702503 0 0 0 1 -31.2032303214212448 4.02510484886323283 0.679461477927884916 -0.0184819467972096307 0.00822304197788359566 -0.269645132557214895 -0.962747267828591213 -31.6550446461821515 3.98642420349160131 0.0791587706164290639 -0.0147168888458167058 0.00764829793449012686 -0.269227426739221176 -0.962933803235083596 
74 1357847309.67531109 0 1 1 -31.492138481284389 3.07175852322810172 0.0307927651237709377 -0.0140321986270124047 0.00668120074753698976 -0.283894984786856819 -0.958729417808347861 -30.8748249826196783 3.48984491045342393 0.488131000436574092 0 0 0 1 -30.6178967064343972 3.0986174375224862 0.68088070236093412 -0.0159182671171204174 0.00436728685337226495 -0.284179444929461178 -0.958629009918389619 -31.0705909711443056 3.05942727888263732 0.0881134446119515441 -0.0121640790415003166 0.00373454966192639844 -0.283748254676870759 -0.958814380517795772 
75 1357847310.47484708 0 1 1 -30.9094091946736533 2.12570132317498661 0.0346222731573729847 -0.00833831560506272627 0.00796923395584899288 -0.252269298379753537 -0.967588324081070206 -30.3154679095305468 2.53446140059078173 0.473550288139770514 0 0 0 1 -30.0345075683744334 2.15295672466000587 0.679327108702361571 -0.0101480641702601983 0.00559653957423527065 -0.252570828672343206 -0.967509003597463391 -30.488096275642711 2.1132377371445501 0.0942384660144064135 -0.00637412151195150024 0.00508455306927330705 -0.252138048915709789 -0.96765692380306767 
76 1357847311.18516541 0 1 1 -30.4339840236067651 1.2275491934149052 0.0393550592122176024 0.00431302462771645384 0.000567312552887808824 -0.242956945746557795 -0.970027318423833051 -29.8185277024449888 1.68568607964008943 0.460596590874063627 0 0 0 1 -29.5584494446284971 1.25512338925854627 0.679377125044481556 0.00252861369698057989 -0.00181839188484933349 -0.243302402383860722 -0.969945483291698496 -30.012887922030334 1.21498784672939109 0.101507892216972651 0.00630393914706985428 -0.00230017591074198335 -0.24283506442213415 -0.97004438095847334 
77 1357847311.98503208 0 1 1 -29.9723704193422833 0.274857523977008356 0.0426647624539001624 -0.0057515820207053427 0.00724963866247616516 -0.20859089633190428 -0.977959201608623041 -29.2589392803311306 0.729907424969451601 0.446009848022303312 0 0 0 1 -29.0961735695534784 0.302743689194727439 0.677954457722161785 -0.00745286551360194345 0.00479907759894745555 -0.208903700353599897 -0.977896041319530562 -29.5515116495524168 0.2621956375111274 0.107704387586962699 -0.00365990432003605653 0.00445555979235702938 -0.208462617722802085 -0.978013338405699817 
78 1357847312.78675795 0 1 1 -29.5648496876636386 -0.722710915090646111 0.0350491354491488938 -0.00705810721345773336 0.00519452955690217263 -0.208075753713774625 -0.978073453633054313 -28.8559423327280768 -0.223130405306986357 0.424954784847491274 0 0 0 1 -28.6880197907718646 -0.694525498300375688 0.665800750530237795 -0.00875735036939912469 0.00274262543643852144 -0.208387252865312733 -0.978003343380518086 -29.1442894826465064 -0.7355147549721327 0.103460196102568791 -0.00496521608431262692 0.00240173057761797161 -0.207939096853357097 -0.978126224124105104 
79 1357847313.58488488 0 1 1 -29.1532383270678963 -1.70363739239621292 0.0322667757051658954 -0.00963138130107191008 -0.000630781742363667464 -0.181547681046577564 -0.983334774181833349 -28.4271935616326274 -1.23733237717052047 0.402543754129365716 0 0 0 1 -28.2757606711483973 -1.67516148344727855 0.658496151173259769 -0.011261685352602897 -0.00312853115723816556 -0.181860699718789071 -0.983254836059101023 -28.7329501360870978 -1.71655915897004041 0.103942891324564982 -0.00746449522096234806 -0.00336557423268647651 -0.181389291522866564 -0.983377282197434699 
80 1357847314.29538393 0 1 1 -28.7892252102245401 -2.64546252980809049 0.0324754715717266995 -0.00845229621790444946 -0.000438815631863580941 -0.225182251917041304 -0.974279897950818041 -28.0559404557573444 -2.10623086609319321 0.38132659419526338 0 0 0 1 -27.9111095977616657 -2.61673624402745686 0.654534369037349184 -0.0101921705801828032 -0.00286105310986147507 -0.225494981603883982 -0.97418681335020707 -28.3691845706434655 -2.65847351715120572 0.107429710180427518 -0.0064094269206452139 -0.00326763088356216624 -0.225028080330933467 -0.974325718072520441 
81 1357847315.09489202 0 1 1 -28.2640981317996562 -3.62635519875022361 0.0285508746323188678 0.000471200163434582343 -0.00152798689145593148 -0.248245355889736702 -0.968695868942179072 -27.6049170360676648 -3.12320519058996915 0.352421297646286713 0 0 0 1 -27.3853434386311783 -3.59725705873016288 0.645463751787707318 -0.00132527585298390324 -0.00390524615155555177 -0.248581950970565235 -0.968602088758885982 -27.8443358147664881 -3.6395222521615751 0.106248541505942068 0.00244621151093627962 -0.00440578412445561448 -0.248109484828804988 -0.968718890418411083 
82 1357847315.9051621 0 1 1 -27.7644753099712354 -4.61681197034756963 0.0250075444978036243 0.0029504905936026905 0.00794412136999393149 -0.234433612742679792 -0.972095194287746378 -27.0328126899089973 -4.13868271529055232 0.3170274317850304 0 0 0 1 -26.8850721788739051 -4.58736076132026493 0.636892663140898541 0.00118482931546966611 0.00554244601113028715 -0.234767543681125679 -0.972035018867961287 -27.3449916912189686 -4.63012567924589469 0.105616066356961386 0.00496743555095877434 0.00509441394947126799 -0.23432799982848071 -0.972131554897248562 
83 1357847316.70529962 0 1 1 -27.3228821173979348 -5.60833412844439572 0.0162302077608315054 -0.00379615812549479728 0.00445276329658486104 -0.207334452083864307 -0.978252619245966959 -26.5934628546153711 -5.11697708327205003 0.289999874936422042 0 0 0 1 -26.4428576932974941 -5.5785582538494296 0.623404314052966368 -0.00549312894345325466 0.00200067180923315041 -0.207656358990251422 -0.978184368827080708 -26.9037008194966738 -5.62180549372711713 0.100021896586165754 -0.00170120840985670809 0.00166105605528975601 -0.20720354801838925 -0.978294963940486872 
84 1357847317.50487304 0 1 1 -26.8659827053170908 -6.57518025247969184 0.0240077797485410693 -0.0098551155870981906 0.0192563450968914751 -0.265134385435171094 -0.963968789707523976 -26.1276508831080143 -6.0786397732102726 0.262461331047880497 0 0 0 1 -25.9852627109405105 -6.54510713615538631 0.626443347648023008 -0.0116996070020024129 0.0169078569288828202 -0.265417729405384384 -0.963914245401198189 -26.4470213247493646 -6.58872691980129499 0.110782217736211053 -0.00792844180176920446 0.0163462959996814386 -0.26503010105834951 -0.964068972610719332 
85 1357847318.30502009 0 1 1 -26.3105978168753012 -7.50749482450345784 0.0171277976420993738 -0.00632955692281768952 0.00505543233781711315 -0.260265723481492017 -0.965503046340970505 -25.6278972020788487 -7.01071197710739469 0.232828600756361942 0 0 0 1 -25.4292877919724809 -7.47702203764680284 0.614363294313399311 -0.00815748875438856817 0.00269841197092189101 -0.260576068164183383 -0.965415085157753428 -25.8919157116004008 -7.52122213891903524 0.106251407057985803 -0.00438961129434504993 0.00215425976039789434 -0.260132101511915514 -0.965560655909593279 
86 1357847319.10553241 0 1 1 -25.8215666259827685 -8.43783335761553133 0.0198832867488913934 -0.00908517398949451084 0.0148478792622869539 -0.240778475711283635 -0.97042399276251623 -25.1165372063147245 -7.90705082686278882 0.204216776814135775 0 0 0 1 -24.9396131740476008 -8.40702913186190415 0.612287943420356529 -0.0108685428379900681 0.0124539142295859856 -0.241072260236425945 -0.970366394791906339 -25.4031182025299032 -8.45167186316733599 0.111650271107022026 -0.00708618481336075259 0.0119869218388664531 -0.240663769822351464 -0.970508655079651672 
87 1357847319.90525603 0 1 1 -25.3701524656281663 -9.33637848393031611 0.0260639617515616706 -0.0103724585563323441 0.00960243769804796851 -0.237981363251559691 -0.971166863128412938 -24.5977032802553879 -8.87920830421216856 0.206714950759445126 0 0 0 1 -24.4875571568231329 -9.30527708913799856 0.61391780145806274 -0.0121471265016414864 0.00720278919665401016 -0.23827847042668554 -0.971094196088443828 -24.9519132509328507 -9.35029992410441224 0.120479937407740739 -0.00836579276013711334 0.00674732833609107373 -0.23784989760658537 -0.971242458544907539 
88 1357847320.70544147 0 1 1 -24.8866883337831908 -10.3461348115626848 0.0131733229625146109 -0.00994853005041997432 0.0125178608880680501 -0.22922010067149412 -0.973243276553592884 -24.1046364567024831 -9.8519874907273195 0.179554759437705741 0 0 0 1 -24.0034793513796778 -10.314669103004265 0.59604451368014244 -0.0117024844850221639 0.0101025611297491987 -0.229516431628319278 -0.973181996200145893 -24.468774966494518 -10.3602468815497097 0.11067606695442532 -0.00791588770882304532 0.00968092721873890782 -0.229097111743550019 -0.973323241148967067 
89 1357847321.41588259 0 1 1 -24.4036306597326842 -11.2429493199509771 0.0172670957094147592 -0.00256947434050487427 0.00646195406438595989 -0.24667841614268371 -0.969072443092166558 -23.6566584346824875 -10.6764430480712349 0.158498164468709513 0 0 0 1 -23.5197915248350142 -11.2111584213059032 0.595417714937153786 -0.00436450877179523494 0.0040808033152949794 -0.247001182734137542 -0.968996756359596922 -23.9859357594089957 -11.2571641552941806 0.117264422044199734 -0.000588762473487086722 0.0035877629170422802 -0.246556994505936822 -0.969121473178775616 
90 1357847322.21544099 0 1 1 -23.9062928421988765 -12.1954546215728321 0.0226912163486912011 -0.00831430522787075799 0.0125511460861037344 -0.25839261576201461 -0.965922666252411299 -23.0985556903754734 -11.6474510666033844 0.138510627878908221 0 0 0 1 -23.0217765435417085 -12.1633313651905741 0.595914590834009661 -0.010139983958245731 0.0101900930750288797 -0.258692240584017075 -0.965852818699655669 -23.4888247129669736 -12.2097684391502224 0.125410213562367895 -0.00636792280462878009 0.00965414608102401102 -0.258274427127453299 -0.966002364031572469 
91 1357847323.02596951 0 1 1 -23.3216741224957858 -13.1283534517953271 0.0255067864606760564 -0.00943552362401317395 0.0104410800733319258 -0.296127145019359828 -0.95504485168159825 -22.5327956546840795 -12.6317815269445415 0.118248857927444828 0 0 0 1 -22.4365086490060008 -13.0958298463031184 0.593368406811239479 -0.0113516413634214258 0.00815294343671388311 -0.296423041714081181 -0.954954475403223646 -22.9044404718705046 -13.1428048069297088 0.130443503915621123 -0.00760469190922930319 0.00747007363066920851 -0.296002153744126695 -0.955127788120394117 
92 1357847323.82521105 0 1 1 -22.7379965758266316 -14.0800340131427824 0.0243069317854871514 -0.00832532283998690774 0.00403624094468204089 -0.237728127322971217 -0.971287668632810353 -21.9749140818160349 -13.602404743138953 0.0982692422308377306 0 0 0 1 -21.8521895336401073 -14.0471005424423989 0.586768901710599811 -0.0100973007229868909 0.00163670048695779531 -0.238041419737989979 -0.971201136850007862 -22.3210205507292478 -14.0946433869736083 0.131564513513452885 -0.0063185164064844786 0.00118126762963914091 -0.237587103035254488 -0.971344969322703533 
93 1357847324.62495708 0 1 1 -22.240226408106988 -15.0320891645342751 0.034583332242202558 0.0318982531191099733 0.0277101414865602164 -0.296805233870915952 -0.954002779164492276 -21.6816563863801974 -14.1545212732254146 0.0747903263990416511 0 0 0 1 -21.3537118583451289 -14.9988314504687033 0.592116920068886721 0.0299752546085674323 0.0254401498853744461 -0.297196571352273009 -0.954006541309552425 -21.8234543228722515 -15.0467719333200556 0.144558121990524563 0.033726866844991793 0.0247340641272707218 -0.296820882623926974 -0.954016817547217788 
94 1357847325.526721 0 1 1 -21.6247116774951635 -15.8312492521540999 0.0360022733034782716 -0.031753148741646503 -0.00810182858867453115 -0.331776722195793683 -0.94278857891232748 -21.4149523128696444 -14.6827418567429469 0.0453544778601659287 0 0 0 1 -20.7376451442948557 -15.7975633038058962 0.588312474697114007 -0.033746395796384672 -0.0103231275870119803 -0.332031310415943914 -0.942607989946535052 -21.2081459085516606 -15.8460871931992511 0.147349934120166559 -0.0300387828948342865 -0.0111352444452238238 -0.331553421245971036 -0.942892362209724277 
95 1357847326.43550205 0 1 1 -20.9887602103903887 -16.743776208155257 0.0513046417967480961 -0.0343240047509021373 0.00074368143694878569 -0.292906673656717187 -0.955524458171081004 -20.2384084344960797 -16.3381915227755208 0.0334574587189825773 0 0 0 1 -20.1009825255292789 -16.7096800599389219 0.598017955542026414 -0.0362281125992147887 -0.0015583225878590401 -0.293149995362928351 -0.955378550997941334 -20.5723662121522466 -16.758700461348603 0.164526830662376056 -0.0324856644465928573 -0.00221656226753747443 -0.292699325223118645 -0.955649974347882569 
96 1357847327.23621154 0 1 1 -20.3312514905379764 -17.6691463192675258 0.0570850618180751557 -0.00896611304793556996 0.0054837886065361198 -0.345887088554960309 -0.93821727699414259 -19.5843039059183042 -17.2199931718972508 -0.0117007850549979003 0 0 0 1 -19.4428048901413568 -17.6345992268051468 0.598053735193832758 -0.0109977122708494832 0.00329927054497078853 -0.346189632394573066 -0.93809429353407181 -19.9150763708798735 -17.6842126725289361 0.172150487615232745 -0.00729448141563089538 0.00242063719515767974 -0.345752554525816824 -0.938294251338735785 
97 1357847327.93535495 0 1 1 -19.6636865460575798 -18.4740664242311894 0.0421598554052005081 0.0694720372584999857 0.0355207531049016034 -0.348105945357449098 -0.934202420755165353 -19.0131693328671005 -17.9899426010535173 -0.0511309267995794445 0 0 0 1 -18.774767563733608 -18.4390121034286558 0.577606369909026363 0.067427867778589376 0.0333778069481464601 -0.348589566131477513 -0.934250886558013249 -19.2477943843530781 -18.4893880413600229 0.158389718199087398 0.071131582316762143 0.0324502633659469811 -0.348231165869871018 -0.934142565950992765 
98 1357847330.44673395 0 1 1 -19.3469923697494934 -18.8333285154274179 0.0530364941787949684 -0.0128819004640149653 0.00596189121332974144 -0.357106905516795969 -0.933955657687137619 -18.4999710653124154 -18.6073288070607568 -0.034094543307685278 0 0 0 1 -18.4577667718271883 -18.7980797656522256 0.585914963225984242 -0.0149395097409879152 0.00380054764414351895 -0.357399415608664006 -0.933824407803142131 -18.9311462163189859 -18.8486772239490428 0.169699572517455322 -0.0112471523137039012 0.00287956507906113627 -0.356965329218787764 -0.934045482514374248 
99 1357847368.95571995 0 1 1 -18.6631227066757468 -19.642112145388495 0.0508244042228751525 -0.06973567660034663 -0.0140874492324062333 -0.350657275049511774 -0.933797598325283418 -17.8440252698706416 -19.3481684957637512 -0.037526516354883438 0 0 0 1 -17.7733485404069356 -19.6063709053993769 0.578082118309365289 -0.0717678225762348049 -0.0162762827367153931 -0.350818146630239414 -0.933547583285321725 -18.2475020136147776 -19.6576536265206379 0.168597017581539665 -0.0680888698590182279 -0.0171447127310219299 -0.35033256457651335 -0.933989860129078475 
100 1357847369.85592747 0 1 1 -17.9639767689674805 -20.475293646762843 0.0674186674425500954 -0.0168171257717741537 0.00570962781554664508 -0.322232204182138438 -0.946494052289239107 -17.1810025184956174 -20.2118633577211284 -0.0665156152075313534 0 0 0 1 -17.0735310619352809 -20.4390899266284336 0.588915264265019278 -0.0187930931217501172 0.00347224048230798058 -0.322522243360019556 -0.946368937431364965 -17.5485013742171176 -20.4909328706630554 0.186358421916114125 -0.0150693170261393221 0.00269066464467041747 -0.322079666237697404 -0.946588804394151495 
101 1357847370.56502795 0 1 1 -17.3499743952951633 -21.354159994087027 0.0660727423779825518 0.00152317819249022084 0.00832921991238175577 -0.312299083734763172 -0.949946096535099538 -16.6221638014375017 -20.9426489369439359 -0.0911929395047302721 0 0 0 1 -16.4589188224052982 -21.3175117169083315 0.582171524895449433 -0.000430454471635463251 0.0060775861092651302 -0.312639657413952665 -0.949852263390533191 -16.9347373619101766 -21.3699665568490609 0.186811351533361092 0.00330311868413535499 0.00532595177611197915 -0.312195273681192098 -0.949997281435985275 
102 1357847371.36467409 0 1 1 -16.6967804004352161 -22.2715041129192599 0.073379883490305442 0.0133810482862107179 0.0197950340765210495 -0.332012975289692647 -0.942972156753293267 -15.9919664851911456 -21.7667491589223943 -0.119021332687836018 0 0 0 1 -15.8050367572316581 -22.2344001928540713 0.583776826319577391 0.0113770108167006445 0.0175895451172790353 -0.332372255449238097 -0.942915614111374478 -16.281752021001811 -22.287442852356353 0.195939343450393932 0.0150988369261558578 0.016754324102892227 -0.331967467353993073 -0.943021165385967475 
103 1357847372.26509905 0 1 1 -16.0323264138986872 -23.0609670821669361 0.0752167674122528607 0.0260997527432926466 0.0186539662900815709 -0.288444898286432938 -0.956958919233692584 -15.3345863659494199 -22.6464209262329241 -0.136732965016101493 0 0 0 1 -15.1400143277813246 -23.0233849794738958 0.580144486471359633 0.0241997703924705203 0.0163646815648259281 -0.288847834752135824 -0.95692920149258498 -15.6174990112089862 -23.0770715111594988 0.198873313816361197 0.0279541564103298473 0.0156939194312110571 -0.28842412434968262 -0.956965929657577874 
104 1357847373.17483091 0 1 1 -15.4789637786993239 -23.9691290058939046 0.0898869670327846482 -0.0303474514339943692 -0.00540905080419193038 -0.300383372273954397 -0.953320305050818773 -14.7130339015727802 -23.5311459920677564 -0.128981636552299217 0 0 0 1 -14.5859211802344326 -23.9311776038920705 0.589682788692085014 -0.0322668450696634648 -0.00769544711952995213 -0.300659537044744685 -0.95315448568787664 -15.0643073740416362 -23.9852988057689203 0.21577454622998174 -0.0285329070664290113 -0.00838441960760308129 -0.300170224608500624 -0.953421948027558641 
105 1357847373.97562194 0 1 1 -14.9039354411634619 -24.7978847031032323 0.0810216238775154363 -0.0227258739637891533 -0.00150403923501123485 -0.291951562282456833 -0.956161888907623436 -14.0827806759197891 -24.3990917005099455 -0.163978671024994804 0 0 0 1 -14.0103467697967865 -24.7594917724173982 0.575749719946207494 -0.0246267913290917906 -0.00380517147991658606 -0.292247510181374792 -0.956018009564479465 -14.4895379190451319 -24.814250567524077 0.20862390328335767 -0.020884013723956301 -0.00446482531180803117 -0.291765985552111973 -0.956251291753646537 
106 1357847374.6755209 0 1 1 -14.3677512065240833 -25.7255219388541647 0.0588011428222158794 0.00699955175192899012 0.0126676020776869593 -0.251181428521413397 -0.967831818085567841 -13.5783055057283129 -25.2301327617773232 -0.210686165304426909 0 0 0 1 -13.4736131220245881 -25.68668242723205 0.548447832078053255 0.00519185824697829344 0.010298617282379241 -0.251549700996864634 -0.967775661513763485 -13.9536985591142564 -25.7421416535122951 0.188816643798275868 0.00896745258333699925 0.00978308889582913885 -0.251100207913011297 -0.967870116054765139 
107 1357847375.38485694 0 1 1 -13.844323148780358 -26.7028835859914579 0.0300695542704941254 0.0283859156483303801 0.006750757585568758 -0.227305052748489972 -0.973386398127605301 -13.0969322107610804 -26.0708958466166543 -0.279758998781384716 0 0 0 1 -12.9496300988890312 -26.6635893063478662 0.514590757315592673 0.0266396214505642132 0.00434722728799247834 -0.227743563805389682 -0.973346958349949221 -13.4306575939451296 -26.7197869604712572 0.162818404014856977 0.0304223472794895693 0.00391341436471012282 -0.227256960331134988 -0.973351652772557419 
108 1357847376.18673205 0 1 1 -13.4707918918194984 -27.6372102146321232 0.00825377510837210782 0.0223997423247786175 0.0173536235512145587 -0.147185570888179157 -0.988702943768120401 -12.6154945934289202 -27.0403403244784606 -0.363569152543487317 0 0 0 1 -12.5755308249904267 -27.597589072324773 0.488572386986051321 0.0208520642800403833 0.0148136546610831768 -0.147604137426436882 -0.98871571529203528 -13.0574688404320209 -27.6543195717522075 0.144198224360581773 0.024661934072793875 0.0146923694321579555 -0.147150182122641943 -0.988697500345546265 
109 1357847377.08525705 0 1 1 -13.2027290582368906 -28.6172202360021366 -0.0284478905632662427 -0.00443676420272349006 0.00885654191463415216 -0.135066277199864165 -0.99078704954803154 -12.2846637481662722 -28.1163973942058441 -0.375419326488231064 0 0 0 1 -12.3069414559035408 -28.5773169645319811 0.448143071987683106 -0.00595015183689319872 0.00628670851884727006 -0.135424283999322381 -0.990749885840209399 -12.789827170724994 -28.6345836952882387 0.111417165358496231 -0.00214221914067182868 0.00622596900505108502 -0.134946852937887968 -0.990830961914928032 
110 1357847377.88532495 0 1 1 -12.9527591527933019 -29.6807139959298141 -0.060244537452627922 -0.00671124021729820747 0.00552362900993225332 -0.139221339326539434 -0.990223140233266408 -12.0122285929016819 -29.143634889287533 -0.432622511297225731 0 0 0 1 -12.0563496721641759 -29.6405519061151459 0.412526124942945771 -0.00823409810825939149 0.00295926085650146829 -0.139579355034437858 -0.990172230499167916 -12.5402766227715041 -29.6982995103956853 0.0840629406503254073 -0.00442814988569053321 0.00288375398514123917 -0.139088135770352866 -0.990265906683387209 
111 1357847378.69513345 0 1 1 -12.6240172852052623 -30.7587113211993284 -0.0908046633191715857 0.0281741292913607992 0.0139570389283929334 -0.105303695610309264 -0.993942931557861953 -11.7364766198651118 -30.1833786983081183 -0.490522128032577776 0 0 0 1 -11.7269639268949959 -30.718230360651372 0.377679416762611853 0.0267367812475788717 0.0113570314732295372 -0.105752258251020886 -0.993968119327498734 -12.2119526236324809 -30.776533975707526 0.0576595715725032668 0.0305458221902838827 0.0113930706055709631 -0.105272670544501123 -0.993908856749614156 
112 1357847379.49517059 0 1 1 -12.5358207353303577 -31.7652329395828339 -0.117752799334511937 0.00631828670187934566 0.00845009007948748815 -0.0146683505916590535 -0.999836744034605651 -11.585391778415822 -31.1752682674133901 -0.512954958566405161 0 0 0 1 -11.6381485531588087 -31.7246275482990043 0.347931258910639862 0.00512552484997498732 0.00572125608545729063 -0.0150686411707583474 -0.999856955907735823 -12.1241363381515139 -31.783207853957073 0.0355974678671635639 0.00891309242694830577 0.00611369035973841502 -0.0145725790562098376 -0.999835396209408422 
113 1357847380.39601159 0 1 1 -12.5441816972338778 -32.7861252885710854 -0.150618226312595749 -0.0148414028903226421 0.0110466838655051414 0.00371287951481946883 -0.999821943178649808 -11.5364338001673055 -32.316198015980703 -0.555582557451621328 0 0 0 1 -11.6459051109641063 -32.7454575448249798 0.312763599346604471 -0.0159845699011224827 0.00828842526053548759 0.00337087983938409545 -0.99983220227240388 -12.1329070570076638 -32.8042565550528593 0.00813733961696581562 -0.0122039343141533037 0.00876140538985726441 0.00385015692097838511 -0.999879731795046633 
114 1357847381.19597602 0 1 1 -12.5676329448005681 -33.8099950174956234 -0.17498712694336821 -0.0126592907884239443 0.0120408903263338699 0.0166525618513609919 -0.999708683317630298 -11.5812748236159102 -33.3229706158257031 -0.628123487233254729 0 0 0 1 -11.6686973506867435 -33.7692957956749211 0.286168427507014989 -0.0137671940583593659 0.00926891833492307117 0.0163029037880585113 -0.999729346797790797 -12.1567292863649001 -33.8282337431005118 -0.0107414903503633523 -0.00999227421347218328 0.00978957923617222031 0.0167819486003040544 -0.999761313912274963 
115 1357847381.89592099 0 1 1 -12.6573748813474793 -34.82059813116296 -0.204830093676887426 0.0303438300674173586 0.00504786676650780149 0.0890314076506205088 -0.995553704965079445 -11.7357286148553506 -34.2325006897915003 -0.645090644638058541 0 0 0 1 -11.7578143602479219 -34.7799077285144733 0.25449417063013019 0.0294422096176473122 0.00222140106565637966 0.0885540552174143153 -0.995633668060038723 -12.2468629785381946 -34.8389549360145736 -0.034859444949144662 0.0331650224224192686 0.00299067095269525598 0.0890792139081812429 -0.995467744743381289 
116 1357847382.69538498 0 1 1 -12.8937651666123045 -35.7953835350750467 -0.249041588268264391 0.00100775465643489345 0.0198030466367975673 0.100371542420963786 -0.994752420075714183 -11.9121428310727495 -35.2713488387248191 -0.664470212798773718 0 0 0 1 -11.9936787965069076 -35.754787948035883 0.209340043797676567 0.000132367620993769687 0.016953943921634438 0.0999892927787374153 -0.994844051896538684 -12.483700123483672 -35.8138939501839388 -0.0728601448093341986 0.0038550178245888452 0.0177812728137034456 0.100447617002788564 -0.994775975490541309 
117 1357847383.50499892 0 1 1 -13.1778651070957835 -36.8582582330055715 -0.310575146904286781 0.00381977023451271014 0.0120452439156001987 0.143568965026789092 -0.989559636270349374 -12.0907967935658043 -36.3233861530351589 -0.684095823010648529 0 0 0 1 -12.2772716240437809 -36.8177569638151851 0.146923701722416783 0.00307213328316395182 0.00916197414597836116 0.143169250764089095 -0.989651042470268139 -12.76834785229922 -36.8769989685765225 -0.127500282124647618 0.00675158751006060733 0.0101485955350326656 0.143657838260884935 -0.989552347064555082 
118 1357847384.30517602 0 1 1 -13.4418053053379474 -37.8517040580355015 -0.37940897868617085 0.026601835075041845 0.0192893371406668603 0.121351445853552703 -0.99206556760758835 -12.2881970722483427 -37.3039311254548878 -0.765062968362362983 0 0 0 1 -12.5407946880219789 -37.8112658530736212 0.0772561046656879691 0.0257871060173697556 0.0164340461401221438 0.120893805612407312 -0.99219435346874596 -13.032851753349977 -37.8707200961015999 -0.189898061850247879 0.0294900089901484024 0.0173255124362173968 0.121369226238154132 -0.992017982150996791 
119 1357847385.00500393 0 1 1 -13.7068218789644511 -38.7870434069838765 -0.481102482377232077 0.0538621281747744471 -0.00588600985727530911 0.211523810482275421 -0.97586981900020997 -12.5196136981177251 -38.1939277184379549 -0.94456834499641551 0 0 0 1 -12.8056160711255185 -38.7465946112826316 -0.0251310216182733075 0.0533239740292615685 -0.00878898642130507453 0.21096589843420549 -0.975998307995081249 -13.2985680579126271 -38.8065079847257621 -0.285455188138250604 0.0569114271944498665 -0.00757908163559711367 0.211542262279096643 -0.975681053544698917 
120 1357847385.90514207 0 1 1 -14.242736689960644 -39.6604593854675471 -0.571888670537451294 0.00792238100191426306 0.00775717440696283098 0.263365088591093699 -0.964632516679738483 -13.014432163683324 -39.2136521787505785 -1.06236702738926247 0 0 0 1 -13.3413165370809033 -39.6202508263791984 -0.114979838398583528 0.00753410624352132945 0.00480654147858331111 0.262950990519435379 -0.964767801591125851 -13.8351137346814657 -39.6802416969849432 -0.369186256382440348 0.011063316497243094 0.00623209777531058984 0.263451253090031146 -0.964589135969659006 
121 1357847386.71533704 0 1 1 -14.7757529078811451 -40.5298847934945599 -0.676004595886376625 0.00397731405912695249 0.010105088913892387 0.270637190918917914 -0.962620163430225828 -13.576660084216627 -40.0837852096592329 -1.17351088081592803 0 0 0 1 -13.8741901057589399 -40.4898859934192288 -0.21816503864687331 0.00361025248916063473 0.0071500094301277942 0.270234972498590242 -0.962761083073469415 -14.3688207645904509 -40.5500559321986174 -0.466281026003990351 0.00712999847556650829 0.00860425165404471101 0.270725755604751983 -0.962591655494399401 
122 1357847387.31512189 0 1 1 -15.2373258160379343 -41.2535131396469552 -0.767737579538810389 0.0481096691356962744 -0.0179326268873941236 0.349953929209614489 -0.935358823157895758 -14.0076905218646424 -40.7220217096386818 -1.2567862697007508 0 0 0 1 -14.3356688238691223 -41.2136954529712156 -0.309024800632047569 0.0480033560374035287 -0.0208853003406118364 0.349406897999380461 -0.935507510215326521 -14.8309915752546644 -41.2740297921006842 -0.552087715742528573 0.051368998222950879 -0.0191679905464235342 0.350010558679514194 -0.93513978793164243 
123 1357847388.21494603 0 1 1 -16.0019348690198875 -41.9675652960724577 -0.871869538282300294 0.00227203664334179505 0.00601212327601760924 0.382218653062007307 -0.924049562239315225 -14.6614866897785348 -41.6140441893875561 -1.36635109537107757 0 0 0 1 -15.1002514917900985 -41.928158352350728 -0.410596078605958426 0.00225740167614324168 0.00303409230684536417 0.381827570692511942 -0.924225840734071324 -15.5962496487209386 -41.9884099969309545 -0.648951282780041439 0.00557917486825862657 0.00489337292135092698 0.382315809714950661 -0.924001920642616215 
124 1357847389.01514602 0 1 1 -16.7043043552860873 -42.7024573273213477 -0.984148365334544639 0.00345285038698924223 0.000674633467756698829 0.392912992391679705 -0.919568922432519642 -15.3598276062402874 -42.3380305375903845 -1.43300000000004957 0 0 0 1 -15.8026197507834052 -42.6633930758652653 -0.52070429964695486 0.00347484151944556577 -0.00230285619111552297 0.392512305019747598 -0.919737306374957542 -16.2993111733368146 -42.72368989009356 -0.754137904033202244 0.00677207851781224876 -0.000405836902513669561 0.393020634100244348 -0.919504625013055188 
125 1357847389.81603098 0 1 1 -17.5442969630238039 -43.4118893699071862 -1.08111164927778836 0.00568663617776562786 0.00225473039921810642 0.414132857239317587 -0.910195888210119097 -16.1734527678599882 -43.0486535092363241 -1.54523394492714883 0 0 0 1 -16.6425425598800985 -43.3733236312980495 -0.614682623555056651 0.00577686018695808094 -0.000720460268630199381 0.41372979222698103 -0.910381111319430225 -17.139917358059094 -43.4333923781131546 -0.843510952160603233 0.00903017288414531549 0.00125126083411393561 0.414229685755662158 -0.910126726210571779 
126 1357847390.62501407 0 1 1 -18.3627639803689391 -44.1007773015749009 -1.19735836287761765 0.0431607428133035514 -0.015728282153934129 0.438289122773136863 -0.897659409954045029 -16.3602403813274577 -43.2117944434285164 -1.57100000000002638 0 0 0 1 -17.4610590211894738 -44.0626503752251253 -0.728015291166950407 0.0433390991832686007 -0.0186806724371708192 0.43776581357045774 -0.89784956837338481 -17.9590814190423593 -44.1226585788206691 -0.952373837130804368 0.046524264815368345 -0.0166442214555423337 0.438345164308302782 -0.897447480136333908 
127 1357847391.52501845 0 1 1 -19.2117622248115438 -44.7948622050523113 -1.30313351076302886 0.00621679607641205216 0.0134779900927723129 0.398548298101439546 -0.917027234770074751 -17.4500728459253729 -44.1299211675971605 -1.70901801880313298 0 0 0 1 -18.3100434067303084 -44.7572299338761752 -0.830721123036328168 0.00625108291435987409 0.0105021289384211736 0.39815024771412677 -0.917238796331325212 -18.8087293075061446 -44.8170586850337074 -1.05059784156685332 0.00954393042229160528 0.0124177467027804887 0.398615035721925082 -0.916984605244454798 
128 1357847392.42606401 0 1 1 -20.0598143904647728 -45.4883829752833933 -1.3795692905679029 -0.0142564513981051286 0.0164503575150730698 0.439087364420284509 -0.898180619774000766 -18.7238232825158413 -45.1633191409555295 -1.85359023451708316 0 0 0 1 -19.157918544276086 -45.4513157315657779 -0.904092399570108229 -0.0140905165358549671 0.0134707701167192835 0.438755306094269437 -0.898395111891387765 -19.6572958869417604 -45.5107410771725327 -1.11949051046272618 -0.0108852077876473163 0.0155425799713758903 0.439190454093765614 -0.898193567941880322 
129 1357847393.22590399 0 1 1 -20.8581695819761137 -46.1501067536587257 -1.46080711052056689 0.00240096876641537199 0.0160812120150259988 0.409309474538627427 -0.912250724319812911 -19.5238031409223218 -45.7864881956762773 -1.91645665563113599 0 0 0 1 -19.956147242096911 -46.1135529735253087 -0.982465863557341668 0.00246870374623500526 0.0131044171511788144 0.408923733584669935 -0.912471128235910367 -20.4561799188841356 -46.1726659573853695 -1.1935805466652778 0.00574062368237744907 0.0150607104306674476 0.409377086417189395 -0.912222901136358288 
130 1357847394.03607512 0 1 1 -21.7106806006506758 -46.8522604136920791 -1.54015588033191597 0.0141275986871704073 -0.0042915429436265369 0.47416873671082499 -0.880310174166218373 -20.3256184980783061 -46.4785923288276095 -1.96069565253910105 0 0 0 1 -20.8084832780243438 -46.8162743794423122 -1.05874630806017933 0.0144188538154872287 -0.00725005472199246725 0.473739502813154745 -0.880517130347570731 -21.3092202143221954 -46.8749958670699627 -1.26532028654610151 0.0175296128037866102 -0.00506960817053057292 0.474258244315319433 -0.880196642487857672 
131 1357847394.83498549 0 1 1 -22.6144851772275146 -47.3591181495379487 -1.61629955996769903 0.00251978214847072522 0.00928548346475114965 0.493689777280385711 -0.869584863198292646 -21.2321365479271762 -47.037529352667022 -2.02391381516577784 0 0 0 1 -21.7122605287550812 -47.3237559948836193 -1.13109031151895789 0.00287088527542092575 0.00632881138062540635 0.493311428522282547 -0.869825004615036868 -22.2134904114176486 -47.3820021857600295 -1.33464592451006103 0.00594027476072641041 0.00858477689562212563 0.49376859495156189 -0.869530671903515961 
132 1357847395.63612747 0 1 1 -23.4798308259183344 -47.8747689520846365 -1.6885643797537615 -0.00442628911271389976 0.00907158729392943189 0.489148634383181569 -0.872142034160564905 -22.1411867763893682 -47.5980276563708529 -2.08730856520778962 0 0 0 1 -22.5775492628716989 -47.8400087933234204 -1.19978745149020849 -0.00409077367806584113 0.00611003405798671816 0.488786912471219248 -0.872372218294105162 -23.0792862467191036 -47.8977918070281419 -1.4002232619718884 -0.00100949892213416693 0.00835397317461650246 0.489244152909440067 -0.872106272703074059 
133 1357847396.436023 0 1 1 -24.4096117233129064 -48.4339430192749489 -1.76792500451594625 0.00243889826521457437 0.0177257877122076642 0.47664779383323036 -0.87891224184166894 -23.0235563330212614 -48.1361458302816771 -2.15030461437525577 0 0 0 1 -23.507272054761966 -48.3998275838732468 -1.27532698125481314 0.00272812881818586738 0.0147629597479781733 0.476273266819295771 -0.879169146209025532 -24.0095597462013082 -48.457124339226084 -1.47237146127232954 0.00584582614405515077 0.0169588402467428651 0.4767055679076313 -0.87887998360415609 
134 1357847397.24506497 0 1 1 -25.3606144990268589 -49.0536388251974955 -1.85683436083022535 -0.000970928855038845308 -0.00349003734900257215 0.506510907939328514 -0.862225943169734443 -23.9694561918796332 -48.7051017681853082 -2.22349140195914119 0 0 0 1 -24.4582147477014722 -49.020167129505495 -1.36043853793825664 -0.000571409836656700128 -0.0064428813726837 0.506127624281764277 -0.862434339940910233 -24.9611133688816587 -49.0770226149614146 -1.55365255822750181 0.00245804622812242348 -0.00413960210806092223 0.506629766846256935 -0.862150277531959497 
135 1357847398.04604149 0 1 1 -26.3712327466017911 -49.5635675372691651 -1.94382703920600086 0.0108192506739073508 0.00565822418357153634 0.510773571483888911 -0.859628575018034358 -24.9252074208357186 -49.2722073481027252 -2.30870328549318149 0 0 0 1 -25.4688555930527123 -49.53079978218733 -1.44305334441509259 0.0112290552056429002 0.00271270477891501346 0.510368842727002447 -0.859878011072193416 -25.9722458903550475 -49.5871296128984937 -1.63332014353072563 0.0142522882764191099 0.0050242689213430107 0.510840770719064974 -0.859542515511503735 
136 1357847398.8453095 0 1 1 -27.3071581399497703 -50.0386382928185611 -2.01153978328139882 -0.000639928069238359515 -0.00207656878338890322 0.519375536672019855 -0.854543346039746243 -25.9298866441299687 -49.8039599196971778 -2.37700012795045001 0 0 0 1 -26.4047286589776533 -50.0065549918897219 -1.50671898048362918 -0.00019750718427895839 -0.00502311800139174959 0.518994966154195714 -0.854762513440465388 -26.908589051489944 -50.0622982958276879 -1.69423462908127487 0.00279858281744895356 -0.00267471704100392818 0.519488509699994494 -0.854468666548190758 
137 1357847399.64489341 0 1 1 -28.2585783998555868 -50.5679703690695206 -2.11074515866302193 -0.000272682785489053794 0.00702850066092623911 0.513257641263829556 -0.858205755927358038 -26.1211209806497209 -49.9051756588742137 -2.3900000000000432 0 0 0 1 -27.3562193220592782 -50.5365132356249092 -1.60191724325691509 0.000144306394764108904 0.00407900259447247469 0.512884477102773073 -0.858447933226304638 -27.8605846617286019 -50.5918892514025202 -1.78628459514819959 0.00316255310114493858 0.0064057658973819924 0.513346173953700302 -0.858151892212705936 
138 1357847400.44618011 0 1 1 -29.2164477062671679 -51.0602133461784362 -2.19336082937527754 -0.00372679272355876849 0.00595548607132933856 0.507143028583639799 -0.861833273760455043 -27.7980668798938026 -50.8049948327114294 -2.49984653653520805 0 0 0 1 -28.3141029646971809 -51.029429878250582 -1.68040565654807694 -0.00333067406529922398 0.00300148467704389969 0.506776173002651875 -0.862066011496097961 -28.8189438109161244 -51.0843031114879835 -1.86191060173371992 -0.000296193100381386297 0.00530880275021742773 0.507242640872477724 -0.861786883262747994 
139 1357847401.25527906 0 1 1 -30.2136451230388587 -51.5817377523756448 -2.26821809242381534 0.00638031113831954468 0.00408415217671704266 0.49686559815305853 -0.867794439197889345 -28.7826703251558733 -51.3247072941524536 -2.56744632926112093 0 0 0 1 -29.3112435935248321 -51.5516811218404314 -1.750987957541984 0.00674170483929352558 0.00113006074994824132 0.496465986543432658 -0.868029260211899412 -29.8166019137869185 -51.6059471022206964 -1.92944382812412996 0.00980266005462409468 0.00339549895829866595 0.49694755408013791 -0.867718564360845157 
140 1357847402.05678391 0 1 1 -31.1441103152948671 -52.1548759926531886 -2.3591007873037011 0.000845219304007716055 0.00850848082057522118 0.514029225516364319 -0.857730054663762509 -29.7774530617852449 -51.8657795336993743 -2.63487410000456546 0 0 0 1 -30.2416955186202472 -52.1254504434002044 -1.83808179537994287 0.00126301239981488258 0.00555968238889544171 0.513654164091670085 -0.857978376442378843 -30.7476144477265834 -52.1793066474257969 -2.01303736662005539 0.0042811377922315581 0.00788873609576934941 0.51411070865398778 -0.857676873274142659 
141 1357847402.86580539 0 1 1 -32.1457413290218881 -52.6358578970428255 -2.43619220583248142 -0.000372191967468606111 0.00278612914745745427 0.511540943906670043 -0.859254305583967648 -30.7815650075145371 -52.4119260230045825 -2.7029342176406983 0 0 0 1 -31.2433169214735216 -52.607159956641226 -1.9107815312886296 3.91179266049699161e-05 -0.000164564123744780582 0.511161957590255844 -0.859484394565098841 -31.749706118992048 -52.6604201041977475 -2.0829974670821243 0.0030612901282379844 0.00215654091896270257 0.51164029187497817 -0.859191590720080778 
142 1357847403.66697598 0 1 1 -33.0859129668949734 -53.1930645769531623 -2.50668651685907662 8.82311598556090315e-05 0.0131076946095257888 0.483897767508673915 -0.875026360264310687 -31.7185956662804323 -52.9342908201676892 -2.76256471507105061 0 0 0 1 -32.1833765300578349 -53.165054621253546 -1.97739861373560122 0.000400383998090664403 0.0101457101720039029 0.483522685233281069 -0.875272938644030774 -32.6903269982649078 -53.2177393375038221 -2.14624230503310187 0.00350095498901446507 0.0123691182825369349 0.483970922564199824 -0.87498965384708105 
143 1357847404.47530293 0 1 1 -34.038123552498277 -53.7506476245996652 -2.58218769403561144 -0.00499461607641075219 0.00573965977642524293 0.508620434693108692 -0.860957236759465006 -32.6558056945417476 -53.4642220510247768 -2.82742019567368708 0 0 0 1 -33.1355022518141453 -53.7233253206478381 -2.04895790201302086 -0.00459549304170834335 0.00278545866223641999 0.508257164286164631 -0.861188584234330867 -33.6430095689827198 -53.7754583751225823 -2.21443662040563316 -0.00156298090599006254 0.00509906576915640335 0.508722522199744343 -0.860914021273727514 
144 1357847405.27526212 0 1 1 -35.0333077070409118 -54.2582372580253391 -2.65849934585627068 -0.000223935321884508336 0.00548352204085883737 0.536585588432496485 -0.843828055426904311 -33.6052273142384621 -53.9732241722324915 -2.89289324654626867 0 0 0 1 -34.1306494327452796 -54.2316389827888869 -2.12097701228620039 0.000271383036719317027 0.00254606707214521857 0.536216751003617098 -0.844076441939257349 -34.6386566333652723 -54.2831780050822985 -2.28350678642518101 0.0032268577054123419 0.00495517231557826392 0.536674879399357652 -0.843768396823652678 
145 1357847406.07671595 0 1 1 -36.0382752957989965 -54.672803746777852 -2.73937051101120232 -0.00560632553449341622 0.00987660380216741178 0.558068248279220858 -0.829717332634372751 -34.5124642002227517 -54.3869563501211957 -2.9444616057060502 0 0 0 1 -35.1356870360754669 -54.6469273818945993 -2.19728752208598666 -0.00503812220088871183 0.00695056104517056354 0.557725901692448622 -0.829980798336438341 -35.6440853523720804 -54.6978976404958956 -2.35758039475497361 -0.0021426870964374946 0.00943778170174162587 0.558156274055873536 -0.829679402480633876 
146 1357847406.87553859 0 1 1 -37.0692068221902389 -55.0637646082445329 -2.83666547117380041 0.0645101418296164242 -0.033178621263983632 0.515293993310741216 -0.853937773581900927 -35.4167226110750377 -54.7993302377748108 -2.99586066500850867 0 0 0 1 -36.1667993059423409 -55.0385943013097858 -2.2898251955771225 0.064951048891486049 -0.0360906282260121739 0.514699435426521967 -0.854144788062168758 -36.6755473523364159 -55.0890919562095789 -2.44808223422499482 0.0679333174405964552 -0.0337940329845869275 0.515337225484254091 -0.853622030963554157 
147 1357847407.48508358 0 1 1 -37.5911194556561128 -55.3616008954443544 -2.86911727731253485 0.0368818624234152209 -0.00323633349088705245 0.446566125188453511 -0.893984312056921193 -36.106720813011151 -55.1139938755044341 -3.03508093442958771 0 0 0 1 -36.6886273883616525 -55.3368325523271309 -2.32010044780327229 0.0370741482160702532 -0.00619114163760229805 0.44606530208226336 -0.894210782521400405 -37.197675467289379 -55.3869570351278426 -2.47657026037798644 0.0402563237545262784 -0.00412103775119839963 0.446599409128448088 -0.893818445329780165 
148 1357847407.88505697 0 1 1 -37.7813110488332597 -55.5226557048157119 -2.87623682073874853 -0.0477662544420262292 0.0405558360667564316 0.431019520633211972 -0.900164308296336646 -36.5594862775097482 -55.3204709760210989 -3.0608166297580226 0 0 0 1 -36.8787207874844611 -55.4980533883730445 -2.32654814571236512 -0.0476431839873481602 0.0375645711542888852 0.430799711016572329 -0.900405819062482515 -37.3879369034835989 -55.5479968923011924 -2.48196940429530288 -0.0444052668626576733 0.0396264392404980029 0.431132862070024048 -0.90032348232803816 
149 1357847408.88526511 0 1 1 -38.6202385514455244 -56.2227671069449855 -2.94024022727248191 -0.0454380594823503431 0.0511884965177392265 0.388444864850478244 -0.918926388535026062 -37.4254031313668065 -55.9607295659156705 -3.10958019351374393 0 0 0 1 -37.7173802258169104 -56.1987731830616255 -2.38756689581181414 -0.0454587838899907642 0.0481960530237795434 0.388223722903288049 -0.919180602719228079 -38.2273175831464371 -56.2482141123252219 -2.5384375695670367 -0.0421242669000839176 0.0501037642195076571 0.388527330045909336 -0.919109173469922269 
150 1357847409.58525944 0 1 1 -39.3429217010374117 -56.9681677292029036 -3.01376106999552684 -0.00416709239273726356 0.0178178464542284691 0.369258956913393444 -0.929146372983265079 -38.1074411204454719 -56.6341144502527314 -3.19398907864678172 0 0 0 1 -38.4398108456181404 -56.9446556429739559 -2.45884708084862424 -0.00423841414057460081 0.0148378691699050796 0.368882312124445333 -0.929348004401899574 -38.9505093499818358 -56.993800861000814 -2.604718887638239 -0.000874953320085290233 0.0166542692301218272 0.369335505985523505 -0.929146465198848914 
151 1357847410.29551697 0 1 1 -40.1497177662677274 -57.7945133075523572 -3.09223984626531223 0.0295234847555171862 0.0138504472870289979 0.382534243765559778 -0.923365627097170738 -38.8021227698492552 -57.3567461583987139 -3.27512535964574436 0 0 0 1 -39.246311031235436 -57.7715443542217386 -2.53481238554205479 0.0294963012645953239 0.010885708171509868 0.382063919967874477 -0.923600904410608825 -39.7578548487622996 -57.8203357779608638 -2.67514619681944232 0.0328302160467947926 0.0127308679993890349 0.382542822055574994 -0.923266533135507772 
152 1357847410.99672008 0 1 1 -40.898886460984869 -58.5419453054671166 -3.14814108259198555 0.0323653329939218859 0.0025932191190084896 0.361474678136502747 -0.931816407615204678 -39.4964731254678867 -58.1027607709185645 -3.33486493364520697 0 0 0 1 -39.9951310340802024 -58.5195199204264753 -2.58833495746644315 0.0322748696701457768 -0.000369004348661391892 0.360980854942473617 -0.932014495052821967 -40.5074507298199649 -58.5678550491832155 -2.72367604509631045 0.0356444671003500954 0.00139861844285288969 0.361507288432132423 -0.931686640583640924 
153 1357847411.79580402 0 1 1 -41.5353237104817339 -59.3464077237045089 -3.23490963938745413 0.0172715752873896199 0.00834835288688476861 0.315642764572707901 -0.948684163915508027 -40.2877477466984431 -58.9529114551911704 -3.40294354613008831 0 0 0 1 -40.6313431972951307 -59.3243536767265809 -2.67347636077678175 0.0170327250386137045 0.00538644748585257946 0.315190858777097405 -0.948860155662886395 -41.1444714300188608 -59.3725959486287351 -2.80329054913655984 0.0204905550082649136 0.00699642532302071924 0.315697090320014584 -0.948612952869414161 
154 1357847412.69529796 0 1 1 -42.2506769122680339 -60.1923397678666134 -3.29959954847196535 -0.00218470294292072171 0.00480707959140011173 0.317856152481098164 -0.948124245755146866 -41.0075159696355911 -59.9043725495611881 -3.51712758745549969 0 0 0 1 -41.3463140943161847 -60.1707762769726671 -2.73620393261876771 -0.00241583281778927263 0.00183575572365825453 0.317454785450048405 -0.948268555287785198 -41.8603153005820445 -60.2186695511618879 -2.86024649134242992 0.00103755989020978606 0.0034647048976293956 0.317964176587541059 -0.948095829384590028 
155 1357847413.49515843 0 1 1 -42.8661792352933873 -61.076951975296879 -3.37715066101285633 0.00457825141439501242 0.0129690401875307681 0.27070570599364091 -0.962563901438800773 -41.5907326756240749 -60.7206422259406011 -3.58891716766391422 0 0 0 1 -41.9614744895328968 -61.0557594823557608 -2.81243151289736604 0.00419677535012294694 0.0100158506737843267 0.270290241567796685 -0.962717640393673912 -42.4763772211407442 -61.1035167485144797 -2.93031869851385451 0.00773111302252415915 0.0114687182911801973 0.270778600612614329 -0.962542283664704734 
156 1357847414.2949791 0 1 1 -43.4415062580088858 -62.0397506027485903 -3.45801116352603177 0.00993213433979629398 0.00285665656726718023 0.262927710741050091 -0.964760183229585677 -42.1897021229556159 -61.6106351918248336 -3.66483319525991824 0 0 0 1 -42.5364131546629665 -62.0188847251148374 -2.89237197718722161 0.00953044332372462305 -9.10581660628386591e-05 0.262485913661156922 -0.964888753944169175 -43.0522975139489574 -62.0665774104513943 -3.00347381500485211 0.0130716086033833712 0.00133026502947253896 0.263014969918317965 -0.96470228000266367 
157 1357847415.09513402 0 1 1 -43.933166152955863 -62.9929456941150434 -3.54709587019974881 0.0396309326493530026 0.0150374857191675343 0.19250866234740191 -0.980379354189898411 -42.7180853397457838 -62.5289441552826233 -3.78393976905057094 0 0 0 1 -43.0277415480803143 -62.9723131436778161 -2.98097460011548865 0.0390118479958049061 0.0121416939667765306 0.19199415267081707 -0.98054520565029768 -43.5445866422862338 -63.0200999070807484 -3.08528775463242289 0.0426510104488136074 0.0132864475861581201 0.192497814998645739 -0.980280037968224049 
158 1357847415.89525509 0 1 1 -44.3443182657979946 -63.9499617367759612 -3.65638117398007267 0.0311709790400415375 0.00190004989110932935 0.192704658966312975 -0.980759743407514484 -43.1750292362320636 -63.5349901549714602 -3.86466079845385879 0 0 0 1 -43.4386731152793573 -63.9294446362860924 -3.09022933965211921 0.0305569648076371679 -0.00100045383456270312 0.192198864474130954 -0.980879639654491098 -43.9564621171827383 -63.9775705565857038 -3.18765153876355223 0.0341909307717738614 0.000149798879737815207 0.192747570686301911 -0.980652503085463367 
159 1357847416.69502759 0 1 1 -44.7103393451185696 -64.9291021504676991 -3.76331268810137409 0.0176396592564482223 -0.00484843459740113072 0.209975452782844629 -0.977535495177495162 -43.615881421416411 -64.5037906117386228 -3.96931311348594607 0 0 0 1 -43.8044446113638202 -64.9086655886185895 -3.19743080050318262 0.0170789652417270912 -0.00776583305817992505 0.209501125857027071 -0.977628395172635445 -44.3232009523245765 -64.9571647477826417 -3.28775262169155846 0.020690054670811666 -0.00654416890160275291 0.210066430176158503 -0.977446259599038636 
160 1357847417.49488711 0 1 1 -45.1433630835117583 -65.9163598050587751 -3.87577393957779393 0.0315913361701701534 -0.0012967659322147794 0.131458716271452086 -0.990817294859835607 -43.9215924178482382 -65.6231970815826173 -3.96143719868957955 0 0 0 1 -44.2372424348870723 -65.8960481318453049 -3.30981495663369651 0.0307975209069517586 -0.00415295956149935083 0.130945831745910429 -0.990902343715685308 -44.7569685590757231 -65.9448880644718116 -3.39303290091854048 0.0344966272058054024 -0.00323104622231269387 0.131510166654336375 -0.990709149608643536 
161 1357847418.30486989 0 1 1 -45.3501014810452716 -66.9426606211954436 -3.96890604325128127 0.0230312046173604991 0.00473393538794397977 0.101899920844309294 -0.994516746767765358 -44.1631186110822824 -66.9448413761862753 -3.87388185338486934 0 0 0 1 -44.4436216643274733 -66.9223222666303172 -3.40420377287579834 0.0221487216049969862 0.00189860383082888313 0.101416843896473458 -0.994595622958816539 -44.9643730323646551 -66.9716109751006741 -3.47981870232079782 0.0258791051222685108 0.00271451794578816226 0.101955554111949162 -0.994448574988228362 
162 1357847419.10682702 0 1 1 -45.6308378052850969 -67.9546354961238848 -4.04179104723439586 0.0117796076337512625 4.9101205911918758e-05 0.102549359525968359 -0.994658166051975989 -44.402251662346913 -68.2533902694684969 -3.78719404285429162 0 0 0 1 -44.7239003653048144 -67.9343808761241945 -3.47790826750778903 0.0109000107768244675 -0.0027918963040547075 0.102092283120228222 -0.994711295204488866 -45.2456777917117847 -67.983882837525357 -3.54609332389090648 0.0146288606288476775 -0.00196750963672304505 0.102642892506130443 -0.994608748182171598 
163 1357847419.90505409 0 1 1 -45.8095137600649167 -68.980874878597362 -4.10302147303573417 0.00996000781013458951 0.00672182793499211291 0.0658061344182331309 -0.997760075342045361 -44.6402724592561526 -69.5558528472117104 -3.70090943419945839 0 0 0 1 -44.9020461956442816 -68.9606424566682819 -3.54055277274509983 0.00897246253276715901 0.00391469430085921149 0.0653612360512540042 -0.997813649388742951 -45.4248725310906423 -69.0103841094502428 -3.60110748000663916 0.0127338328641446296 0.00460174006864663698 0.0658866388086565835 -0.997735247606010178 
164 1357847420.70506907 0 1 1 -45.8712097460125818 -70.0582910528422218 -4.15736773327776632 0.0110511799857767896 -0.00314241071553650331 0.0368460246499580646 -0.999254905989113373 -44.9064816704116652 -70.5506189013142091 -3.575446467285472 0 0 0 1 -44.9631347371413312 -70.0379948766223919 -3.59707566222140196 0.0099859270521114249 -0.00591899586761986032 0.0363865475417753659 -0.999270366771085272 -45.487068183063009 -70.0880552659760099 -3.64950596996871823 0.0137612025279122818 -0.00534208472151002922 0.0369500169792205194 -0.999208080272097066 
165 1357847421.50545812 0 1 1 -46.042543447767116 -71.0770507416890354 -4.18155628060211448 0.00299781903894586789 0.00211679638007710542 0.0873436236207721373 -0.996171483062473495 -45.1547630828571869 -71.4291686799922303 -3.75940882619410166 0 0 0 1 -45.1337448978431865 -71.0568550408871857 -3.62270552784545741 0.00207152673482975018 -0.000713502552965908062 0.0869138608523772199 -0.99621342115172673 -45.658747506435887 -71.106884277345813 -3.66755222307325024 0.00581640670000391127 5.78668524476630945e-05 0.087451318603678177 -0.99615181219481086 
166 1357847422.30540299 0 1 1 -46.2756424337176639 -71.9887775671454193 -4.19889129734111766 0.0268453234227027313 -0.00519046893834789521 0.176177788599644225 -0.983978543692223817 -45.396819501270933 -72.2821131750599193 -4.13991577583850479 0 0 0 1 -45.3661732998002805 -71.9687512050355451 -3.64089529009561996 0.0261788383378518882 -0.00808083873503002287 0.175679319041282089 -0.984066128534973328 -45.8921345454905563 -72.0186302601202755 -3.67902401735600515 0.0298348735665287905 -0.00699077408072812812 0.1762476003953167 -0.983868788381821902 
167 1357847422.80672503 0 1 1 -46.4692103976952211 -72.4767629761684589 -4.19964422337940757 0.0329643678850787061 -0.0281050994634050241 0.265736658615974175 -0.963071898718733443 -45.5485152226826813 -72.8166498394928254 -4.37837785260040135 0 0 0 1 -45.5593386127144271 -72.4569117909992286 -3.64172965985168373 0.0325765390790812639 -0.0310401451692732602 0.265203494433788323 -0.963141934000180111 -46.0858166827357678 -72.5065637152726907 -3.6763229433318152 0.0361018752266496767 -0.0296226170889600723 0.265849275641833138 -0.962882816236032446 
168 1357847423.30746341 0 1 1 -46.7281328706508248 -72.7790293399614256 -4.2015507263416314 -0.00217716707626194233 -0.00163284594359269395 0.341883841839238145 -0.939738278696195972 -45.7000343370388009 -73.3505641861336244 -4.61656230725891703 0 0 0 1 -45.8180206110753474 -72.7594072594997954 -3.64292518124012821 -0.00234103375904934569 -0.00460808982118116831 0.341487935086273231 -0.939871946203126418 -46.3448150932929437 -72.8087702325202315 -3.67545140757664779 0.00107731677372355054 -0.00289258210203287855 0.342004056415801116 -0.939693406251469687 
169 1357847423.8067255 0 1 1 -47.0102601846340633 -73.0583555149486301 -4.21707414465196884 -0.0507976680879414708 0.0284800700334297725 0.41089288383930711 -0.909821697113195937 -45.8511067394307332 -73.8829044348296549 -4.85404454130299889 0 0 0 1 -46.1000012281253433 -73.0389502666551351 -3.65755679531508004 -0.0507508811860052575 0.0254851937580462401 0.410678272190206695 -0.910010005279516365 -46.6270753091434784 -73.0881025818857495 -3.68821045448961327 -0.0474594002141952367 0.0274760501310363087 0.411041355049859336 -0.909965755640991691 
170 1357847424.61613107 0 1 1 -47.6300529616175794 -73.5536394887494112 -4.22388816291168023 -0.0598640468594344236 0.0380385816417011247 0.488603835117706164 -0.869618108429538461 -46.5859711093671507 -74.413457795982481 -4.51610536558136033 0 0 0 1 -46.7194136425783526 -73.5347583546538601 -3.66213697427215168 -0.0595621787016182916 0.0350587827266958738 0.488442476994495556 -0.869854686306581026 -47.2470065442852984 -73.5832587362261847 -3.68957434462100409 -0.0564517615935439879 0.0373321328890508022 0.488742456426368599 -0.869799012274248939 
171 1357847425.21521592 0 1 1 -48.4026529252831352 -73.8606782852506427 -4.22890636377209006 -0.0231606093264272103 0.0208528737690487839 0.565345531298444115 -0.824265232842002704 -47.0295629792963155 -74.6287660002708435 -4.23600000000004684 0 0 0 1 -47.4917789064082498 -73.8424551513576972 -3.66364416847571883 -0.0225891613003695244 0.0179226920096941834 0.565082987234897582 -0.824530002147014773 -48.0196918427113886 -73.8901247070703562 -3.68943008430892005 -0.019693543357555153 0.0204479678307064143 0.565438876188963158 -0.82430147534490128 
172 1357847425.92523003 0 1 1 -49.3350300509842299 -74.1192926400550647 -4.23215026262356453 -0.0337523823566497072 0.0202867800249592126 0.63812178708278644 -0.76892770017196066 -47.0295629792963155 -74.6287660002708435 -4.23600000000004684 0 0 0 1 -48.4239489030714978 -74.1018664693070264 -3.6623897561323453 -0.0329172841015112141 0.0174180026473007496 0.637911304392114631 -0.76920883596063172 -48.9521332036534815 -74.1485178700161214 -3.68703227905657904 -0.0302636054800654343 0.0202014784821980022 0.638233671534400582 -0.768982311220615333 
173 1357847426.72490907 0 1 1 -50.418434281855923 -74.2498649028188993 -4.24082193371594141 -0.0171846588600398573 0.0191473713561825937 0.67284510672958131 -0.739335869561372649 -48.2551832531462424 -75.1000739950686693 -3.73900000000003274 0 0 0 1 -49.5072840682190076 -74.2333517654896582 -3.66543652655688357 -0.0162201690603280685 0.0163255433289273347 0.672601069208378921 -0.739647337891792267 -50.0355958312520173 -74.2788619422299377 -3.690041499632291 -0.0136941502405014282 0.0192193181830951319 0.672917983754572457 -0.739340567801773374 
174 1357847427.52671695 0 1 1 -51.4896398492978733 -74.3405257397905501 -4.26613022770410666 -0.0194397941983085673 0.00963105623872999826 0.675153825879355463 -0.737357883634346845 -49.5577298230480778 -75.3002362213576077 -4.18013960252988426 0 0 0 1 -50.5785459429620445 -74.3248736061605229 -3.68509359053187513 -0.0184634992350950385 0.00681077796577901368 0.6749065032731002 -0.73764078272501532 -51.1069272699540278 -74.3693862842319646 -3.70995278146633511 -0.0159503167195385702 0.00971394313359584365 0.675256427250358393 -0.737346583475115391 
175 1357847428.31516194 0 1 1 -52.5501562883433593 -74.3506385603681821 -4.27911590924997665 -0.0198010811201847318 0.0165897277399575556 0.721021536995488543 -0.692430965012866495 -50.7442972481949255 -75.4825759418308735 -4.58200000000005048 0 0 0 1 -51.6391187372239031 -74.3358652003287688 -3.69229811351166504 -0.0186501439016876214 0.0138379605073977088 0.720802957649652298 -0.692750878184182239 -52.1674948840945092 -74.3793022597419196 -3.7180142446148543 -0.0163235108371956074 0.0168963308566269892 0.721100881025008023 -0.692431640223414857 
176 1357847429.12519693 0 1 1 -53.6176771577099203 -74.2994008155939269 -4.3168075940399202 -0.0292846864573189959 0.0260752695637480464 0.72081042755650826 -0.692022264802281128 -51.9390193435829133 -74.2084477366879582 -4.0040000000000191 0 0 0 1 -52.7068822876406884 -74.2854483400677026 -3.72402612994708138 -0.0281385837090272831 0.0233205776418337202 0.720630158529561027 -0.692355793926042851 -53.235166565489159 -74.3279971729798774 -3.75107143478930816 -0.0258075207358016354 0.0263833206461321149 0.720886383538055009 -0.692069876742644419 
177 1357847429.92537904 0 1 1 -54.7309647134904935 -74.2691851599703625 -4.3599751850679489 -0.0327324970488043765 0.0157944628684470283 0.707066321101888939 -0.706212670619189464 -51.9390193435829133 -74.2084477366879582 -4.0040000000000191 0 0 0 1 -53.8204215633207781 -74.2560792279029442 -3.76102980818643839 -0.0316372726468851506 0.01301550837746091 0.706878725850551781 -0.706507003830141422 -54.3486343231818694 -74.2977319356759125 -3.78928375007736484 -0.0292508218131105717 0.0160342773022843464 0.707178769148300357 -0.70624746359937185 
178 1357847430.63547707 0 1 1 -55.7392534103288995 -74.2895159904016253 -4.39359032515903891 -0.0231350905689680607 0.00534105643456109658 0.70344361326139826 -0.710354364850584341 -54.1227335657112292 -74.1088212197771696 -4.09613837366273792 0 0 0 1 -54.8288756905807872 -74.2771871595242175 -3.78917579313692299 -0.0220512388159504538 0.00255880435473275622 0.703217019768786811 -0.710628607990462124 -55.357071799500261 -74.3179889409953489 -3.81816044294879298 -0.0196521598030554787 0.00556077720602261676 0.703561800249143166 -0.710340526509733228 
179 1357847431.436023 0 1 1 -56.8517239904656293 -74.1877858484917994 -4.44091896602837899 -0.0155891553772042595 -0.00922242913689346258 0.755058393688947338 -0.655407313931807622 -55.2003419181079238 -74.0538262492114825 -4.17901710310103347 0 0 0 1 -55.9416831841515787 -74.1762862643004723 -3.83017797167871121 -0.0142942302201376544 -0.0119124422491839986 0.754817719287173894 -0.655670633284870186 -56.4697257542449833 -74.21623351957804 -3.86091341780498754 -0.0121338421555535897 -0.00874167866563730495 0.755190575003954367 -0.655334684229247677 
180 1357847432.23096943 0 1 1 -57.9377722006395004 -74.0407344632371007 -4.48443100742908474 -0.0216129689634983711 0.0125946520468104006 0.751424133385035442 -0.659345149431578847 -56.2148551535881253 -73.9638449631355854 -4.20261514037667538 0 0 0 1 -57.028084920595461 -74.0300472446390785 -3.86740188054464884 -0.0203424102561616908 0.00989528099043350713 0.751225537610267113 -0.659657836610204718 -57.5559300403172429 -74.0691445856927118 -3.90020948177772109 -0.0181530855409038003 0.0130573843996993344 0.751513124501063667 -0.659339058376365306 
181 1357847433.04526305 0 1 1 -58.9861435944282562 -73.8566138052070045 -4.52743637865763304 -0.0368747834988792239 0.0121048969184871825 0.753383428102219144 -0.656435169741424018 -57.2730120581109006 -73.7547109732404351 -4.06300000000004502 0 0 0 1 -58.0768376668759245 -73.8467046085316241 -3.90423815939013075 -0.0355960196093251385 0.00940466795114922732 0.753228711978032095 -0.656727480055933177 -58.6044474463038014 -73.8849941063946858 -3.93936679440155757 -0.0334180335805564499 0.0125812457880222998 0.753508228471030272 -0.656468047137467314 
182 1357847433.84497499 0 1 1 -60.0612932350651221 -73.7112985317169347 -4.57560340082109374 -0.0203730115698483524 0.0234391868125962376 0.754913836306126407 -0.655088272429530161 -57.2730120581109077 -73.7547109732404351 -4.06300000000004502 0 0 0 1 -59.1523617616701927 -73.7021733599825382 -3.94618176992927472 -0.0190939875094794514 0.0207471755875450053 0.754729624595662729 -0.655429758329462375 -59.6797752428265582 -73.7396695769453885 -3.98335872929951007 -0.0169150913390927193 0.0239206614032876248 0.754970616777490999 -0.655103846306548721 
183 1357847434.64986157 0 1 1 -61.1615333931550254 -73.5651964148662216 -4.59811466260877211 -0.0309715839602278595 0.00905339380173780968 0.749311815290123029 -0.66143072238465439 -59.4394753064421195 -73.4944062029818213 -4.1251395584567554 0 0 0 1 -60.2528408095356269 -73.5569308820675474 -3.96233171529545913 -0.0297103916816996091 0.00634619151140001191 0.749138811085478085 -0.661715996636666803 -60.780075422073331 -73.5934178253206852 -4.00158447721991717 -0.0275114930837320783 0.00950690341318263799 0.749431336021959327 -0.661441916667017238 
184 1357847435.44687605 0 1 1 -62.2140389304663444 -73.4192888839809825 -4.62749401529988091 -0.0214776060462193684 0.0170833121126125302 0.726820774650496881 -0.686278685682600975 -60.5361203141654158 -73.3893486865699458 -4.22915157433760314 0 0 0 1 -61.3056200575529218 -73.4118229847201889 -3.98561157706716385 -0.0203114220546693168 0.0143383388392554698 0.726623454972898264 -0.686585910761862483 -61.8326731591806222 -73.4474090072564536 -4.02689638467562627 -0.0180030231444634516 0.0174195117789512147 0.726900235653061166 -0.686286018489789096 
185 1357847436.255023 0 1 1 -63.3112177700840988 -73.4313633695865491 -4.65986905195491019 0.00111759673193892461 -0.00737787514275164459 0.681742965682510138 -0.731553720979080779 -61.5844845106971235 -73.3210103880024064 -4.29442030978880585 0 0 0 1 -62.4029620615194673 -73.4247196869669096 -4.01201803841325866 0.00211562320013930537 -0.0101843117549792438 0.681439313520184053 -0.731800700957366379 -62.9299923177524008 -73.4593854070151764 -4.05416844847299362 0.00460464021409699546 -0.00726655575927167337 0.681840141770201802 -0.731450624120786097 
186 1357847437.14593554 0 1 1 -64.4325673261852216 -73.4683567208427775 -4.68963531824761937 -0.032682158897509743 0.0195905759996762817 0.70751598586084008 -0.705669338694237647 -62.7200384216310169 -73.3333464968004876 -4.27234831498188772 0 0 0 1 -63.5244412940978691 -73.4625541944000133 -4.03574396718016093 -0.0315944029911865501 0.0168106483057265735 0.707348993516185631 -0.705957928756955733 -64.051475394152618 -73.4962613364040465 -4.07858988173495618 -0.0292006467640143277 0.0198328042556966642 0.707616589026868192 -0.70571435087994272 
187 1357847437.95543694 0 1 1 -65.4371184248862505 -73.402306202880041 -4.69786195642847293 -0.0285349716830327754 0.0380271074569027354 0.722953473950724845 -0.689258999935501993 -63.7809665534315968 -73.3180379588302458 -4.27490503676869871 0 0 0 1 -64.5290874474851961 -73.3972967977684334 -4.0383252767994513 -0.0273936119977534615 0.0352750106126838436 0.722805696838255241 -0.689606545985575803 -65.0560397180141479 -73.4300106190877955 -4.08255022023406422 -0.0250590579349580789 0.038346998496918451 0.722993948651249663 -0.689333955014087452 
188 1357847438.75832605 0 1 1 -66.4711063743426962 -73.3616345844366435 -4.69909106643751784 -0.0186476181996049484 0.0132214025370352966 0.710859690995568783 -0.702962275352041921 -64.71600391346675 -73.2683897483345845 -4.14974540178017293 0 0 0 1 -65.5631120000086725 -73.3574519629347321 -4.03380942949859733 -0.0175468594417729738 0.0104499638067573064 0.710652641447647615 -0.703246563577561545 -66.0900140215514256 -73.3890950335439243 -4.07924466897438354 -0.0151664050617075202 0.0134770659412841512 0.710944115664192688 -0.702955769059176006 
189 1357847439.56602955 0 1 1 -67.475752075847538 -73.3410635752253484 -4.71870725232354804 -0.0384170061069459279 0.0452117414352981931 0.708100435388617888 -0.703614813289641039 -65.7038072095385388 -73.2142592397933782 -4.01160056268497556 0 0 0 1 -66.5678800460613473 -73.337634537721982 -4.0478892330300642 -0.0373375551947910805 0.0424338988415527904 0.707987712797602309 -0.70395928130027563 -67.094735239223624 -73.3683840081683059 -4.09435488688496196 -0.0349366530094422437 0.0454607307192008009 0.708146117402540076 -0.70373420312407875 
190 1357847440.36673307 0 1 1 -68.5096699387466117 -73.2826030938831394 -4.71003253925104826 -0.0322679929693386047 0.0358920680800486683 0.738995365326269749 -0.671979453633041679 -66.5860513759088093 -73.2045824032227443 -4.04463527704113712 0 0 0 1 -67.6017940330529825 -73.2800113095919556 -4.03342955647771806 -0.0310638355450252555 0.0331660358752611101 0.738869267586675704 -0.672314850052772583 -68.1285901258329858 -73.3096287865947431 -4.08123965097797825 -0.0288009525189192941 0.0362942402522689611 0.739047440840003178 -0.672058117610639272 
191 1357847441.16577148 0 1 1 -69.6253593003375642 -73.15897259886124 -4.72022589854129926 -0.0221902119789328493 0.0284400443245319962 0.730989718053401072 -0.681434362555454087 -67.3279999773297106 -73.2577117180176174 -4.32024364854539744 0 0 0 1 -68.7176296060009406 -73.1572293406024414 -4.03723684223811041 -0.0210172090488349519 0.0257013419093363171 0.730826480957312064 -0.681755361313285735 -69.2442882249662546 -73.1857844100692461 -4.08695908078328785 -0.0187176505594560567 0.0287983665963466792 0.731039197608738145 -0.681470465389725555 
192 1357847441.96641994 0 1 1 -70.7198842618235801 -73.104141420419424 -4.72128909141938724 -0.0226637155829766887 0.0195425566634125497 0.706890657424479651 -0.706689495408710955 -68.4622065263387753 -73.2748503497548427 -4.57901667174490612 0 0 0 1 -69.8121995058178157 -73.1032432407711639 -4.03219426584696095 -0.0215840894228899322 0.0167632980675019236 0.706711741685059791 -0.70697357311723763 -70.3387952119539506 -73.130696070759285 -4.0832842047888338 -0.0191811678798251457 0.0197796734093697857 0.706967462144466485 -0.706709172706564748 
193 1357847442.76707602 0 1 1 -71.7991165812625809 -73.0865537239841245 -4.71819955137962488 -0.0186795275223896433 0.0372393198241089476 0.696456758879320681 -0.716388366266433541 -70.4350264335614042 -73.2074265590725872 -4.54807799258338186 0 0 0 1 -70.8914281058000029 -73.0864900489110312 -4.02317210537268455 -0.0176472533030117909 0.0344472199012280517 0.696287612976190351 -0.716718580412043504 -71.417998762924455 -73.1128330671740372 -4.07533122083115451 -0.0151934920579314611 0.0374261928434916832 0.696478912099641523 -0.71643950399794909 
194 1357847443.57509089 0 1 1 -72.8903896862142346 -73.1288485585400707 -4.71526124572375416 -0.0379500207270239559 0.025880659816744412 0.685614877693975333 -0.726513748568424433 -71.55331092117585 -73.2193206133629104 -4.53159408338334835 0 0 0 1 -71.9826526328599527 -73.1296192469948778 -4.01437928212821049 -0.0369559991153637565 0.0230667935914515738 0.685484330353676174 -0.726782918072767292 -72.5092565523803785 -73.1548501836811482 -4.06715948917906456 -0.0344634727229547258 0.0260180526434036115 0.685712173799996605 -0.726590768374469786 
195 1357847444.37681103 0 1 1 -74.0023357800612445 -73.1737339395840394 -4.7106998807653202 -0.0252154761970514243 0.0229702949432454839 0.693815883593707494 -0.719344190901309299 -72.6327798609549689 -73.2488042655501772 -4.51625089317110096 0 0 0 1 -73.0945402237030493 -73.1753488389555429 -4.0038580264820931 -0.024190371274866028 0.0201706513108338981 0.693652985233479513 -0.719620390789451836 -73.6211801568256305 -73.1994448538420386 -4.05725623679566372 -0.0217293663961900321 0.0231442794859530489 0.693890555046931423 -0.71938034069590584 
196 1357847445.1759479 0 1 1 -75.1301361962638055 -73.19828386742482 -4.70871476312791515 -0.0237592880971540382 0.0219632946927009604 0.709315911382486175 -0.704147745700425487 -73.732653143858343 -73.2836167597261294 -4.50313561040842014 0 0 0 1 -74.222312131959896 -73.20073852831392 -3.99577919177914653 -0.0226742418586142608 0.0191869394977137765 0.709156554961330121 -0.704425099399663912 -74.7489653202592308 -73.2237146407083799 -4.04996329125551213 -0.0202776629976477857 0.0222127487147889234 0.709387910128925547 -0.704176258575083702 
197 1357847445.98545146 0 1 1 -76.235905167752918 -73.0908281689631423 -4.70994422762340648 -0.030485410180117762 0.0249860225621182166 0.756646654961532605 -0.652634796787758487 -74.8968762377444648 -73.2399775378253253 -4.49807213648536131 0 0 0 1 -75.3281647909381178 -73.0940894268728414 -3.9907206299864697 -0.0292115498594015914 0.022290996051109218 0.756530383544196439 -0.652925398207431007 -75.8547057452421853 -73.1160033018881848 -4.04667984828376603 -0.0270301004175378945 0.0254788730677908068 0.75671990722486715 -0.652683064517689093 
198 1357847446.78495789 0 1 1 -77.3116790114444257 -72.9003343831144122 -4.70962428128030197 -0.025509449253124393 0.0310946128962479723 0.758108998299526604 -0.650886426148927555 -75.9642099932846691 -73.082787936986719 -4.47307738741104899 0 0 0 1 -76.4040707519431521 -72.9043743754639024 -3.98407837123606168 -0.0242323972528390892 0.0284040795452791019 0.757990459574447106 -0.651196178108167767 -76.930426570586846 -72.9252545324032013 -4.04242123362769767 -0.0220547438112148643 0.0315947256983785327 0.758154424488486023 -0.650935657505408605 
199 1357847447.58523798 0 1 1 -78.3834271078030156 -72.7273733384158874 -4.70299461470477187 -0.0305022610364529823 0.034372394135268422 0.756257049479031052 -0.652658736022390551 -77.0017848243425362 -72.9168226932344652 -4.44513411352379517 0 0 0 1 -77.4759016425108058 -72.7321937244618937 -3.97119092667761908 -0.0292341980006727981 0.0316773443076174971 0.756158960708648964 -0.652966717118790174 -78.0020965810322053 -72.7520065432238141 -4.03177942945475731 -0.0270467786756153662 0.0348641143315669699 0.756305395985527595 -0.652728973846206872 
200 1357847448.3855989 0 1 1 -79.4660252861044683 -72.5795287261586139 -4.70066148247229165 -0.028016172769055013 0.0323061755311548141 0.742593454765729466 -0.668375916700342576 -78.0854408220549914 -72.7572654743622564 -4.4227569229998922 0 0 0 1 -78.5585864759929109 -72.585115755713943 -3.96260151607789357 -0.026804229919118662 0.0295853217688534023 0.742484605943836473 -0.66867245489155791 -79.0846417522187011 -72.603895116748987 -4.02525226732935693 -0.0245510389532067781 0.0327256400238875797 0.7426432250581394 -0.668436473605825032 
201 1357847449.18556809 0 1 1 -80.5677709065345624 -72.4832454023996746 -4.68349925896615016 -0.0266728772133146483 0.0220470441926854804 0.718850529410188344 -0.694302817098001679 -79.1907268791917573 -72.6367728104976322 -4.41003428111959384 0 0 0 1 -79.6603016820445333 -72.4896357912733578 -3.93920325566550522 -0.0255541283284624297 0.0192843408900090947 0.718721222931565595 -0.694560943639624284 -80.1862770787014085 -72.5072622933504363 -4.00353750565385091 -0.0231953160746716409 0.0223445049823783257 0.718927072712960191 -0.694338940669225968 
202 1357847449.89498949 0 1 1 -81.5703005464004747 -72.4703698480849567 -4.68940785235202462 -0.0252073963409649784 0.0216623189680712203 0.698473670462779972 -0.714863527379098418 -80.2238612093294989 -72.5930318624349695 -4.39599527464379758 0 0 0 1 -80.6628736445230885 -72.4774302459867954 -3.93961705327088385 -0.0241695267079004468 0.0188683930668062418 0.698337461784724112 -0.715111604709266047 -81.1888211264548687 -72.4941811928362227 -4.00491024919973526 -0.0217226731726443932 0.0218588703549126989 0.698550132821431413 -0.714897214424704774 
203 1357847450.69484997 0 1 1 -82.7049923636347302 -72.4684544102162818 -4.69627425149923905 -0.0327750411398904234 0.0197388663700256532 0.720079545870828119 -0.692835926790150491 -81.3205352067915044 -72.5449434704840428 -4.37920448257224493 0 0 0 1 -81.7976046808404931 -72.4762581838929947 -3.94029586124911946 -0.0316520459049283095 0.0169765154733051774 0.719972713783148643 -0.693072317525483927 -82.323532646408168 -72.4920343601519477 -4.00657636171283826 -0.0292987782923082897 0.0200436260090808838 0.720175705577798309 -0.692882953854766614 
204 1357847451.49515295 0 1 1 -83.8358872230468393 -72.3618164387106617 -4.69130872916081287 -0.0261674834325046554 0.0261794091138284404 0.741651471462795975 -0.66976338823970516 -82.4737914359039337 -72.4941045730358695 -4.36124040308901151 0 0 0 1 -82.928540273177191 -72.3703771507056217 -3.9289130786665929 -0.0249608179497978096 0.0234558638742474145 0.741545633038176333 -0.670027502524486174 -83.4543708190305011 -72.3851056483976407 -3.99697870317556614 -0.0227016606985024662 0.0265930560821395871 0.741712699806623577 -0.669805729234463909 
205 1357847452.29487205 0 1 1 -84.9540154466282615 -72.2377308820510251 -4.70447517109291091 -0.0212005758855945935 0.017564153123364977 0.733538282466774993 -0.679090291686512026 -83.5708633015344731 -72.4262836887227479 -4.35404720488007158 0 0 0 1 -84.0468168275678522 -72.2469835637731279 -3.93569025729618804 -0.0200254195373327296 0.0148263484602572642 0.733410043417576207 -0.679329721253176144 -84.5725221697604752 -72.2608283429147917 -4.00566292597909701 -0.017729885007340733 0.0179345718235517544 0.733611694067527353 -0.679100791222116862 
206 1357847453.10547709 0 1 1 -86.0948733632371841 -72.1732759238888804 -4.73530162433799084 -0.0159458430265316531 0.0118537821818352051 0.708114950306957702 -0.705817565019413284 -84.6892355092167861 -72.3284894300549723 -4.36688391209587934 0 0 0 1 -85.187880866682562 -72.1831778117036293 -3.960147574010914 -0.014871253295324436 0.00907522874106079028 0.707962208159669037 -0.706035408365904393 -85.713496689758955 -72.1962687436875541 -4.03158901054875685 -0.012463985413028119 0.0120954901661597062 0.708194281672982262 -0.705803944159391072 
207 1357847453.904845 0 1 1 -87.2309123589568571 -72.1975464706250278 -4.76673675367183769 -0.0144228980488630004 0.00815295758543281568 0.687657253142840208 -0.72584641040272857 -85.864403017981104 -72.3245684521701548 -4.3885305717384222 0 0 0 1 -86.3240766000812698 -72.2080778134662324 -3.98545447047254386 -0.0134279576376411854 0.00534483506049114772 0.687494928140274353 -0.726045347394538965 -86.8496737699905026 -72.2204382249620522 -4.05767962284708172 -0.010935825240048427 0.00829478620116197787 0.687745011885024016 -0.725822569830578024 
208 1357847454.70599461 0 1 1 -88.3149022009994553 -72.1927496437309486 -4.79974832300837306 -0.0136549897344923933 0.00294278716795023237 0.728304080057309067 -0.685111704929139309 -86.9365749179809768 -72.3373245449538445 -4.40007728978836887 0 0 0 1 -87.4082505063779536 -72.20386105781391 -4.01255234127504856 -0.0124998099516583812 0.000196616892057043403 0.728149527984068401 -0.685304298096508946 -87.9338033631496927 -72.215561631924146 -4.08573843308371387 -0.0101822236427696611 0.00328489958056451615 0.72839888111435358 -0.68506977874359043 
209 1357847455.50530243 0 1 1 -89.3315222428197302 -72.1042687925886696 -4.82369883600860483 -0.0203193161981735024 0.0132093564682242894 0.731690797250114988 -0.681205707191612775 -87.9812742756180057 -72.2952232764257587 -4.40693381459628952 0 0 0 1 -88.4250542598024651 -72.1159295691184212 -4.03075531107642338 -0.0191539394474873996 0.0104676681431155553 0.731572547379520044 -0.681414090291599051 -88.9505047542965741 -72.1269706886148185 -4.10548558375075512 -0.0168478856348609346 0.0135700145482288131 0.731773343092545381 -0.681204651917436177 
210 1357847456.30486107 0 1 1 -90.4050950721857589 -72.0197054631260727 -4.86238642747532079 -0.0288083925143598971 0.0168441414375760518 0.725486958771207502 -0.687426377201860062 -89.0139307828822268 -72.2217765467475772 -4.41000000000002501 0 0 0 1 -89.4988863229079783 -72.0318992326471772 -4.06339536798951428 -0.0276692272343065024 0.0140906045111361955 0.72539938793453751 -0.687627513057007977 -90.0242268790183857 -72.0423617665526592 -4.13968740786923917 -0.0253344317371244493 0.0171751338999506092 0.725580039476520056 -0.68745675329967304 
211 1357847457.10575604 0 1 1 -91.4930224201958424 -71.967487137665259 -4.8821136762049866 -0.0202112931466035643 0.0189802074337235629 0.722578780986258828 -0.690732336454235485 -90.1049550393105534 -72.1527493500036314 -4.41153216741882837 0 0 0 1 -90.5869501719862171 -71.9802527526368863 -4.07707626077491536 -0.0190854927208044499 0.0162233435087640321 0.722474524448213695 -0.690943636352726265 -91.1122230903728507 -71.9899948389949316 -4.15469349524934728 -0.0167351637738558379 0.0192950157544314674 0.722646763878290521 -0.69074546058351538 
212 1357847457.91519451 0 1 1 -92.620443898710505 -71.9150871657130608 -4.90510271224805727 -0.0209789486936198429 0.00968233566126664585 0.716483729170855566 -0.697221056711052833 -91.2708724048964228 -72.092187372504597 -4.42923960946875805 0 0 0 1 -91.7145244843260485 -71.928422791957118 -4.09380461613836211 -0.019876086536579702 0.00691492858513685638 0.716373809280497986 -0.697399233096510862 -92.2397279821604172 -71.9374546552129317 -4.17278095812707583 -0.0175008021821816233 0.00996637877061485808 0.716578527263459608 -0.697215610469324121 
213 1357847458.71171308 0 1 1 -93.7215717418313119 -71.861224475441702 -4.94891996576488946 -0.015859305258732713 0.0111274492954880969 0.713574541773092541 -0.700311384772665191 -92.3336029733827672 -72.0626442489334522 -4.44341151956175473 0 0 0 1 -92.8159195118820577 -71.875049199181035 -4.13150144649275308 -0.0147694194357099635 0.0083563113180145053 0.713456959764324439 -0.700493542350345888 -93.341034875847086 -71.8835677419010892 -4.21182458808214921 -0.0123796133686032653 0.0113961911063019117 0.713654019023608255 -0.70029623241351513 
214 1357847459.52616405 0 1 1 -94.831914764923539 -71.8587721400748478 -4.98265838692555363 -0.0132844003560046338 0.0120407498738911434 0.701270537919032044 -0.712669753600085998 -93.4749470567399499 -72.0342892666374581 -4.45837297596386861 0 0 0 1 -93.9264497765452262 -71.8730980244039301 -4.15919512701261418 -0.0122440978336425064 0.00925140566061880172 0.701149576136019692 -0.712849048148219588 -94.4515212166036235 -71.881035791231696 -4.24047718256628325 -0.00980042385474547834 0.0122485105329996364 0.701343004682814852 -0.712651328115279425 
215 1357847460.32510805 0 1 1 -95.9079020533538369 -71.8227726973022556 -4.99953541159355463 -0.0222522932425562939 0.00711392078587940423 0.738632640949652419 -0.67370323533455112 -94.5323317307493198 -71.9891451255955843 -4.4708692165457844 0 0 0 1 -95.0025497443632503 -71.8376069125418297 -4.17013453953967339 -0.0210630209284427238 0.00438304076987347784 0.738544391346923956 -0.673861499206609538 -95.5275678043102658 -71.8448769356838 -4.25260288078932458 -0.0187854280930453525 0.00751032928277007 0.73873403882156663 -0.67369334458030794 
216 1357847461.12610292 0 1 1 -96.9657533673446608 -71.6530633400768266 -5.02229896677947973 -0.0209086359067312474 0.0263711634513276727 0.753793395369530272 -0.656249120212757497 -95.4745426567969844 -71.9211950665339828 -4.48000000000001819 0 0 0 1 -96.0606067553799079 -71.6683672322165251 -4.18673600268437784 -0.0196622299657092381 0.0236694247481650348 0.753734024106167078 -0.656458815120636974 -96.5854780680438694 -71.6750455187841737 -4.27140098586994998 -0.0174507570907990565 0.0268472211201227183 0.753839001579527435 -0.65627849080452616 
217 1357847461.92500544 0 1 1 -97.9716518277447221 -71.5385427361549802 -5.03057029465729499 -0.0342120471406739193 0.0241426927300398865 0.725590548303946092 -0.686851528665523237 -95.4745426567969844 -71.9211950665339828 -4.48000000000001819 0 0 0 1 -97.0666023574833758 -71.5543111806841807 -4.18926234585782087 -0.0330796598361937019 0.0213891087183439924 0.725563564147787887 -0.687026750945343823 -97.5913809131084946 -71.5603382652173678 -4.27565573750805861 -0.0307386964027660872 0.0244758567599202212 0.725675942152237075 -0.686913744192667597 
218 1357847462.73527241 0 1 1 -99.0704660354354729 -71.5100233865363322 -5.02946508666207404 -0.0254562443350235014 0.0283596338710026194 0.701859257458329 -0.711295503648871175 -97.7335360941018791 -71.7172489043855137 -4.46100805186499727 0 0 0 1 -98.1654272628691871 -71.5263039824802433 -4.18211710600177167 -0.0244197159211861775 0.0255702732889992769 0.701814391145744287 -0.711481833203760017 -98.6901732644534775 -71.5315607744299768 -4.26965566452484691 -0.0219727697798678054 0.0285733540257707003 0.701916153910341789 -0.711346943275665056 
219 1357847463.52484107 0 1 1 -100.142455648233508 -71.5321467047492376 -5.02612802294856564 -0.0344301899804894534 0.0140144866674640073 0.697923985476011755 -0.715206450389420545 -98.8183526106476933 -71.7136405951767983 -4.45311202167131626 0 0 0 1 -99.2373915672872613 -71.5489151151888905 -4.17300990854976295 -0.0334070496586423293 0.0112175834507999856 0.697891248747530946 -0.715336242459615246 -99.7621414520560279 -71.5534200691660658 -4.26128084211196523 -0.0309469996255375586 0.014209955562242485 0.698039505422752837 -0.715249053998853523 
220 1357847464.23573089 0 1 1 -101.168129721746013 -71.5260667295666508 -5.02547403678617677 -0.0226387710633387633 0.0201808845925638553 0.703549942940363549 -0.709998377273085679 -99.8055878587731371 -71.7114331526773867 -4.44079254708472515 0 0 0 1 -100.2630663602244 -71.5432799429507327 -4.16676988497076994 -0.0215961493891848981 0.0173935293029007544 0.703499659623161189 -0.710154420094704197 -100.787801138008163 -71.5471015340069272 -4.25594993168478553 -0.0191557753624606308 0.0204017830306461208 0.703621475046432798 -0.710023692120844485 
221 1357847465.03488994 0 1 1 -102.248977136599137 -71.5588637876500258 -5.04067286878383047 -0.0318058855725809331 0.00921703653777891478 0.673885564039184426 -0.738093272195320615 -100.904213071393315 -71.7119291881099343 -4.41300000000001091 0 0 0 1 -101.343984678797852 -71.5764881570416804 -4.17617843985971948 -0.0308768381884989736 0.00638791651376193533 0.673847992082592051 -0.738196924236584451 -101.868714354677493 -71.579730498902066 -4.26601388306254492 -0.0283183262360112743 0.00929655978055456654 0.674010050377387815 -0.738120652986832937 
222 1357847465.84497046 0 1 1 -103.321948918764747 -71.6846155943477612 -5.04817871990551659 -0.0160373091637971699 0.00952048004961076125 0.650175050477069916 -0.75955550745916478 -100.904213071393315 -71.7119291881099343 -4.41300000000001091 0 0 0 1 -102.416951017748374 -71.7026477247563037 -4.1781644926256245 -0.0151998503455395631 0.00666479831356850839 0.650097862596171971 -0.759669213579701186 -102.941735647536873 -71.7052746600825373 -4.26793273258098615 -0.0125478763233639184 0.00948673680856755575 0.650264880144043045 -0.759544691427536778 
223 1357847466.54580855 0 1 1 -104.333739322704872 -71.8066759614774526 -5.07544435895297852 -0.017952693323351962 -0.00187682738077367081 0.677508465970159346 -0.735293449488149675 -102.983735948888992 -71.8641645773304845 -4.45803415492491073 0 0 0 1 -103.428854542515083 -71.8250279330706149 -4.20023464586261674 -0.0170106546882294908 -0.00470026308840081758 0.677432982525480676 -0.73537276216937042 -103.953666177778985 -71.8272455675566022 -4.28991121652114149 -0.0144654970645600005 -0.00178276911681272791 0.677629735047100445 -0.735258807025762851 
224 1357847467.34659362 0 1 1 -105.433065187068451 -71.8280017441293808 -5.12228498193093973 -0.0166292556450451587 0.00672816808951925624 0.717272710066476082 -0.696561597423188461 -104.109146130250281 -71.925605749307806 -4.48949435590707324 0 0 0 1 -104.528432039009218 -71.8466395155479631 -4.24116032279310673 -0.0155345541163865938 0.00396143365296237285 0.717216391814851195 -0.696666083560771754 -105.053200528764677 -71.8485665138450997 -4.33159178630377983 -0.0131516421461181001 0.00701543441739993934 0.717363804824603268 -0.696539295026751604 
225 1357847468.13517499 0 1 1 -106.493435932114807 -71.7333524310812862 -5.16722903865039207 -0.00524150706718212473 0.00892921012630612174 0.725705880085596 -0.687927155605428609 -105.155383948449312 -71.9666034250313942 -4.51964167801096117 0 0 0 1 -105.589080070392072 -71.7522488892253847 -4.28011917314493928 -0.00411479191521602582 0.00617715076479475027 0.725628848569261686 -0.688046281452033504 -106.113747881183031 -71.7539132394287407 -4.37216420254892402 -0.00176707614979957836 0.00925722666453598041 0.725763962460359346 -0.687879242302164906 
226 1357847468.94672704 0 1 1 -107.564304309196643 -71.7259095561648792 -5.21279701004622975 -0.00243431474991397633 -0.00951324404695251362 0.672823206757161785 -0.739738132549898397 -106.252335810303052 -71.8943593867769408 -4.5576856825441574 0 0 0 1 -106.66019995890484 -71.7450470261543529 -4.3198587625930065 -0.00151280622021962401 -0.0123408681816746246 0.672715548070742186 -0.739796732740652052 -107.184813397598759 -71.7464664179748297 -4.41285407112461936 0.00105282690750340487 -0.00944328948870877712 0.672929077167179757 -0.739645978115248792 
227 1357847469.84519744 0 1 1 -108.64055380579461 -71.8561508059715237 -5.25405266905421087 -0.0171612943863860799 0.0243967668082119837 0.652523898767701449 -0.757180856388543599 -107.413772796218808 -71.987070492949826 -4.56758336281867017 0 0 0 1 -107.73663823877321 -71.8755216281107607 -4.35559443640902266 -0.0163215378526425058 0.0215445757028216792 0.652502238545563884 -0.757304606715777484 -108.261268129324947 -71.8766782588750175 -4.44848351894183569 -0.0136712187956136814 0.0243747300543106296 0.652576358403259449 -0.757207413305339139 
228 1357847470.65553904 0 1 1 -109.720984036998516 -71.9961503710653972 -5.2800147031792628 -0.0267339672660247551 0.0254543714476498026 0.658053769042412195 -0.752065560318713078 -108.474097146147415 -72.10921460720553 -4.59154726521573142 0 0 0 1 -108.817174192489318 -72.015773263135415 -4.37603956734557986 -0.0258739608807748642 0.0226082129960394722 0.658066866028243269 -0.752175117036739005 -109.341835284043498 -72.0165672937853856 -4.46874933830474941 -0.0232444884470816363 0.0254596376090585295 0.658124724964740393 -0.75211923722221985 
229 1357847471.35679507 0 1 1 -110.743714287810775 -72.1315637344982576 -5.33500167898885369 -0.00908494733792560537 0.0138438915415211947 0.644034430539687786 -0.764817274045424322 -109.429697178812177 -72.2334776380999983 -4.6367185548491241 0 0 0 1 -109.840171139543898 -72.1513329621513719 -4.42581221480430376 -0.00827828922395525829 0.0109824515970195768 0.643991135837209683 -0.764909323153760701 -110.364835344398699 -72.1520361401634887 -4.5183283226546358 -0.00559552372543774615 0.0137812446430133264 0.644096709784330979 -0.764799448126975978 
230 1357847472.06493902 0 1 1 -111.821556558481745 -72.3272972248610131 -5.39603949565130758 0.00973303656511745156 -0.00732268592176690911 0.607212536916672763 -0.794446084565423316 -110.445415733462269 -72.3808169933876115 -4.7026429836655419 0 0 0 1 -110.918300384068942 -72.3471920877684482 -4.48148611682486386 0.0104046064078987706 -0.0102172881268196829 0.607096696984015471 -0.794494148310690096 -111.442986760812218 -72.347843941076718 -4.57338802803515243 0.0132133784590877518 -0.00755195875368352195 0.607290500107564135 -0.794334075202483225 
231 1357847472.86503291 0 1 1 -112.869952943888592 -72.6467806166917285 -5.43754769445649799 0.00181976201529852866 0.00301555471818415769 0.596707148454543423 -0.80245135296739134 -111.570927136558907 -72.6832442827694365 -4.71651998217497415 0 0 0 1 -111.96685774260898 -72.6668214664619256 -4.51809535510870486 0.00245093005807225841 0.00011132069029433127 0.596632122978282164 -0.802511115424566768 -112.49162783156369 -72.6673042785970296 -4.60840355263512702 0.00529814977719752448 0.00274110185323596248 0.596776905070714347 -0.802385033225189503 
232 1357847473.66533852 0 1 1 -113.856056064694002 -72.8806116449537882 -5.46921690221105017 -0.0120772753406347289 0.0145009384241812454 0.625596488403972195 -0.779918518758070944 -111.772072098858189 -72.7372923586517572 -4.71900000000005093 0 0 0 1 -112.95309069274883 -72.9007908611800417 -4.544995281498732 -0.0113422780736494293 0.0116210860622988025 0.625582305145410911 -0.779989155421911495 -113.477913806180595 -72.901076026326848 -4.63431663970469199 -0.00859047552161011814 0.014355538676218426 0.625665262683059109 -0.779912239493243842 
233 1357847474.47537255 0 1 1 -114.885338970687741 -73.0899799827966064 -5.52062420160235057 -0.0240770056652803849 0.00806184562826220766 0.644789124814261094 -0.763938668326534787 -113.640198738897794 -73.1757973773719641 -4.76073035389141985 0 0 0 1 -113.982621734392339 -73.1102410510469269 -4.59134084120457331 -0.0232710091570162043 0.00520093700342850237 0.64480781303142598 -0.76397270542914697 -114.507464915165741 -73.110479571787792 -4.67989803137794702 -0.0205887220189649167 0.0080048833823122504 0.644900404575439845 -0.763947311367803472 
234 1357847475.27488303 0 1 1 -115.99422272826294 -73.2798392156751106 -5.54806085841840879 -0.0157132730681701534 0.0121009885095992031 0.630808076726244837 -0.77568539335449127 -114.7361107216351 -73.3804504013173897 -4.80024693371232214 0 0 0 1 -115.091627536372911 -73.3002338647040119 -4.6132393013319728 -0.0149609601231729689 0.00922616244597855226 0.630815676174824591 -0.775733607813154036 -115.616501425011748 -73.3002313591439076 -4.70124504842055568 -0.0122259852407725113 0.0119794343350451415 0.630890803909272657 -0.775682803715936786 
235 1357847475.97672105 0 1 1 -117.000823592970704 -73.4851491331319977 -5.59344042223611115 -0.010370816345691123 -0.00753723038385417914 0.620377206250276036 -0.784198800235990756 -115.698140254032936 -73.5601019208109932 -4.83493595747142901 0 0 0 1 -116.098448898679223 -73.5055967136864439 -4.65367365497185759 -0.00965732408717206309 -0.0104217473398795883 0.620353111974263682 -0.784193942681085665 -116.623341791872406 -73.5055509663118443 -4.74092367326097985 -0.00688727782528997419 -0.00770616081478353327 0.620500124863104241 -0.784138237515889847 
236 1357847476.78565001 0 1 1 -118.076446700688109 -73.7732431177816892 -5.63095626744298805 -0.00277786195148146085 0.00780739701378030133 0.577751606391348815 -0.816170576134097048 -116.796959036084473 -73.7996097220236464 -4.87427688693344585 0 0 0 1 -117.174241822660576 -73.7937514932822012 -4.68607633236886123 -0.00222097226175026283 0.00488928618078026799 0.577732112568206557 -0.816208777378883754 -117.699184455672253 -73.7935967044089551 -4.7719878832165028 0.000693481579404076716 0.00745219159713024406 0.577820257692191142 -0.816129728489428774 
237 1357847477.58589792 0 1 1 -119.10008272456372 -74.1381877837501264 -5.68512563040939334 -0.00496501651289552211 0.00059956834593727186 0.544461097430146257 -0.83877118602988876 -117.81215776523463 -74.1331503352772643 -4.93206074838297148 0 0 0 1 -118.198135462151726 -74.1586881909386904 -4.73560467835382504 -0.00452690424230486714 -0.00233852104733129566 0.544445688526460136 -0.838780621320164399 -118.723132790784163 -74.1585912107407239 -4.81954096250764241 -0.00151121513969027237 0.000105244839649925472 0.544556033696578234 -0.838723095733613699 
238 1357847478.28514957 0 1 1 -119.93664309156398 -74.5388094985823244 -5.75399323620727809 0.0213516033741901166 0.00267458846838282893 0.469293773619206045 -0.882779876102826377 -118.637626668679914 -74.4984145764802577 -4.98360808075743567 0 0 0 1 -119.035037973695125 -74.5592293079757411 -4.80093245829517912 0.0215309162730788935 -0.000288905978221403674 0.469216788517510142 -0.882820446948920479 -119.560082555216781 -74.5593813012158222 -4.88246405635298419 0.0247489995633958099 0.00187881998774569394 0.469327529133867882 -0.882675267271697761 
239 1357847479.18672609 0 1 1 -120.828599413051279 -75.2112213540630705 -5.81990031242153094 -0.00186249156173305631 0.00980181383405912161 0.432929775763352231 -0.901372434029485081 -119.639292639828653 -75.1034221630745265 -5.04074178942198348 0 0 0 1 -119.927310524045367 -75.2315547488822602 -4.86367212906504065 -0.00180560405493780381 0.00683271380765122609 0.432932187656266509 -0.901398787833209147 -120.452461409825887 -75.2319344857640857 -4.94072975379152179 0.00149869844813089559 0.00887129127394560742 0.433001410826446664 -0.90134834127345087 
240 1357847479.99507189 0 1 1 -121.671172089990989 -75.8875287990570939 -5.87464800175427637 0.000996505910312869966 0.0133427970445198305 0.396102154024510267 -0.91810895884973398 -120.50885949671688 -75.8025148956875512 -5.09294690871199052 0 0 0 1 -120.770151719200371 -75.9077836570259308 -4.91553185330973985 0.000932062491277406229 0.0103743662587033915 0.396109249796476937 -0.918144305656749649 -121.295414155858879 -75.9083311569425803 -4.98806078870963887 0.00431875338809755132 0.0122761898424516153 0.3961591400377103 -0.918089635763690959 
241 1357847480.79528761 0 1 1 -122.451989611474858 -76.6453847682176814 -5.93714923973315045 0.000851124055618425641 0.0105712703052702854 0.354037601622158749 -0.935171054123043688 -121.274391239091273 -76.5274821307391164 -5.15718361507659218 0 0 0 1 -121.551291056216016 -76.6655237996504013 -4.97568259486609676 0.000650875445258009694 0.00760920966607353099 0.354049852550546107 -0.935195368999627408 -122.076664774254198 -76.6663298589666482 -5.04300008401682476 0.0041230138748886919 0.00935416287832030457 0.354103107662439631 -0.935150517049119778 
242 1357847481.59558558 0 1 1 -123.163188290422767 -77.5094228104384086 -5.99744975391346635 0.00718931636964071676 0.0130409837037043317 0.326744077100053043 -0.944995531499600139 -121.486645607394166 -76.7285245396196842 -5.17500000000001137 0 0 0 1 -122.262814155978205 -77.5294350278744133 -5.03427379330533231 0.00690207887450144247 0.010086583695981928 0.326750422272107044 -0.945031631048164455 -122.788308027344328 -77.5305135048768221 -5.09549870576110742 0.0104266684739507745 0.011727850966664885 0.326788150808492106 -0.944967325671847935 
243 1357847482.40494609 0 1 1 -123.899407594099216 -78.3449937671945378 -6.0555213248069073 0.0231105272878607271 -0.00280411439261611141 0.390121620683800963 -0.920468989996944376 -122.103685763843231 -77.3448171187041851 -5.22428704328413129 0 0 0 1 -122.999362836826009 -78.3648745074771256 -5.09043363375802649 0.0230230739755178625 -0.00577058515166779459 0.39007247606352069 -0.920478191935799939 -123.524954906139286 -78.366214207386605 -5.14580002636658751 0.0264299730532240873 -0.00389670296541719816 0.390165916418020953 -0.92035690354127897 
244 1357847483.30522609 0 1 1 -124.758291500844933 -79.0486918383072918 -6.11607454512437521 0.000205383435106926138 0.00833213693664014605 0.440387109313560177 -0.897769306259776467 -123.341459025975865 -78.5810907519009163 -5.32315610992274024 0 0 0 1 -123.858600731757633 -79.0684234387406946 -5.14808988231065268 0.000280681008651693313 0.00536547054728412666 0.44042032576946305 -0.897775623189390193 -124.384209529093042 -79.0700332696012396 -5.19865970878071604 0.00354298242726940006 0.00744204774188871303 0.44047280808044964 -0.897728115045224095 
245 1357847484.10549355 0 1 1 -125.583217757174253 -79.6466355050016404 -6.16082042564260668 -0.0111956244234089532 0.0124380428474933254 0.471602927245617587 -0.881652217202031907 -124.375801579250236 -79.5771513854528649 -5.40307241954608664 0 0 0 1 -124.683803441118201 -79.6662446535026731 -5.18986337056266045 -0.0110172623256843422 0.00947690687204663304 0.471678586369751407 -0.881650792166160602 -125.209492364915917 -79.6680247252921419 -5.23653764654038234 -0.00777826336325633527 0.011647358086896065 0.47167724910569131 -0.881660031046397785 
246 1357847484.90487289 0 1 1 -126.530623004813094 -80.2045447132544211 -6.20623048172549119 -0.0162144994509617855 0.00369120554312012648 0.517793811547999527 -0.855343810249298619 -125.348138739797363 -80.1238739903305941 -5.44975191026567796 0 0 0 1 -125.631493867917897 -80.2240096385538095 -5.23154390017986959 -0.0158806511025013503 0.000744347819954870081 0.517877938882881028 -0.85530678197083343 -126.15720686336941 -80.2259628181770665 -5.27464904123681588 -0.0127563190638709592 0.00308302419705693605 0.51789657058680949 -0.855342570821868486 
247 1357847485.70572305 0 1 1 -127.548381603757548 -80.6713259784018959 -6.24074753968851148 -0.00984450101637214699 0.00607446991599256293 0.561726310218704117 -0.827242249297664101 -126.322264935294982 -80.6716025280143896 -5.496517288107305 0 0 0 1 -126.649480035367631 -80.6906536527027782 -5.26172932640137159 -0.00935867513731983118 0.00314882439002812063 0.561801539648089654 -0.827213110482220793 -127.175203565069978 -80.6927095058017443 -5.30201111351620202 -0.00635437213393101174 0.00564663927893181705 0.561801506889340829 -0.827228387010808031 
248 1357847486.50586796 0 1 1 -128.586410602897757 -80.9977729551806505 -6.28421492162446338 -0.00837427552497763301 -0.00304021955823972337 0.571011782371771748 -0.820893521089722134 -127.275877714266343 -81.0894656012360713 -5.5378797174919594 0 0 0 1 -127.687778550354281 -81.0169231823844598 -5.30041022301826015 -0.00785749344124637809 -0.00596003876743931606 0.571078081366336199 -0.820836501818514308 -128.213484194392009 -81.0191763798802924 -5.33895792710307315 -0.00487581276118426686 -0.00342845771545671318 0.571103183908013068 -0.820856641233864592 
249 1357847487.31542301 0 1 1 -129.641310429479262 -81.4102646815214968 -6.33066184886992378 -0.0087999955412767436 -0.000932967908609460064 0.578094215510534526 -0.815922035272130031 -128.330407946913056 -81.4779324783795573 -5.58087073164231295 0 0 0 1 -128.742980301754642 -81.4292102508515967 -5.34219634249515618 -0.00825929809860204665 -0.00384789091263057709 0.578170651888865184 -0.815864985781868057 -129.268660093535516 -81.4317105252407316 -5.37833904733881063 -0.00529375616314875248 -0.00128997870984153321 0.578176439975152223 -0.815893569259050211 
250 1357847488.11486506 0 1 1 -130.649325556320662 -81.7199674714662478 -6.3780639802630219 0.00244723852962186461 -0.00754817388835960293 0.627842108540228039 -0.778300278066435647 -129.321185664164602 -81.8235005569001999 -5.61844732503164934 0 0 0 1 -129.751297754277942 -81.7386948282754986 -5.38493759262215299 0.00316661249063719978 -0.0104243653061416915 0.627883599321129804 -0.778231000973901743 -130.276940575609672 -81.7414966983637186 -5.41943064346462311 0.00602584273453644122 -0.00771739013660754317 0.62791737866804942 -0.778218411935533427 
251 1357847488.92355847 0 1 1 -131.692593981323057 -81.8782786212317575 -6.44050607619475279 -0.0150746845392173406 -9.31555504742644092e-05 0.645782733373278073 -0.763372390439308712 -130.405982938039244 -82.0217020166264064 -5.63346317061130097 0 0 0 1 -130.794931818325466 -81.8967299500379937 -5.44215461564843839 -0.0142892930434034698 -0.00294995668730721906 0.645885769038209046 -0.763294626742376581 -131.320498473836409 -81.8999742004771889 -5.47611909201284774 -0.0115457076873835517 -0.00014306893225784272 0.645862809144636119 -0.763366168970748604 
252 1357847489.72530103 0 1 1 -132.745965447858055 -82.0906589987995829 -6.48314447580882813 -0.0152250655802457953 0.00647728304358396838 0.628576296404396939 -0.777571914218217142 -130.517008875438478 -82.0419873762875795 -5.63500000000004775 0 0 0 1 -131.848570376715543 -82.1088639434322403 -5.47965094040141043 -0.0145045444089516515 0.00360401702816459408 0.628695714637969916 -0.777507766937798328 -132.3740875452973 -82.1124242624870107 -5.51272038398375486 -0.0116951390777862117 0.00635231303228451279 0.628636146432375198 -0.77758566553129338 
253 1357847490.52491355 0 1 1 -133.801639952889047 -82.2649798264477994 -6.5221692075590969 -0.0196273434506001147 0.0023659433824988977 0.628892375988081009 -0.777240985232411252 -131.84343145636376 -82.2679660711437464 -5.69600000000002638 0 0 0 1 -132.904491187764194 -82.2829300274699733 -5.513428969171005 -0.0189074227643442894 -0.000506059914143693144 0.629024976507084888 -0.777154960222242286 -133.429956509048907 -82.2868106273740665 -5.54589972650647578 -0.0160950202020277919 0.00224715504998099225 0.628969423209075673 -0.777260165766212818 
254 1357847491.32672191 0 1 1 -134.904266487931864 -82.5332669037956066 -6.59071597477720506 -0.00200829342603361244 0.0116422244473292393 0.602094078218096129 -0.79833773952014464 -133.608801887339837 -82.6102400259740364 -5.76647828146396257 0 0 0 1 -134.007543711207859 -82.550861736144455 -5.57671296904615499 -0.00138730174108787495 0.00874539573756703825 0.602199905730485097 -0.798296227590652996 -134.532922747149883 -82.5553283959597621 -5.6078826166470952 0.00152188018696735846 0.0114068462981138236 0.602103014024037542 -0.798335473495570991 
255 1357847492.03584909 0 1 1 -135.878520225358983 -82.7865918797044316 -6.63813146397701104 -0.00575766106241264695 0.00181495665517386064 0.602503324913403637 -0.798093540093969156 -134.565184904611669 -82.8312213495373726 -5.80900000000002592 0 0 0 1 -134.982111993798611 -82.8038910967189281 -5.61952166056859514 -0.00513786259311283054 -0.00108097974673427243 0.602613562019791438 -0.798015869967872549 -135.507414736689555 -82.8088021971793893 -5.64941242746456407 -0.00222393502433232545 0.00158685678070423302 0.602543711239400537 -0.798081206422263101 
256 1357847492.83518195 0 1 1 -136.964005746154697 -83.0942122204621825 -6.69093108987036089 0.00496016131628534973 0.0028036762994712635 0.60801438137539987 -0.793905566323611533 -135.683926626410539 -83.1681355118776651 -5.86750884099006598 0 0 0 1 -136.067957441549481 -83.1111625621387873 -5.66725516495744941 0.00559851907478880941 -8.89850677994133302e-05 0.608103255976561674 -0.79383819430443836 -136.593110480595584 -83.1165713006130176 -5.69562109142976158 0.00844084934121906369 0.00260731141362212761 0.608012470034607677 -0.793878322082173238 
257 1357847493.63508105 0 1 1 -138.051291154171906 -83.3347457836606935 -6.74844426394915686 -0.0150089954748971344 -0.00463778232285647248 0.641221191494656728 -0.767195284531997923 -135.922768833872396 -83.2400639299303293 -5.8800000000000523 0 0 0 1 -137.155616428567555 -83.3513162323875036 -5.71952795309715878 -0.0142505795587980558 -0.00749741738810776048 0.641357295471326139 -0.767073353246254364 -137.680715969724162 -83.3573556596463163 -5.74677893980211252 -0.0114661609360003011 -0.00467845210164982012 0.641293342056195925 -0.767195860699024679 
258 1357847494.44510889 0 1 1 -139.139147515955159 -83.5037885213507707 -6.80642123834988055 -0.0051316461258521899 -0.00230965989084233082 0.661350957683550567 -0.75005549291387652 -137.274067386810202 -83.5189391393214464 -5.95199999999999818 0 0 0 1 -138.243837965205131 -83.5199600019759174 -5.77208567977966425 -0.00429911990822934124 -0.00514968184621837979 0.661467509082355076 -0.749943819744707252 -138.768845029087601 -83.5266288354451376 -5.79882602587431162 -0.00158202985416862948 -0.00225043481975058073 0.661391279092927165 -0.750036004912087106 
259 1357847495.24502993 0 1 1 -140.210220046985569 -83.5606705149643716 -6.86113259441268131 -0.018081164524699031 -0.00375377268819362779 0.69218556204740822 -0.72148328350222346 -138.892024104155695 -83.7556201242261125 -6.02037526935130618 0 0 0 1 -139.315230283416724 -83.5764377156029354 -5.82118975737395861 -0.0171319462472791575 -0.00655370140564627383 0.692337023637492721 -0.721341105938406835 -139.840168750232493 -83.5837368913308296 -5.84829085451892983 -0.0145304282078439449 -0.00353754385396479231 0.692256865838606905 -0.721496212144517868 
260 1357847496.04523039 0 1 1 -141.295393892560895 -83.6067915396688051 -6.92738079014536368 -0.0120674269512466951 -0.00312350011571839274 0.687849350061486731 -0.725746438209512568 -139.972291095411862 -83.8076965756950187 -6.06758750478640785 0 0 0 1 -140.400781104046871 -83.6221027665807384 -5.88173033958209768 -0.0111368099738027686 -0.00593010344195770995 0.68799252613490991 -0.725608082451732805 -140.925647421602264 -83.6301544996853039 -5.90928874654348046 -0.00850675207493226636 -0.00292105507114017457 0.687904128487015765 -0.725745831966623456 
261 1357847496.84532189 0 1 1 -142.379244295672095 -83.6656739637429467 -6.99880378837357675 -0.00934690425543113768 -0.011541288438989836 0.663186708077899145 -0.748306637863655033 -141.068433406479812 -83.9063215203676975 -6.11850206266754526 0 0 0 1 -141.485038871664557 -83.6804978894110008 -5.94748715207432976 -0.00851386784712452466 -0.0143774703224948432 0.663322370591886146 -0.748147201474260837 -142.009828605154155 -83.6893698114001694 -5.97540178056132731 -0.00577220809972914511 -0.0114496315041961675 0.663258409018646966 -0.748280609409414543 
262 1357847497.64521909 0 1 1 -143.461810302238291 -83.844939862024134 -7.0571624129709738 -0.0104204033858164829 -0.00694016967472350487 0.62798496437610718 -0.778124754622099513 -142.16430950716699 -84.0049225128730086 -6.1694042553806705 0 0 0 1 -142.567980875004992 -83.8592892947323492 -6.0004916273710478 -0.00972008365830035956 -0.00981138325731196852 0.628141337568941194 -0.777976681378918622 -143.092630004225612 -83.8688154009307993 -6.02774749781319219 -0.00687431438937779419 -0.00702278202092134363 0.628052988470780504 -0.778108519428546308 
263 1357847498.45509696 0 1 1 -144.528634847469334 -84.1381136235075218 -7.12557680136372618 -0.013972754581963797 -0.00815812220280571522 0.578764596238584783 -0.815334133538087813 -142.67230358812958 -84.050629067234695 -6.19300000000004047 0 0 0 1 -143.635275992242441 -84.151947666214042 -6.06392538681503179 -0.0134529782498661165 -0.0110657940335770789 0.57894291827921085 -0.81518198149429566 -144.159835170038349 -84.162379012823223 -6.08964238250312118 -0.0103820549520189046 -0.00843601552600504664 0.578839808694425306 -0.815331541428160111 
264 1357847499.25520205 0 1 1 -145.553473167082444 -84.5476396958905667 -7.18625343319229337 -0.00547656394397644155 -0.0130297017088960507 0.512064312698569557 -0.858830817903786237 -143.982457208679989 -84.452421679161489 -6.29700000000002547 0 0 0 1 -144.660592889071211 -84.560972257719115 -6.12014257231618064 -0.00519276438194733823 -0.0159706856851926232 0.512229626297676877 -0.858684332184861066 -145.184978308045089 -84.5721931608020867 -6.14333456161059832 -0.00190501135316661126 -0.0135846323355858171 0.512135721590759374 -0.858794987972544943 
265 1357847500.05537605 0 1 1 -146.504945463356449 -85.1333539051759658 -7.25349588546287194 -0.00648848372990171954 -0.0280904478941366303 0.48017019786404247 -0.876701435723245548 -145.226960218460874 -85.0904404055251575 -6.3941459931918061 0 0 0 1 -145.612655011172563 -85.1461764026466028 -6.18376544302908648 -0.00631736673171076103 -0.0310380486056935183 0.480330217671680604 -0.876515608764500964 -146.136795888997426 -85.1582401002455782 -6.20293874911488619 -0.00292598616771363312 -0.0287673906876200446 0.480288016873863299 -0.876634072281783916 
266 1357847500.85514998 0 1 1 -147.366757381724398 -85.7480635060501299 -7.30219898145520396 -0.0213173364462802793 -0.0367066198692878251 0.445498231881281848 -0.894275975644688415 -146.141768388191707 -85.7273384470790916 -6.40075757964727909 0 0 0 1 -146.474980159789084 -85.7604404805149585 -6.22940578726545802 -0.0212647005014256416 -0.0396534705790365094 0.445698026011279114 -0.894051835406242779 -146.99887119953874 -85.7731907266735334 -6.24423125751767572 -0.0177701161769957677 -0.0375130290101618399 0.44567737934097007 -0.894230769527253555 
267 1357847501.66077447 0 1 1 -148.152012198865236 -86.3763846261590089 -7.29831831968383149 -0.0308413766551932436 -0.0122303611154047191 0.39336061593315752 -0.918785423037221771 -146.313675130484626 -85.8470215359702706 -6.40200000000004366 0 0 0 1 -147.260481635828171 -86.3884630953757977 -6.22291052344715556 -0.0309553754133067328 -0.015173855332158882 0.393629492028594374 -0.918622524137466812 -147.784149996165581 -86.4014666477568909 -6.23319385143911298 -0.0273283884671780448 -0.0132330341052788823 0.393496384946079081 -0.918824597530193965 
268 1357847502.465837 0 1 1 -148.892763264809275 -87.1248880900452036 -7.31916039456057099 -0.0284823645232761893 -0.0178582583050890704 0.360688914112012649 -0.932080117134878705 -147.310313225025311 -86.6663094302639365 -6.41500000000002046 0 0 0 1 -148.001676074464257 -87.1366115349078996 -6.24168232671420498 -0.028703367883552787 -0.0207953500717902029 0.360954574155909202 -0.931909580100698132 -148.525002493888394 -87.149995415898033 -6.24639400938480094 -0.0250022076314323806 -0.018985647816380697 0.360818572990222242 -0.932107500332363448 
269 1357847503.2655139 0 1 1 -149.614159410052707 -87.9780264583464628 -7.35057294101743164 0.0106366943437668088 -0.0220682571517078832 0.280422086624528 -0.959564122970877453 -147.811817471643963 -87.2291152611935843 -6.44724981256789498 0 0 0 1 -148.723630230858134 -87.9893615950723671 -6.2713961664689819 0.0101638949003933481 -0.0249851257600886972 0.280591788713470236 -0.959448115761233677 -149.24665316407615 -88.0033665982578839 -6.26957917379493423 0.0140443164032335623 -0.0234736201877179945 0.280496632438451854 -0.959465155971146677 
270 1357847504.07511449 0 1 1 -150.136964896015144 -88.887266120626407 -7.38249479367922845 -0.00208401026836563426 0.00697622104818806064 0.201020575808367546 -0.979559961075768371 -149.088088274862343 -88.6856029220167557 -6.52998015200005799 0 0 0 1 -149.247041449948654 -88.8982913755550328 -6.302825312744325 -0.00278834295047450864 0.00411063662701765652 0.201272941532669225 -0.979522603525256996 -149.769675290510691 -88.9127847483174207 -6.29387494366037092 0.00121487729653159296 0.00530037430731152611 0.201046753523009769 -0.979566553636461723 
271 1357847504.87512302 0 1 1 -150.528414657579816 -89.8444094915995635 -7.42468321457244329 0.003360812030806095 -0.00737002263335016783 0.187417397174712341 -0.982246968407199383 -149.507623340163406 -89.6505547700647583 -6.5703934994420452 0 0 0 1 -149.639188603297271 -89.8551509850932888 -6.34534633753616895 0.00261183074366623654 -0.0102256247475130922 0.187644269721273765 -0.982180351554366782 -150.161401194036955 -89.8701770543496536 -6.32873214767520853 0.00665003431427431315 -0.00908791940389054587 0.187478083094726522 -0.982204232898461038 
272 1357847505.68531299 0 1 1 -150.932603597796259 -90.8056647865580828 -7.46697262295934028 -0.000113505550929462903 -0.00167041189025625382 0.179629472784000127 -0.983732915657471008 -149.576206093595829 -89.8082985682412982 -6.57699999999999818 0 0 0 1 -150.044089945441812 -90.8161083934368349 -6.38791406931328964 -0.000885110262912804742 -0.00451802899777724309 0.179879405108132967 -0.983677896270797603 -150.565876104926133 -90.8316814679401858 -6.36357292541284014 0.00317596451379905872 -0.00341054360901215606 0.179687559052439244 -0.983712693098688362 
273 1357847506.48537803 0 1 1 -151.23275586324263 -91.8571160280290115 -7.50016808805771262 -0.00538885716267839803 -0.00708581019219257577 0.121859528462944552 -0.992507434146056911 -150.03145067137666 -91.0420031072571874 -6.6330000000000382 0 0 0 1 -150.344967712859727 -91.8673324569482617 -6.42217469706815436 -0.00632819516866714449 -0.00988070047051285531 0.122124914464585135 -0.992445379338901978 -150.866292750681566 -91.8833382317997689 -6.38924231666833897 -0.00219446325749060069 -0.00901169078711125567 0.121952745468256643 -0.992492570064342439 
274 1357847507.28520942 0 1 1 -151.532784127898708 -92.9137795160639115 -7.53260037821573469 0.0369679008609160586 0.00644903240690547497 0.0776522826818981937 -0.996274012147884469 -150.253580316135725 -91.8366092965633385 -6.67164962678786289 0 0 0 1 -150.645733426197211 -92.9237652696356946 -6.45568954398761541 0.0359082195904123352 0.00369032010772594316 0.0778288308632041209 -0.996313030322205528 -151.166568722505389 -92.9401064331785136 -6.41392784413457573 0.0401335247285413629 0.00440002371012328947 0.0775762152517184417 -0.99616859557578552 
275 1357847508.18563199 0 1 1 -151.646632511299316 -94.0165286101656505 -7.58816835635946951 -0.00415393286736176481 0.00855365302315013246 0.0406938145002820606 -0.999126415086254216 -150.776441435284198 -93.8015859951113811 -6.7666355546211916 0 0 0 1 -150.760484190015347 -94.0263202036885417 -6.51345143381797254 -0.00531601083022870298 0.00584686626538800675 0.0409883388914739841 -0.999128375264482949 -151.280870459216459 -94.0432976904705527 -6.46263114641529413 -0.00110398463634745121 0.00637489616189303252 0.0407540590221286761 -0.999148261565854234 
276 1357847508.98533249 0 1 1 -151.79478506514161 -95.0262456916016021 -7.61585699604668065 -0.0107465360674074036 0.000823510139370899757 0.0525618766309976712 -0.998559503944872695 -150.918619329004684 -94.8160957103687849 -6.81282301523195599 0 0 0 1 -150.909351316052863 -95.0358933417348624 -6.54291823127720384 -0.0118796960278100255 -0.00189356307068013841 0.0528685088050847296 -0.998529022120995258 -151.42931142764678 -95.0532073212361439 -6.48365120154573482 -0.00766293504785763718 -0.001315591531121694 0.0526672102739446299 -0.998581851230701867 
277 1357847509.79492998 0 1 1 -151.878428332456366 -96.0691533827299509 -7.65370231991374794 0.000898098088694053139 0.0107223385100509161 0.0294973535558310969 -0.999506943952817917 -150.922242416592781 -94.8419482354074717 -6.81400000000002137 0 0 0 1 -150.993792722425525 -96.0786621700392658 -6.5829717728069328 -0.000296066814567629705 0.00803036050361286349 0.0297902813781628258 -0.999523869044673274 -151.513314090760275 -96.0963782314297532 -6.51490652607105325 0.00393958618584674264 0.00851453761656958963 0.029553634746130035 -0.999519166891337241 
278 1357847510.4955759 0 1 1 -151.992120411692866 -97.0759230075542234 -7.68573986466625669 0.0301873011289524665 0.0140435334441554906 0.0457821430960737019 -0.99839646503404833 -151.05972309660865 -96.1654758518561721 -6.875 0 0 0 1 -151.10824139465123 -97.0852943634509273 -6.61696836981587566 0.0290373895093638604 0.0113268063337743745 0.0460050416135821053 -0.998454841049354225 -151.627352254229805 -97.1033743743569033 -6.54041258907151768 0.0332689847514561834 0.0118875252757636805 0.0457677241609130495 -0.998327189262896986 
279 1357847511.29513907 0 1 1 -152.102139885515413 -98.0906193043123409 -7.70958048806313556 -0.00755149880370880894 0.0128022112207722954 0.0600174985626483609 -0.998086658622365785 -151.153585254667973 -96.9979473216819201 -6.90113784086302218 0 0 0 1 -151.218987235442057 -98.0998745417523281 -6.64281051428931058 -0.00866467914931331323 0.0100803974175194769 0.0603422526242934423 -0.998089235224671856 -151.737700475951755 -98.1182501469697286 -6.55767730072433874 -0.00443329640624490467 0.0106974722446908921 0.0600993217207217434 -0.998125233374679177 
280 1357847512.10559511 0 1 1 -152.299125239196172 -99.1143180865832676 -7.73280743124449188 -0.00885415883650666341 0.0136914723781389434 0.0896808875442009767 -0.995837077972446694 -151.371060955290432 -98.8738550786280967 -6.96002379829785855 0 0 0 1 -151.4167078156419 -99.1234113090231119 -6.66760301400815969 -0.00988682321823601204 0.0109395302639983035 0.0900125143172856718 -0.995831474030889896 -151.935012121409414 -99.1420164077010213 -6.57418266095469495 -0.00565422967350631776 0.0116393552305220326 0.0897742995659841087 -0.99587806996341377 
281 1357847512.90504694 0 1 1 -152.493808558109521 -100.200634871792815 -7.7525727003805418 -0.0058570689616198662 0.0138032711850512978 0.0954299173561831554 -0.995323211485175219 -151.564233605598019 -99.981426758527661 -6.99464380676404307 0 0 0 1 -151.612152270418846 -100.209572774373768 -6.68910911166281519 -0.00687513826405804739 0.0110458995217316645 0.0957562171330887252 -0.99531978150640954 -152.130128400608669 -100.228560828693389 -6.58627950327480338 -0.00266130293170726813 0.0118190270406411911 0.0955157378117535566 -0.995354194192597297 
282 1357847513.69994497 0 1 1 -152.789420717309525 -101.258812670101534 -7.76722967471948067 0.000135240917214183063 0.0150612194349711466 0.13190012126371764 -0.991148575839991053 -151.588540283439215 -100.120791145600379 -6.99900000000002365 0 0 0 1 -151.908486992884576 -101.267546651943192 -6.70490312939524369 -0.000781909300833407675 0.0122678022618465544 0.132213069174703768 -0.991145092297245234 -152.42609128963872 -101.286822726368058 -6.59322982885847431 0.0034015399235963425 0.0132023864669158671 0.131972265294633351 -0.991159647943119948 
283 1357847514.4056201 0 1 1 -153.032690964497618 -102.238760043222513 -7.79037926248963686 0.000591880912831343423 0.00947462602159478487 0.130955969067451578 -0.991342733520723773 -151.894889416522346 -101.50174452830106 -7.03900000000004411 0 0 0 1 -152.152485608468794 -102.247300785878849 -6.72927008091728052 -0.000331063909911691497 0.0066831836214360698 0.131262545154693544 -0.991325057533038456 -152.669748375302419 -102.266917990007585 -6.60937990384271679 0.00385454689259344223 0.00762076274433356408 0.131047775285555335 -0.991339269390733913 
284 1357847515.20611191 0 1 1 -153.378819445776884 -103.308540667856974 -7.80096178589223044 0.000383523588949710378 0.0146286951536996508 0.157340639579002434 -0.98743596112589882 -152.376274472916748 -103.08090620016722 -7.10914019464483893 0 0 0 1 -152.499333464160543 -103.316858712013953 -6.74075880845610964 -0.000464481158500768053 0.0118151193025357436 0.157654656038147517 -0.987423514325344587 -153.016236732544428 -103.336743242880075 -6.61196176034705996 0.00369212828631706362 0.0128715471922267247 0.157420333862817063 -0.987440899471008771 
285 1357847516.01492 0 1 1 -153.721969665232166 -104.339372284377916 -7.81196110075053873 -0.00712401464821467607 -0.00362948377229058801 0.169123562507478509 -0.985562426164683814 -152.71111226658104 -104.168018556199968 -7.17000000000001592 0 0 0 1 -152.84318595171689 -104.347466068900673 -6.75258395852657589 -0.00794539194011070586 -0.00644955454886563667 0.16943452424239161 -0.985488313470938015 -153.359750677531395 -104.367622068802234 -6.61521653227088535 -0.00380062399245421944 -0.00533644639735980034 0.169277353435901307 -0.985546678352097749 
286 1357847516.81485605 0 1 1 -154.027882053570437 -105.368197873240746 -7.8210444804619037 -0.0213345268504428788 -0.0485705882616350795 0.158245040272622872 -0.985973753783082496 -153.011467397038928 -105.215974183956149 -7.17401451489124486 0 0 0 1 -153.149793373997937 -105.376093072302538 -6.76268856558829068 -0.0222001833239298917 -0.0513718980810759368 0.158536634222462058 -0.985765801576289569 -153.666069114967286 -105.39645705788854 -6.61657242716335769 -0.0180216252143923297 -0.0503098803657817187 0.158546889923144529 -0.985904164033153396 
287 1357847517.6151166 0 1 1 -154.334454835013219 -106.430760474253205 -7.80908615308834086 -0.0248056592571545172 -0.0182824467745516563 0.110337602485474792 -0.993416350221049682 -153.085198723594658 -105.473226851783693 -7.17500000000001137 0 0 0 1 -153.456973102364572 -106.438508002639168 -6.75183835510883767 -0.0257996486782710865 -0.021039408653978596 0.110680139579669309 -0.993298358054715447 -153.9728715244635 -106.458983065760236 -6.59703718138345074 -0.0216035045113250161 -0.0201538544430374562 0.110580245431245436 -0.993427964204895764 
288 1357847518.42524791 0 1 1 -154.663839999657 -107.495512536455891 -7.82242388058328686 -0.0193188490269674829 -0.0317333788516926812 0.136170149518396538 -0.989988618681581611 -153.482385314942803 -106.77558727003634 -7.20300000000003138 0 0 0 1 -153.78710294846627 -107.50303573174746 -6.76617235462548994 -0.0202457585852583548 -0.0345147813854564806 0.136479671415148607 -0.989834399490962746 -154.302652594303964 -107.523798853649623 -6.60253080291287731 -0.0160770490610206776 -0.033509037764451334 0.136441457184457132 -0.989950706673303094 
289 1357847519.22530103 0 1 1 -155.017097360035734 -108.592699459345781 -7.84251012073695541 -0.00164793327645318247 -0.0142925166759013331 0.15876873716369122 -0.987210968528223098 -153.900513802771457 -108.126524080522358 -7.23300000000000409 0 0 0 1 -154.141161389972439 -108.59996606733786 -6.78721585600252464 -0.00250790044065363291 -0.0170997971923405878 0.159052813061378945 -0.987118792257863364 -154.656349579676089 -108.621082277533262 -6.61449316119020647 0.00163162738056905031 -0.0159852267454019606 0.15894986604561992 -0.987155889615246362 
290 1357847520.02525091 0 1 1 -155.401800444803058 -109.665685920902519 -7.84870690029970497 0.000839943634703010531 -0.0231197230629421359 0.19416001022540802 -0.980697029326311753 -154.36521871999139 -109.455079299397767 -7.27300000000002456 0 0 0 1 -154.526577408482126 -109.672713083663993 -6.79414592259080496 7.74906106355415533e-05 -0.0259549010432014414 0.194423291325013292 -0.980574281172717721 -155.041430120549961 -109.694074112197612 -6.61259541490801084 0.00416987218076158867 -0.0246809716637054651 0.194361646979225838 -0.980610530224540478 
291 1357847520.83497143 0 1 1 -155.843627905344704 -110.650523829325266 -7.85614881171795254 -0.0120044084234533013 -0.015028522686854711 0.195522810349380433 -0.980510514128907218 -154.824538727077169 -110.492846474473112 -7.29853661794564701 0 0 0 1 -154.969069251107271 -110.657273962004652 -6.80179598401685048 -0.012762027636251649 -0.0178598258634273081 0.19582931345861454 -0.980392287434508236 -155.483620886847547 -110.678910145059689 -6.6122389741293448 -0.00867714751359366897 -0.0165710874134324289 0.19572884014974784 -0.980479641454425233 
292 1357847521.6351881 0 1 1 -156.283860168746315 -111.590545576563258 -7.86249205505030879 0.0189102609318547235 -0.0255691928663286418 0.223565658126326144 -0.974169910700487862 -154.922807052556891 -110.714869554154575 -7.30400000000003047 0 0 0 1 -155.409931066581635 -111.597021155726722 -6.80824372231137875 0.0182298650915775802 -0.0284280421083389807 0.223773818502544214 -0.974055848806124613 -155.924234243883348 -111.618896643221348 -6.61110957858948112 0.0222618851777162709 -0.0270054373189141696 0.223740789673837481 -0.974020109576632875 
293 1357847522.63548541 0 1 1 -156.774285568835182 -112.522691134408163 -7.85598367126187469 0.0188251874863188395 -0.0130942605551895783 0.25004165757617397 -0.967963492148943283 -155.436150253284723 -111.834452454000711 -7.34500000000002728 0 0 0 1 -155.900911963161292 -112.528898474482247 -6.8015591443193113 0.0182246845103897007 -0.0159698429996396503 0.25026270729318234 -0.967874683173059691 -156.414932652708671 -112.55095609758105 -6.59695558946168337 0.022218302605643888 -0.0144285758480093684 0.250175882653367543 -0.967837894983933245 
294 1357847523.93672609 0 1 1 -157.279644212294158 -113.421338056260225 -7.85358332453809282 -0.0588863334523994919 0.00373372050829759872 0.277130061799298943 -0.959018971611519055 -155.900872860685922 -112.717925882898271 -7.32600000000002183 0 0 0 1 -156.406824144888077 -113.427258610949764 -6.79882173776532994 -0.0594002760500920227 0.000870710402884892782 0.277572734591919446 -0.958866114783357593 -156.920602275920032 -113.449524756680503 -6.58707416314285155 -0.0554647503154492572 0.00252131376910547187 0.277378460091712686 -0.959155093989743079 
295 1357847525.13596559 0 1 1 -157.910307692238263 -114.274117770371248 -7.74397160986551114 -0.0331856751575559938 -0.00605359897839550902 0.350470986635022685 -0.93596589277110942 -156.792642161832191 -114.195947508327663 -7.25200000000000955 0 0 0 1 -157.037444754126142 -114.279959501198263 -6.68810198677190204 -0.0334815883433773054 -0.00895779948678685455 0.350824417801189503 -0.935799641453669229 -157.551108104519813 -114.301557548549653 -6.46974970783515602 -0.0296837616813099316 -0.00699266339666723604 0.350689477092818447 -0.935995121572454347 
296 1357847525.64622355 0 1 1 -158.191625106350585 -114.546992892484909 -7.70868336489869144 -0.00163116480229843173 -0.0181846507292413931 0.434724735742661184 -0.900378288228185109 -156.792642161832191 -114.195947508327663 -7.25200000000000955 0 0 0 1 -157.318763512560253 -114.55277086437016 -6.65204284349916541 -0.00166496439241715553 -0.0211131319426130087 0.434967030886680761 -0.90019728148599254 -157.832436423328147 -114.574239546934947 -6.43168645423968321 0.00193500420468080566 -0.0187931206480179448 0.43490659813878807 -0.900277360189838283 
297 1357847526.25522161 0 1 1 -158.471100082860374 -114.739564332917539 -7.69334174005507698 -0.0292770492762177217 0.000439272571995930647 0.517563304453067974 -0.85514378165832805 -157.27846847550245 -114.739268636330962 -7.19900000000001228 0 0 0 1 -157.598297125048504 -114.745230334160041 -6.63573237642341596 -0.0290308172945961118 -0.00246945259801294257 0.517887227051761379 -0.854952591380195415 -158.111987407466387 -114.766738200316468 -6.41405901632318898 -0.0256749413698820726 0.000184536394022009285 0.517741097223593738 -0.855151986244364393 
298 1357847526.75672889 0 1 1 -158.673156205462305 -114.800863093890186 -7.67947053079283481 -0.0608933438871297333 0.0350852944688903046 0.585208364430057637 -0.807831785078658604 -157.27846847550245 -114.739268636330962 -7.19900000000001228 0 0 0 1 -157.800341443717372 -114.806458307549676 -6.6209588280994387 -0.060399777902399171 0.0322221922710380498 0.585644827484247177 -0.807671797944892855 -158.313964308604426 -114.827891956774423 -6.3988394207722239 -0.0573076023682326866 0.0351290700464859662 0.58535074749995597 -0.807989040488617416 
299 1357847527.25486302 0 1 1 -158.924143475806801 -114.851887004284094 -7.66914574549748096 -0.0753608885963610586 0.0633413477743997172 0.661493264422842508 -0.743461681094124027 -157.426714854594991 -114.823817005535261 -7.17705442750096445 0 0 0 1 -158.051328790316262 -114.85737395824593 -6.60944808856532529 -0.0745772050513955342 0.0605519977754450864 0.661984278443677021 -0.743336068777460168 -158.565138536231956 -114.879015140541767 -6.38735003833091763 -0.0717940589689301939 0.0637677766420156472 0.661564424892052805 -0.74371486167492129 
300 1357847527.76934552 0 1 1 -159.313197069935683 -114.842248348958393 -7.6528569187305111 -0.0939075724417547525 0.0871242318982941299 0.71844779784566748 -0.683683770338992192 -157.691870548233283 -114.975041484808116 -7.1378022478936467 0 0 0 1 -158.440313681199143 -114.847564285065218 -6.5910913102622164 -0.0928917719235453215 0.084422579594573971 0.718999967093238324 -0.683581007696545173 -158.954211860174468 -114.869273755199259 -6.3695263473471444 -0.0904035756757381181 0.0878539436245952404 0.718478354485843629 -0.684030505335809003 
301 1357847528.576159 0 1 1 -160.327213478974272 -114.71597662089512 -7.57649674221718072 -0.0530369627520435316 0.0584341552114782947 0.724898590592283232 -0.684320512219296684 -159.209368827120642 -115.017632706079254 -7.02591427638131272 0 0 0 1 -159.453871965270224 -114.720925270521889 -6.50908471022205948 -0.0520153784943575975 0.0557108985003778728 0.725305621468588901 -0.684194746877256899 -159.967963613525967 -114.74236097418391 -6.28975383075352834 -0.0495291884454606354 0.0591851047818440015 0.72493253691877535 -0.68448287033380506 
302 1357847529.07546806 0 1 1 -161.060489564466423 -114.725473230653506 -7.51688259184949992 -0.00947242393664704183 -0.00644042112983435854 0.67927093297115948 -0.733798196904929423 -159.733351459726691 -114.968757256865501 -6.99000000000000909 0 0 0 1 -160.186859774283249 -114.730172016953802 -6.44565133313818883 -0.0086553593558938869 -0.0092455974000456749 0.679492623743438107 -0.733573021560495642 -160.701086871877891 -114.751392063692848 -6.22710257580347726 -0.00592781628957150027 -0.00592164691501679066 0.679418608517472933 -0.733703039036933347 
303 1357847529.98611212 0 1 1 -162.141372807118671 -114.898098208404733 -7.44624360374297112 -0.0540271544772646037 0.0156586214116942943 0.619091994283075708 -0.783301332035877151 -160.363356574686321 -115.023679213589617 -6.94725240570061153 0 0 0 1 -161.267486369249923 -114.902381545350224 -6.36980036150381057 -0.0534275747841406884 0.0128153650286952827 0.619472521772629903 -0.783093261010797459 -161.781818406292416 -114.923368507966714 -6.15106302958341722 -0.0504593128825939763 0.0159161113339969483 0.61927708317069019 -0.783387789924646749 
304 1357847530.88497305 0 1 1 -163.199975061823039 -115.178322823740928 -7.40395604056471246 -0.0634358966299376076 0.0233400639587126417 0.602717385538932948 -0.795086713259800515 -161.015539285726845 -115.080534546636045 -6.90300000000002001 0 0 0 1 -162.326042407573908 -115.18213113679279 -6.32270157658739773 -0.0628941135303361654 0.0204903251233143277 0.60313499120075964 -0.794891602326275537 -162.840464050502135 -115.20332059504895 -6.10286160533171795 -0.0598615119264602966 0.0235187774474028589 0.602920294302270454 -0.795204744211024939 
305 1357847531.69530201 0 1 1 -164.27353103375404 -115.470804981972876 -7.3486612461231049 -0.039115114982629616 0.0286564545869244687 0.567118754423588944 -0.822207476110160651 -161.911902383718626 -115.292328019446103 -6.85790736856850813 0 0 0 1 -163.399491163453916 -115.474166972613801 -6.26255333334283559 -0.0387022316980200828 0.0257759333850545794 0.56748656589608415 -0.822068571377833068 -163.913934331310941 -115.495034447267585 -6.04159328254367001 -0.0355321864110035371 0.0287021450605450257 0.567251589023528568 -0.822276890924255044 
306 1357847532.4960959 0 1 1 -165.222972269120675 -115.896949708964883 -7.29530602562283015 -0.00804991233174110615 -0.0047941792157515685 0.519757200606402403 -0.854262645311671509 -164.058455671483983 -115.973571607503942 -6.75812239104996504 0 0 0 1 -164.348916420088528 -115.899932023421044 -6.20534693704606077 -0.00781392195149869379 -0.0077044804894936458 0.520008076956557486 -0.854090852019892544 -164.86338854093043 -115.920619940235511 -5.98192566144996718 -0.00447605255157323793 -0.0049481274787790434 0.519938929982099896 -0.854177376238143271 
307 1357847533.39680099 0 1 1 -166.195054016588529 -116.398614029027584 -7.24029013467007232 -0.039772253867729819 0.0332261161912986852 0.501054293188711863 -0.863862713804852134 -164.673126504989341 -116.242795224301517 -6.73500000000001364 0 0 0 1 -165.321012000397531 -116.401209608915764 -6.1465628419886027 -0.0395886244091649131 0.0303244372220160159 0.501439397324633385 -0.863754421195785715 -165.83550967596608 -116.421688064450095 -5.92007189427293135 -0.0362034814086430526 0.0330138423054074509 0.501193275415713235 -0.863947159743115756 
308 1357847534.20579195 0 1 1 -167.124156422800979 -116.953453489333256 -7.20611076155448416 -0.0437187078883637045 0.0272826763080746409 0.469714377366317992 -0.881313073685743742 -165.792326413677074 -116.834079798310995 -6.66100000000000136 0 0 0 1 -166.250268317846661 -116.955634120683285 -6.10898223833895848 -0.0436430478184134732 0.0243782137529726002 0.470105562115300801 -0.881193365578515464 -166.764762061397875 -116.976051826685904 -5.87892128501259226 -0.0401649881740212475 0.0269547070499438386 0.469887213313082752 -0.881400149907916597 
309 1357847534.90508699 0 1 1 -167.991406596837294 -117.555193835956473 -7.17873746288466386 -0.0172497498863426225 0.0237521132657740955 0.429019014131274912 -0.902818347597177162 -165.792326413677074 -116.834079798310995 -6.66100000000000136 0 0 0 1 -167.117731808949173 -117.556976625320601 -6.07865724543655084 -0.0173112065747096401 0.0208383302926054698 0.429341036467860093 -0.902736041444146431 -167.632215674524105 -117.577362436302252 -5.84455691400352695 -0.0137172639391911957 0.023267342141283745 0.429159349666853207 -0.902824855690862571 
310 1357847535.70552397 0 1 1 -168.860395840563058 -118.278314726088226 -7.14653987621344022 -0.0106910496444560348 0.0125144723761040459 0.414060483618764685 -0.910100546832075197 -166.984512825263664 -117.599893334321678 -6.63800000000003365 0 0 0 1 -167.986978417513711 -118.279715161809321 -6.04382144432232771 -0.0108057702735627325 0.00960026049917990162 0.414350856050088479 -0.910002438687777304 -168.501336267529808 -118.300274985245679 -5.80501796746175813 -0.00705395298607671903 0.0119595404530647795 0.41424390438203712 -0.910059997374759733 
311 1357847536.50529599 0 1 1 -169.715270945187484 -118.968614479860378 -7.12627148738254235 0.0113227023553536081 0.00839477621586780416 0.416716489241875099 -0.908927220264408087 -168.589446688359942 -118.903653982874232 -6.60255616521574673 0 0 0 1 -168.842153572432238 -118.969613507381908 -6.02090613372488104 0.0112136739101331134 0.00547483634951476204 0.416941798271563691 -0.908847521060853203 -169.356597141404251 -118.989882421716956 -5.77693329468502625 0.0148285708771264974 0.00788214360800938013 0.416854684968264111 -0.908817999886607719 
312 1357847537.40508056 0 1 1 -170.542596925311614 -119.674202786591863 -7.10349878477906138 0.0120319018462433439 0.00920655294508521994 0.429455097848990164 -0.90296112410908691 -169.374667641035984 -119.57458028788281 -6.60938772205605574 0 0 0 1 -169.669770400496361 -119.674823285306886 -5.99567428218868503 0.0119625648752900993 0.00628584471635721884 0.429675912291708539 -0.902882049657702801 -170.184212269480724 -119.695036155028347 -5.74674958935366575 0.0155350357144754501 0.00875640448156815403 0.429590771801242666 -0.90284758228015316 
313 1357847538.41485405 0 1 1 -171.213759577781133 -120.173551677245172 -7.07876617559949928 -0.0787353361637445487 0.0537008485106348077 0.455172742005680531 -0.885287942221879787 -169.84582666773349 -119.965804420411601 -6.625 0 0 0 1 -170.34110008007741 -120.173885912502399 -5.96875690381823265 -0.0787037517575025769 0.0508167657640286041 0.455681660508147512 -0.885199186654119452 -170.855580574574446 -120.194000928883355 -5.71646547020600693 -0.0752363666121003694 0.0533926241070635105 0.455346464460899214 -0.88552149275606562 
314 1357847539.41540742 0 1 1 -172.120467592956857 -120.702514256435492 -7.06780845175194639 -0.0629949226543708163 0.0457046776158339732 0.504865411675256892 -0.859682289138130384 -170.660652860009577 -120.556891354732215 -6.53300000000001546 0 0 0 1 -171.248058203211571 -120.702404371513808 -5.95446769453444968 -0.0628040913055104705 0.0428178795940768256 0.505313692769678968 -0.85958149538122719 -171.762560663205335 -120.722552762156951 -5.69890446372117676 -0.0594918960812527015 0.0456014954298185823 0.505027958449534964 -0.859841833769162678 
315 1357847540.11521602 0 1 1 -173.052326897486552 -121.224892042125262 -7.03817165606855433 -0.0197116926050946543 0.0234896426909181819 0.489796094077504574 -0.871297579525683985 -171.892777775596187 -121.247702135192952 -6.51263060120832993 0 0 0 1 -172.180065367804076 -121.224379050983529 -5.92135493150542036 -0.0195830466234841946 0.0205816745711468255 0.490103326389339899 -0.871201255978717115 -172.694621161265331 -121.244390626111596 -5.66265061746038434 -0.01622003317553318 0.0233234561034092944 0.489946538197300219 -0.871289456281698849 
316 1357847540.82516098 0 1 1 -173.978322845220475 -121.803777236862857 -7.0169820364386597 -0.00481083962993760546 0.00516469775659834669 0.466678523172200432 -0.88439885669812579 -172.832799612461685 -121.807234712734356 -6.5001684427608879 0 0 0 1 -173.106280751433673 -121.802846176072279 -5.8968723883928158 -0.00476601356432544351 0.00224992541885169362 0.466923893610713681 -0.884281799273130553 -173.620904470028393 -121.822792627008994 -5.63459255485202348 -0.00138934596485896502 0.00490937407483023509 0.466860284623839161 -0.884316370087612547 
317 1357847541.5260005 0 1 1 -174.814760997834014 -122.389049899157001 -7.0057638164190621 0.00181611283141723165 0.0133812415317447492 0.439501902685754453 -0.898140145881952234 -173.07179556140909 -121.949493130668998 -6.4970000000000141 0 0 0 1 -173.942990316780623 -122.387724158354914 -5.88284747176766487 0.00177264794979379529 0.0104655370554622498 0.439742014871011111 -0.898061406926369599 -174.457609158793986 -122.407658831065106 -5.6169003918045215 0.00526543066458069493 0.0130383090929327688 0.439647203052171143 -0.898060473790221359 
318 1357847542.32510161 0 1 1 -175.607503736050575 -122.999411593602034 -6.97884007946783314 -0.0208145879978283155 0.013822994562715591 0.442534456785318164 -0.896403331266413472 -174.210200807545334 -122.749810803681612 -6.49100000000004229 0 0 0 1 -174.735935692454035 -122.997760469862712 -5.85341416430212735 -0.0208492102958885567 0.0109140497787848564 0.442830776523085168 -0.896296322268157919 -175.250610268316308 -123.017548451234944 -5.58350859672642841 -0.0173754622363771795 0.0135089184060059094 0.442718288019443518 -0.896390606760638309 
319 1357847543.12527347 0 1 1 -176.437442500102321 -123.557894850620883 -6.95331315488998758 -0.0308558086064478349 0.0282681860326998401 0.475924699328783674 -0.878489902789138521 -175.233395164483227 -123.516449118033051 -6.45400000000000773 0 0 0 1 -175.566053671537702 -123.555900412644704 -5.82505013410215167 -0.0307779080481005614 0.025364395497008807 0.476258828512075016 -0.878400191303235101 -176.080792086136086 -123.575551658174547 -5.55172061003456818 -0.0274167026287984034 0.0280975962400927017 0.476078628088309197 -0.878526032272263557 
320 1357847543.92672896 0 1 1 -177.346224254117374 -124.127722140221309 -6.943308184466634 -0.0340839014269371382 0.014952295807642459 0.481600167793263423 -0.875600362548520361 -175.233395164483227 -123.516449118033051 -6.45400000000000773 0 0 0 1 -176.475094325199279 -124.1253070528237 -5.81183132346394071 -0.033992315825372231 0.0120497208676351719 0.481921404047502888 -0.875471922458238461 -176.989877433025384 -124.144955530905918 -5.53514219795017581 -0.0306559740090560015 0.0148143507165404888 0.481796117550435221 -0.875621634830781703 
321 1357847544.63527107 0 1 1 -178.202865873857263 -124.664908475673101 -6.92873785644222373 -0.0209506976486477092 0.022128376721954876 0.452737387682676629 -0.891123033596344705 -177.094397833330788 -124.706745514740902 -6.42253447823655677 0 0 0 1 -177.331956503437681 -124.662118727615649 -5.7942348539714903 -0.0209544423858828363 0.0192210092875914028 0.453035037975604238 -0.891039122885581292 -177.846792017484574 -124.681715480869457 -5.51441678959565884 -0.0175360454483673329 0.0218848745562518175 0.45288975819031918 -0.891125359476434231 
322 1357847545.43543005 0 1 1 -179.142349861423384 -125.320777059349055 -6.88679406747057588 -0.0187697041000498555 0.00865972626794352107 0.477834000500079292 -0.87820690917064137 -178.024304895001933 -125.306851927309481 -6.40652836511463875 0 0 0 1 -178.271571159023239 -125.317648449879471 -5.74915356417927459 -0.0186960149728458425 0.00575245630929405952 0.478101750034449047 -0.878086604432923856 -178.786378529876799 -125.337042002987616 -5.46505265428116882 -0.0153100592118931081 0.00853820419394914903 0.478025663811017132 -0.878170920660726106 
323 1357847546.23499489 0 1 1 -180.098603551648125 -125.844591296793098 -6.86899823891440331 -0.0107495010488678783 0.0147134899649270096 0.52183444409795976 -0.852852140991172014 -178.71288799517788 -125.764065350405886 -6.40300000000002001 0 0 0 1 -179.228010637046339 -125.841058866541118 -5.72778603277228804 -0.0105282128204159872 0.0118118830791388522 0.522080183805747167 -0.852749622005363306 -179.743017864834513 -125.860296905073582 -5.44113568556114569 -0.00734329073097015131 0.0147544974831087024 0.521976082671795405 -0.852800885320757929 
324 1357847547.03509498 0 1 1 -181.079140224731049 -126.307360295214053 -6.85845344676075896 -0.0169334649450361557 0.0225609232375629243 0.536539296089698969 -0.843403726728305769 -179.921109689807054 -126.380301621742547 -6.37100000000003774 0 0 0 1 -180.208737932457041 -126.303400726375315 -5.71338475865188133 -0.0166612382525343772 0.0196659604650730041 0.53680620793866507 -0.843311774053575824 -180.723806982409684 -126.322619320512146 -5.42452002025307323 -0.0135339583988675592 0.022667957230623547 0.536662851973430999 -0.843383648760628768 
325 1357847547.84531903 0 1 1 -182.031994516502607 -126.703814059186499 -6.84247063150401402 -0.0306346487698703832 0.0203614680737982771 0.542822395290703752 -0.839041581856042162 -179.921109689807054 -126.380301621742547 -6.37100000000003774 0 0 0 1 -181.161717673359476 -126.699460571753249 -5.69351591628749265 -0.0303423898179505901 0.0174728570413804629 0.543117824885870903 -0.838926139143481242 -181.676864044984939 -126.718613256060067 -5.40298044338937622 -0.027242377539039301 0.020501163923612245 0.542970982202774843 -0.839059037034672439 
326 1357847548.54550099 0 1 1 -182.937202031769061 -127.13037030486332 -6.83409841643525073 -0.0238500955670674017 0.0078035082004605065 0.556238153103325139 -0.830643964182855576 -181.817748623525262 -127.20157412718477 -6.32854701471387671 0 0 0 1 -182.067106745675403 -127.125632236079952 -5.68158739215238384 -0.0235163425991866092 0.00491748756249653449 0.556494314723564698 -0.830503990133208636 -182.582307276457584 -127.14477835368541 -5.38906463754975018 -0.0204650488963915959 0.00799863152714890002 0.556405422360104041 -0.83062037636674646 
327 1357847549.331882 0 1 1 -183.976635374617274 -127.485500491888232 -6.79401282630063452 -0.0165285287736590819 0.0187920686818980297 0.601774667093108562 -0.798273709911714313 -182.806841893414912 -127.576814737633839 -6.30118001401693473 0 0 0 1 -183.106517393716757 -127.480407716780647 -5.63706354313140601 -0.0160329094367064329 0.0159275582395881528 0.602016222007674573 -0.798163972591550475 -183.621833504527814 -127.49928856038683 -5.34341050339888213 -0.0131593345510552621 0.0191757970754713701 0.601886538447764297 -0.798242892580987462 
328 1357847550.15500093 0 1 1 -185.046022572967246 -127.786509759245348 -6.79001075191340764 -0.0170646699825525994 0.0243231695175294971 0.576848634397070903 -0.816310500641295511 -183.723779422580265 -127.842618246562779 -6.2720000000000482 0 0 0 1 -184.176041267638084 -127.780961032335355 -5.62832638461227841 -0.0166579816821916214 0.0214455654184242811 0.577100134276269827 -0.816221804651450888 -184.691606310819623 -127.799953370964857 -5.33405443530048018 -0.0137385490747534839 0.0246035386391570653 0.576950440395266106 -0.816292905447217998 
329 1357847550.9457736 0 1 1 -186.080682836733388 -128.142430625921293 -6.7803947723495348 -0.0226595067089255496 0.0158864839975948295 0.573572582257623864 -0.818687155917462661 -183.940094775919022 -127.908363911727804 -6.2766122114574312 0 0 0 1 -185.210830005334856 -128.136463133125005 -5.61430489332926363 -0.0222678562287923001 0.0130085552167301024 0.57382485470594391 -0.818571900441158351 -185.72627523625772 -128.155399824683656 -5.31898062050468301 -0.019276305207187653 0.0161467681656145834 0.573696361712883296 -0.81868198373529999 
330 1357847551.73229504 0 1 1 -187.105720913772359 -128.456889274903972 -6.77216274326904166 -0.0125328858938123944 0.0206842725294159105 0.606878728866872774 -0.794426394381525069 -185.975111822531289 -128.556158932800997 -6.26228962576344017 0 0 0 1 -186.235985991513957 -128.450512536082215 -5.60160991156884869 -0.0120233367101378382 0.0178225068504057407 0.607103183559382309 -0.794332123318694072 -186.751475576443454 -128.46946471771588 -5.30551813339401424 -0.00915898178249152303 0.0210793154988328096 0.606962143435803458 -0.794398345886132895 
331 1357847552.45617104 0 1 1 -188.024893395661195 -128.645942380270753 -6.75636891729281874 -0.00664966961356648623 0.00359700894712834934 0.674726736455633191 -0.738028911718636715 -186.868886420949934 -128.753064914871629 -6.24145523002126623 0 0 0 1 -187.155179449156492 -128.639227943786835 -5.58156852470868703 -0.00589453972996954994 0.000789060393314351422 0.674898587558707796 -0.737886528062634328 -187.670735370110378 -128.658130019492262 -5.28559348858249933 -0.00332062217103145556 0.00428325242257939724 0.674836467181279653 -0.737947403125298163 
332 1357847553.254951 0 1 1 -188.978948707770996 -128.617661191080401 -6.75410164024979753 -0.0065952448424703939 0.0290539969444240619 0.741449536070393322 -0.670346890399306616 -187.838720376992171 -128.828276846170667 -6.22532408572243501 0 0 0 1 -188.109231207601169 -128.61056551031669 -5.57429417402450778 -0.00557353121051360617 0.0263312821041928186 0.741639058811478513 -0.670258984108247025 -188.62485144559875 -128.629542814414094 -5.2803415751262941 -0.00333723237063403158 0.030047555975136548 0.741470861194233222 -0.670303639599180157 
333 1357847554.16717196 0 1 1 -190.058557342664471 -128.475233536496205 -6.75034754712003604 -0.021508007781827411 0.0483814723140429948 0.729855930205488557 -0.681547474415292287 -188.779790867411066 -128.741665505804121 -6.19900000000001228 0 0 0 1 -189.188779755934291 -128.467716368895367 -5.5645806730428129 -0.0205288788411895767 0.0456482217068977653 0.730110333359161201 -0.681493731527074376 -189.704478608311462 -128.486773754508789 -5.27383017161941403 -0.0182262847927436369 0.0493164389799406189 0.729845781747281097 -0.681586990966444151 
334 1357847554.97598958 0 1 1 -191.131895108910697 -128.433473974978995 -6.74403174743056422 -0.0294471956313864316 0.0346987083141825636 0.693864615092305903 -0.718665957335937966 -188.973913436708386 -128.7242891669556 -6.19658482990308013 0 0 0 1 -190.262085756535868 -128.425551198952661 -5.55260949458618747 -0.0286150549486197114 0.0319195516206532484 0.694126878116123391 -0.718575116415387849 -190.777974682554287 -128.444728931985082 -5.26373031587946816 -0.0260671835626193026 0.0354524422942186779 0.693907199752453296 -0.71871859890237777 
335 1357847555.67581344 0 1 1 -192.148860290975307 -128.519202964861961 -6.73267891949986108 -0.0179965621837734416 0.0211047025404449314 0.674002200612585312 -0.738208472485677558 -190.065812548738904 -128.626550871878862 -6.18300000000004957 0 0 0 1 -191.27904875641525 -128.510915444629717 -5.53623645775909079 -0.0172462053173509829 0.0182995975475192425 0.674218750331276762 -0.738103495340241778 -191.794848879106382 -128.530041289097369 -5.24887751616909704 -0.0146313640023351104 0.0217589243571846974 0.674067476573334656 -0.738204246414436716 
336 1357847556.37671995 0 1 1 -193.157371927915563 -128.525827977478912 -6.73398003644366572 -0.0067931414753972701 0.0142882170713366143 0.720811441520311846 -0.692950622956086226 -191.978063321016208 -128.715319315805544 -6.18149737960169787 0 0 0 1 -192.287592905199546 -128.517151331923174 -5.5323509773394477 -0.00586424516100955955 0.0115346958047425271 0.720979262045636005 -0.692835813971473202 -192.803427362881877 -128.536403369499737 -5.24675591768468319 -0.00346258985223250361 0.0151465661855719677 0.720867986036798358 -0.692898216703977221 
337 1357847557.17585754 0 1 1 -194.275066976666182 -128.47751312430313 -6.73121476502254357 -0.00653015775036661864 0.0186679443397848796 0.710898434556010428 -0.703016557870222547 -193.074242898279209 -128.689687718061805 -6.1751335783294552 0 0 0 1 -193.405274054683844 -128.468421614718125 -5.52369080698537829 -0.00564105539432645849 0.0159017110791096102 0.711071973163821536 -0.702916754004131228 -193.921156223643777 -128.48778057399241 -5.24047692925243602 -0.00317005411307408466 0.019463783729730396 0.710941142127401449 -0.702974967058165312 
338 1357847557.97523093 0 1 1 -195.288187427023615 -128.453483477277416 -6.72736313886011406 -0.0208861334427440475 0.0204096129003170472 0.706672543097302652 -0.706937857214806509 -194.193130658815505 -128.641732928911722 -6.17596604906166835 0 0 0 1 -194.418386771809821 -128.444024790508308 -5.51455082957737819 -0.0200143520788122233 0.017641650487020169 0.706884792380212512 -0.706825359038951828 -194.93431057061062 -128.463472288838204 -5.23331749214107056 -0.0175024696878579612 0.0211701996787662175 0.706735743432672092 -0.706944181074471545 
339 1357847558.78538704 0 1 1 -196.375984089121346 -128.47534027181905 -6.72399103439599344 -0.0223444722798383788 0.0315096892353577893 0.707743546371796151 -0.705412600264483602 -194.238762640743516 -128.639777172356844 -6.17600000000004457 0 0 0 1 -195.506192520901664 -128.465489268691016 -5.50563112707886315 -0.0214673529400676508 0.0287443983660878345 0.707972933138810712 -0.705327752369880545 -196.022151169720445 -128.485038560132921 -5.22605959051250046 -0.0189393146817253 0.0322559864226114046 0.707776003591312541 -0.705445945795708185 
340 1357847559.5849781 0 1 1 -197.443941483005631 -128.426667908242905 -6.7111481160682116 -0.0032014334089661995 -0.000891890075488434297 0.728798459734086634 -0.684720205956742878 -195.566809822688811 -128.652156077325344 -6.15300000000002001 0 0 0 1 -196.574086582652427 -128.416462575792821 -5.48715552895468583 -0.00224990212145712975 -0.00363581666588638861 0.728929842791550819 -0.684575052909102921 -197.090107527579164 -128.435962139728076 -5.20979511992047328 0.000133334598545232428 -5.28548657358413114e-05 0.728878687756417509 -0.684642854313642135 
341 1357847560.48568153 0 1 1 -198.571324932476728 -128.342042935068889 -6.71205853199670344 -0.0255204935944964954 0.0310553510824238717 0.719783232914294691 -0.693034174620045018 -197.479948051387112 -128.53830740905201 -6.11876191778191547 0 0 0 1 -197.701464930819924 -128.33142832069089 -5.48203232809419028 -0.0245988768774945375 0.0283061295909410697 0.720015740021032968 -0.692943715178881647 -198.217504578821234 -128.351141495278029 -5.20725860620076997 -0.0220703641173167625 0.0318108851255277311 0.719821882069819008 -0.693078224090703299 
342 1357847561.28607988 0 1 1 -199.667792684698981 -128.345516394436345 -6.699123249123204 -0.0322313123020304265 0.0280168431468794249 0.690710443187762535 -0.721869297503874296 -198.530285065003113 -128.497987337270644 -6.09645495415318184 0 0 0 1 -198.79788855524896 -128.334544441984065 -5.46346251766068125 -0.0314254533757742233 0.0252339298039423315 0.690960615823694613 -0.721768049339479578 -199.313969140554519 -128.354277702866995 -5.1903574122197389 -0.0287234682119069211 0.0286005574699735449 0.690776182512350623 -0.721931600748956015 
343 1357847561.99529409 0 1 1 -200.668182123050343 -128.368749996036172 -6.6889745971559158 -0.0184063486317881074 0.0184939626607536836 0.692985239459863567 -0.720479449787364556 -199.532588032056481 -128.525235739666329 -6.09206696323209584 0 0 0 1 -199.79825713292297 -128.357451200148518 -5.44822914799789793 -0.0175960891408976222 0.0157090408081421162 0.693185920503505915 -0.720372739142411511 -200.314367732470885 -128.377214438883954 -5.1764235332989168 -0.0148668293329120241 0.0190525214452206548 0.693052062404297398 -0.720482350657749016 
344 1357847562.79490304 0 1 1 -201.784894079519177 -128.395361362770871 -6.69582375714708711 -0.0124523305693095571 0.012068618846598116 0.700458374699464259 -0.71348255284618789 -199.547883744235151 -128.525651565752923 -6.09200000000004138 0 0 0 1 -200.915032624662473 -128.383650471886909 -5.44940644286746867 -0.0116161419342331283 0.00929051831590959991 0.700633076420931866 -0.713366696545981394 -201.431153845542497 -128.403597881081993 -5.17891837520549636 -0.00888333246527027269 0.0126267502536270421 0.700532046293666499 -0.71345392542052255 
345 1357847563.59503388 0 1 1 -202.884739578197269 -128.364566678608071 -6.69819947535527138 -0.0187250012941098526 0.0142422648516368003 0.731194453950305245 -0.681763304036486328 -200.941786483570468 -128.537932126782835 -6.09000000000003183 0 0 0 1 -202.014901144765901 -128.352464956360706 -5.44604448261702778 -0.0177680516756497479 0.0115051070630007978 0.731381809712622899 -0.681639624194932736 -202.531040162321545 -128.372552067642516 -5.17723511476253151 -0.0151453642545426159 0.0149210330478988986 0.731272534179615907 -0.681753959628327633 
346 1357847564.4051435 0 1 1 -203.996270740822837 -128.289609315785128 -6.6956980087913589 -0.0132869056273514224 0.0237405106267155885 0.71021410571741117 -0.703459856945690132 -202.854306689623741 -128.454863348443922 -6.06353938077134291 0 0 0 1 -203.126415360170881 -128.277128262118879 -5.43762816295737217 -0.0124130281747576263 0.0209750017768609402 0.710403976283016769 -0.703371990139835201 -203.642621080900994 -128.297408140836552 -5.17061996135060831 -0.00956980299963636032 0.0242847757326598961 0.710259530469138478 -0.70345580381138495 
347 1357847565.2053659 0 1 1 -205.077280389367672 -128.275048871871832 -6.71084850175107839 -0.0152556553058049611 0.0188074524296975784 0.700228533664010167 -0.713507915413028604 -203.945692803038099 -128.40584509347002 -6.05834959598339218 0 0 0 1 -204.207519772379896 -128.262153004309823 -5.44718577082600408 -0.0144234377454254513 0.0160300687409023791 0.700418288582627446 -0.713406772016322632 -204.723691857025642 -128.282557383277435 -5.18161799700169912 -0.0115644617924873551 0.0192357199280109442 0.700293822761030138 -0.713501795446265463 
348 1357847565.90499496 0 1 1 -206.111408269269646 -128.302880604284383 -6.72108041419103763 -0.00429908039750336209 0.0219145502724534987 0.676256681037275098 -0.736327489468199481 -204.950354057438432 -128.403975493265506 -6.05979185076020599 0 0 0 1 -205.241733417322138 -128.289600957818635 -5.45218257270701567 -0.00356032733826493284 0.0191092143390751423 0.676426479739221431 -0.736253610859866958 -205.757904060639788 -128.310184798364077 -5.18733799392826889 -0.000556420108444881725 0.0221737591830376939 0.676292066616200671 -0.736299569083361694 
349 1357847566.71523643 0 1 1 -207.177817892391204 -128.384271310865756 -6.73623057334991415 -0.0191995398141023045 0.00877593022185351943 0.682183672437349897 -0.730876048163817238 -205.095348880626261 -128.403705668635666 -6.06000000000000227 0 0 0 1 -206.308271033811963 -128.370583746621662 -5.46207932660577189 -0.0184420277328171643 0.00597931474634311524 0.682372624883601842 -0.73074738468073186 -206.824430368477124 -128.391386061639963 -5.19738189592299271 -0.0154204220063011762 0.00902131682324478455 0.682293721561495925 -0.730859838782844995 
350 1357847567.51507902 0 1 1 -208.277627657667779 -128.457356581381418 -6.74344769641549568 -0.00495070695915324297 0.0188803347283850939 0.68540903054820479 -0.727896616494484561 -206.55449739175549 -128.499854391554408 -6.07757078159790076 0 0 0 1 -207.408167980449832 -128.443271997272575 -5.46385197016066915 -0.00418067372234178121 0.0160844352016487301 0.685574553217543792 -0.727812712785395388 -207.924315267036036 -128.464221827588858 -5.1992440566834679 -0.0011308259085601167 0.0190939767857379074 0.685456134981480392 -0.727862643841213353 
351 1357847568.31488109 0 1 1 -209.376851875483311 -128.504637486268848 -6.76191172873305923 -0.0173086504968764793 0.0128076909716554142 0.687682155526451289 -0.725692515215945577 -208.224339189561476 -128.596205059854128 -6.09357986119393225 0 0 0 1 -208.507528140858113 -128.490126431442292 -5.47680697908115377 -0.016532380912190555 0.0100166389591334667 0.687870710989956224 -0.725575793620148901 -209.023659185462975 -128.51131509834056 -5.21235690454854783 -0.0134499383147633263 0.0129885876604482319 0.687779225393893134 -0.725679083938962854 
352 1357847569.11510038 0 1 1 -210.44111315878402 -128.511266862367734 -6.7583584341171683 -0.0169510122894389985 0.0212129851667382865 0.711193901260811168 -0.702471285713591853 -209.285805916759927 -128.623739216284463 -6.09646825544712812 0 0 0 1 -209.571796870621199 -128.496401934993258 -5.46781635678273581 -0.0160829776222769956 0.0184493234120376298 0.711388893288166346 -0.702372267962422803 -210.088043820560159 -128.5176000659186 -5.20479095401518776 -0.0129870184495607319 0.0213522438500891205 0.711262514388087963 -0.702482067145270395 
353 1357847569.92359352 0 1 1 -211.497476968099022 -128.463288806169032 -6.77810567319564683 -0.0180889463339401618 0.0178411329177569009 0.728747494890529923 -0.68431102043406844 -210.408930488813382 -128.606764833945448 -6.11147318619587221 0 0 0 1 -210.628267931292697 -128.448009711440278 -5.48202004045338587 -0.0171534004604872066 0.0151002569145850217 0.728937776084414124 -0.684198408132366431 -211.144404921438934 -128.469484725091917 -5.21864400287894359 -0.0141690662526868603 0.0181590283334287471 0.728830205917916585 -0.684306961964555871 
354 1357847570.71964192 0 1 1 -212.623733461587307 -128.365042220772864 -6.77760783736894723 -0.0212379659921340322 0.0152724547483528081 0.737156405995140873 -0.675215620396035776 -210.523213062260766 -128.605037620291114 -6.11299999999999955 0 0 0 1 -211.754506347821405 -128.349379635544608 -5.47548642892607251 -0.020270505730163306 0.0125439406815483628 0.737350005753721338 -0.675090160767144121 -212.270634399320329 -128.370924448254954 -5.21306476645598593 -0.0172833570637376324 0.0155984233375782554 0.737256136406315821 -0.675212088228003382 
355 1357847571.52526212 0 1 1 -213.691897463652026 -128.28968057933514 -6.78687971943611945 -0.00751285523524152562 0.0207205093732431463 0.709245949392703912 -0.704616491978132586 -212.579380328434752 -128.463057763259314 -6.10305906062025905 0 0 0 1 -212.82271610858146 -128.273627052875696 -5.47908417250103508 -0.00665749016643900435 0.0179523795716979816 0.709417838608361606 -0.704528012329274422 -213.338821074074929 -128.295316593888998 -5.21729032231674594 -0.00351056353457770151 0.0208424474114687966 0.709298817173869445 -0.704590985100802869 
356 1357847572.33057952 0 1 1 -214.790177701323302 -128.299434587783537 -6.79259290103990221 -0.0216033356545171223 0.0128614278408176221 0.697274997612119307 -0.716362657644515233 -213.675794644460012 -128.432766471037553 -6.10978695659321325 0 0 0 1 -213.92105247741614 -128.282987656903799 -5.47920347551734643 -0.0207975287921415286 0.0100822563248266633 0.697474981373977232 -0.716236316630838421 -214.437118125799742 -128.304788133570071 -5.21717177620392469 -0.0175651045166076401 0.0128768015762861406 0.697393628531051912 -0.716357300492414084 
357 1357847573.1249299 0 1 1 -215.872400412259339 -128.336587719415036 -6.80204202524564305 -0.0171271275742692873 0.0167669387915714736 0.693707709815157725 -0.719857725253833403 -214.745142778226523 -128.44514320455778 -6.12022052484758117 0 0 0 1 -215.003360695430985 -128.319741176267428 -5.48321808521766485 -0.0163360842566055466 0.0139829612354459946 0.693902969132593417 -0.719747371356936894 -215.519377547554029 -128.341679322288485 -5.22059114490416665 -0.0130532279445342344 0.0167206130113770716 0.693805030423653712 -0.719850410918535855 
358 1357847573.92416692 0 1 1 -217.010836567631031 -128.29299970083224 -6.82916839140841248 -0.0102657674897701084 0.0172778303030529726 0.710685727386483057 -0.703222502119358106 -215.899390078448619 -128.421606948778617 -6.13817009086581233 0 0 0 1 -216.141942207235843 -128.275683886204405 -5.50440434614915919 -0.00941013332942044166 0.0145119346386384518 0.710861931308326311 -0.703118885936342197 -216.658264122253541 -128.297974281680382 -5.24177519620813648 -0.00613523579543462805 0.0172971171786568019 0.71076606951961141 -0.703188995248564264 
359 1357847574.73021603 0 1 1 -218.133585031215574 -128.308411376231618 -6.84545710664673202 -0.00722520464978459315 0.00509834765715449448 0.707677104097600651 -0.706480657629753872 -216.998413418766347 -128.40084263055229 -6.15274102242831766 0 0 0 1 -217.264802561987722 -128.290658751041235 -5.51499700644134894 -0.00638555273013959035 0.00232779586005900417 0.70783043284504954 -0.706349689899524402 -217.780730209760975 -128.313071668870265 -5.25177908655412473 -0.0030812787241507409 0.00505059981538644176 0.70778170810667751 -0.706406434591675403 
360 1357847575.53118396 0 1 1 -219.211050807340825 -128.26077784050932 -6.85954435622882208 -0.00602210590451150718 0.0197585963310903216 0.701335591910837275 -0.712531907798223063 -218.105903603527707 -128.380401792879951 -6.15129230192318044 0 0 0 1 -218.342346225087539 -128.242608674819195 -5.52344958901448813 -0.00520577948819367191 0.0169810691267052137 0.701508159354776506 -0.712440064503609971 -218.858209724295648 -128.26518659683245 -5.26000679634128954 -0.00184244750976530623 0.0196352860819724098 0.701395776628251366 -0.712499140670152076 
361 1357847576.34490204 0 1 1 -220.315327748863979 -128.33423414335499 -6.86558151837288122 -0.0238573009775730135 0.0155898673338855445 0.691792710081867934 -0.721533527636908922 -219.208193428683273 -128.384888712310158 -6.14821284085565267 0 0 0 1 -219.446704976655724 -128.315657070692396 -5.52404920630702545 -0.0230799377023405833 0.0128059287582648566 0.692007892202110342 -0.721407237137448476 -219.96247716891105 -128.338331092184944 -5.25920506329221205 -0.0196467561269082214 0.0153764006388928901 0.691921540093731413 -0.721541512063859636 
362 1357847577.14316297 0 1 1 -221.440090698096157 -128.343814490919897 -6.87675095562597605 -0.0218227068297494851 0.0179746246864522265 0.687594499808703907 -0.725544268922870272 -220.299365383437248 -128.420883570103939 -6.1566519236915509 0 0 0 1 -220.571551565116863 -128.324805257294315 -5.52950436158643122 -0.0210626918378603555 0.0151859690558116978 0.687809804322207397 -0.725426372855733748 -221.087234149467491 -128.347621246042053 -5.26365836626572126 -0.0175798741273326328 0.0176991065030943223 0.68771176507975873 -0.725555110122960922 
363 1357847577.94920254 0 1 1 -222.561361568576217 -128.377654482640992 -6.87541724255544118 -0.00434135124110578315 0.0221646940644994947 0.701024555708469221 -0.71277938473287239 -221.459169768464108 -128.428616711712834 -6.16904734601395077 0 0 0 1 -221.69285208635074 -128.358244761504523 -5.52254372981274599 -0.00353044306263127156 0.0193868792556072742 0.701199937867093004 -0.712692312305734821 -222.208419785850936 -128.381098073998118 -5.25536817628648478 -5.99081467184675649e-05 0.0219299894726114296 0.701073021170268373 -0.712752194637054415 
364 1357847578.64505291 0 1 1 -223.573297560859316 -128.347954874783284 -6.89789581489165116 -0.00667539745227349775 0.0191271242669680853 0.715764754307831041 -0.69804756906444454 -222.460423728450905 -128.435292698421449 -6.17974825889739776 0 0 0 1 -222.70491573845905 -128.328116876211993 -5.53978059212749852 -0.00580887126953711416 0.0163671103439654055 0.715940461601178191 -0.697945291663934486 -223.220629901926912 -128.35115440140595 -5.27256340794463174 -0.00226869643770585784 0.0188067901743014486 0.715839384286379055 -0.698007975287038729 
365 1357847579.44489956 0 1 1 -224.656238959143025 -128.331710899384461 -6.89927486760395148 -0.00715478141088248323 0.0194812254777971885 0.712862502379926544 -0.700996678777777826 -223.521354509608045 -128.413318874447327 -6.19224133940412802 0 0 0 1 -223.787881587284545 -128.31147189762325 -5.5355958334468518 -0.00630121596434403408 0.0167178589822510083 0.713042065491829691 -0.700893587292368836 -224.303216855774423 -128.334632529189207 -5.266486244576563 -0.00281159125389818243 0.0192573161716181156 0.712923826259688642 -0.700971375078706549 
366 1357847580.25522494 0 1 1 -225.713631143163695 -128.281521127123995 -6.91053555072208869 0.00149512544013612018 0.00440438345805771979 0.716722650108072123 -0.697342820159736587 -224.58008898821933 -128.372195390402283 -6.20109687552898592 0 0 0 1 -224.845335468687153 -128.260859701176912 -5.54133178123982706 0.00235892206001657185 0.00164341891632231599 0.716860381865932483 -0.697210820033660861 -225.360553958606488 -128.284179702935262 -5.27132066892150863 0.00586716473145517184 0.00417474174748979753 0.71679761411965659 -0.697244095207498971 
367 1357847581.15679502 0 1 1 -226.815724275770378 -128.244283316116707 -6.91402081730737983 -0.0107254371002457397 0.026874619009918943 0.708801001282755805 -0.704814770299717397 -225.73608462346931 -128.344373652101609 -6.19688709397626525 0 0 0 1 -225.947455213989855 -128.22319903368097 -5.53910290577812514 -0.00988913142930308332 0.0241079860837406165 0.709004059944806753 -0.70472282002808817 -226.462536409542452 -128.246623988110656 -5.26792163497400345 -0.00632646869806118266 0.0265721142439428563 0.708851857735687041 -0.70482830698198029 
368 1357847581.9571991 0 1 1 -227.837979188003885 -128.264051335264185 -6.92034841735156636 -0.0284355160205067847 0.0296450282755842433 0.700914808943193912 -0.712061109969722494 -226.787822754123255 -128.32105325449146 -6.18945251828427168 0 0 0 1 -226.9697749870802 -128.242562015311023 -5.5402819404138226 -0.0276301722006763659 0.0268745492351145088 0.701170024218439214 -0.711951493660265999 -227.484709054911519 -128.266119074078063 -5.2674730361683384 -0.0240141053641990433 0.0292720264548382535 0.70101788671370735 -0.71213790358204665 
369 1357847582.7667141 0 1 1 -228.901873011494558 -128.276262266001595 -6.92509267373971404 -0.0145358960402489999 0.0254887711520163408 0.690461454197734747 -0.722773830834111508 -226.851838611124549 -128.319633818231523 -6.18900000000002137 0 0 0 1 -228.033719540984833 -128.254351026828402 -5.53964756076433229 -0.013774371312495471 0.0227028357167213847 0.690679811398581589 -0.722672986953148078 -228.548499663875845 -128.278040033927851 -5.26512575401182303 -0.0100928935616227036 0.0250218224575369276 0.690530950433764001 -0.722799452402600906 
370 1357847583.56515694 0 1 1 -230.04077841594966 -128.326436173866 -6.92731293664300907 0.00101358045712361135 0.00479151059317388991 0.682218528303224492 -0.731131926344811611 -228.169360813626554 -128.317668926902115 -6.19200000000000728 0 0 0 1 -229.172680619593791 -128.304073993228059 -5.53621538197954344 0.00173666120068312856 0.00199274374988191996 0.682372665534341616 -0.730999697887611433 -229.687434229070305 -128.327924206921182 -5.25937924280919322 0.00544400474757360774 0.00428820809529123145 0.682287813414781952 -0.731050828430770405 
371 1357847584.36673808 0 1 1 -231.072131715921842 -128.353312304831491 -6.94004712512389332 -0.0165230775555962953 0.0298749763693370099 0.6954411527587816 -0.717771604860878099 -229.930125221189741 -128.356643904549941 -6.19075317682466242 0 0 0 1 -230.204136676510132 -128.330507909898188 -5.54378205693371306 -0.0157442122644632782 0.0270955868050745362 0.695673738794302166 -0.717674019390292073 -230.718572299657126 -128.354567008333731 -5.26528416329423976 -0.0120205785064014005 0.0293939565379111138 0.695503390138089039 -0.717820684654492336 
372 1357847585.16500592 0 1 1 -232.096189583121884 -128.392925900642126 -6.93972706862553856 -0.0151594865028583086 0.0197275694341389751 0.698204444585429851 -0.715465978600200336 -230.99332584910303 -128.38390770739673 -6.17239162566963717 0 0 0 1 -231.228235402095407 -128.369712856415333 -5.53836944138054754 -0.0143741684237903237 0.0169501159078860111 0.698421237334610923 -0.715341772925938479 -231.742481812434988 -128.393887044576786 -5.25778796938156123 -0.0106275308986728233 0.0192370925160828612 0.698291433214442758 -0.715476110123772657 
373 1357847585.97523689 0 1 1 -233.174693291052847 -128.344140229722484 -6.95275584554727288 -0.00906113144408175405 0.0194881432599161401 0.716927666208876491 -0.696816209336097558 -232.106316858979199 -128.37034871794495 -6.19994854338373713 0 0 0 1 -232.30680914202506 -128.320453818386824 -5.54578724730720918 -0.00820420127271546083 0.0167308794446424693 0.717126867037726101 -0.696693494534821545 -232.820899573729292 -128.344871375219554 -5.26369433786614849 -0.00448947534221783798 0.0190922772744661941 0.716991386200860448 -0.696806057431617942 
374 1357847586.7717936 0 1 1 -234.290480463229471 -128.321718780338756 -6.96313207917852495 -0.00126373207217495855 0.027404758433011267 0.707810087037622049 -0.705869862569774464 -232.148783936514519 -128.369831363670528 -6.20100000000002183 0 0 0 1 -233.422660932911896 -128.297543718309413 -5.55043879519019612 -0.000442338561531067866 0.0246355431669940152 0.708004940018032269 -0.70577751399398303 -233.936583328742614 -128.322194118008923 -5.26644723468230769 0.00332984985623191497 0.0269249476151108939 0.707824644763650257 -0.705867006992868973 
375 1357847587.57591939 0 1 1 -235.417563490991483 -128.317032896831336 -6.97641044796431853 -0.0104194820473684051 0.0169574559170978627 0.706731567563709473 -0.707201789089667465 -233.536023171502165 -128.305062152445316 -6.20900000000000318 0 0 0 1 -234.549833856199484 -128.292348585880376 -5.55798701955036112 -0.00960656405924465405 0.0141885805861592263 0.706937949101783314 -0.707067984162548679 -235.063583395494305 -128.317265503170006 -5.27182847223538342 -0.00580121577711612945 0.0164477322915726372 0.706810248822348108 -0.707188157534939688 
376 1357847588.37592006 0 1 1 -236.49705448118084 -128.328727282044213 -6.97881035743572475 -0.00843806324347639788 0.0233723938861141525 0.69610560383766884 -0.717509246350544139 -235.397003209509876 -128.29840582365847 -6.21040144175709319 0 0 0 1 -235.629368932008674 -128.30357701805039 -5.55494640615193358 -0.00766648897565592145 0.0205918290609672754 0.696320848626821309 -0.71739422724910018 -236.143027775540588 -128.328664199431529 -5.26716203549023554 -0.00368845110484214856 0.0226701588531697459 0.696161458551070145 -0.717517723024362675 
377 1357847589.18511295 0 1 1 -237.558497879372624 -128.370849491451395 -6.9863816154171392 -0.00695018149805086156 0.0259458974597861491 0.690579689110680572 -0.722757357880185358 -236.469021833826616 -128.29109165080871 -6.21158796853192463 0 0 0 1 -236.690895110165286 -128.345219492408773 -5.55725544709901342 -0.00620086640881968749 0.023159530369807016 0.690798665609749452 -0.722649561682991326 -237.20423954133571 -128.370512158746976 -5.26609394153153065 -0.0022974402658463562 0.0252883474549413997 0.69062433657407063 -0.722767768361904817 
378 1357847589.98555303 0 1 1 -238.635166274597111 -128.423430697566346 -6.96909948330359263 -0.0166831327693563736 0.0303123009011337964 0.686141742051739834 -0.726644581146300927 -237.576110954079809 -128.354934563040899 -6.2034704788906927 0 0 0 1 -237.767525853835167 -128.397375753357153 -5.53466627031139158 -0.0159509243016685009 0.0275247181816190324 0.686395140298168949 -0.726532634695786994 -238.280604206279293 -128.422675879385196 -5.24063923098244189 -0.0120167929330862663 0.0296106155629246443 0.686211599470876288 -0.72669969649450783 
379 1357847590.78599405 0 1 1 -239.753991854662559 -128.439701794424252 -6.96579254687610394 -0.0182160426321742175 0.0257742423672991106 0.705527736579272591 -0.707979150214569142 -238.683201393360491 -128.418777551337911 -6.19535297957798026 0 0 0 1 -238.886367218280128 -128.413156183281444 -5.52574068475655178 -0.0174114953683290122 0.0230074751682856349 0.705777062002052702 -0.707846194216773528 -239.39921247128413 -128.438594346660835 -5.22898857225849589 -0.0135159817024254492 0.0251821118729113266 0.705614974522380423 -0.708018846648887257 
380 1357847591.5850141 0 1 1 -240.879790743980209 -128.443371079914357 -6.96575257089023836 -0.00129755735796909292 0.015811469652119152 0.697198443020163205 -0.716702619517051387 -239.004108250781428 -128.437283404171467 -6.19300000000004047 0 0 0 1 -240.012191025939273 -128.416313680462423 -5.52001460860515802 -0.00053027886300776564 0.013030354362071863 0.697396292526465955 -0.716567051879910433 -240.524809978559659 -128.441923539865314 -5.22055871748394296 0.00340972675006304127 0.0151448170159137838 0.697253760462517524 -0.716656264747558391 
381 1357847592.39025807 0 1 1 -241.973155329453334 -128.437189090569177 -6.96655455207054164 -0.00470526282482220098 0.0146668662816879462 0.708640737131349896 -0.705401339106441982 -240.885665542855179 -128.424985639426438 -6.20479563270497891 0 0 0 1 -241.105584158151942 -128.409624057883804 -5.51526988518822936 -0.00389520806322503962 0.0118993238427199787 0.708845821898163142 -0.705252319545103035 -241.617973262644625 -128.435412009169255 -5.21321200068661739 2.50660789503256983e-05 0.0140625736373732203 0.708711468297771208 -0.70535827640823956 
382 1357847593.18532062 0 1 1 -243.017514137910098 -128.41847437181417 -6.96591232674084182 -0.0105513135189240787 0.0274740494920233599 0.709107089529234291 -0.704486324897022897 -241.951098387823833 -128.4140666126344 -6.19353942738561791 0 0 0 1 -242.149956670615438 -128.390420708966531 -5.50929636395572331 -0.00973713509435072955 0.0247097150150020241 0.709347684564232583 -0.704358204742014715 -242.662258598253487 -128.416393084755327 -5.20500219309316581 -0.00579932186045328552 0.0268744158977788222 0.709165618962547706 -0.704505683807858829 
383 1357847593.99515843 0 1 1 -244.136936899398449 -128.399972420356164 -6.96807380026417267 -0.0188532254736148985 0.0256415654681121305 0.703508227302974465 -0.70997411229326679 -243.067517833522629 -128.389357172224379 -6.19103272208810473 0 0 0 1 -243.269406132659014 -128.371376513375054 -5.50575049677384687 -0.0180628146749146831 0.022873507487247046 0.703771907097494709 -0.709827894747456223 -243.78132863278438 -128.397531383475922 -5.19874716504715551 -0.0141119582110447173 0.0249868863637226248 0.703603660666068942 -0.71001295540476117 
384 1357847594.79504848 0 1 1 -245.208040299782908 -128.417224497780921 -6.96333627936838706 -0.0123415328097934256 0.0214238231104157337 0.696078306230976551 -0.717540032308897402 -243.082091375719756 -128.389034619554877 -6.19100000000003092 0 0 0 1 -244.340518171996791 -128.38811960356162 -5.49565217228380209 -0.0115831145479123408 0.0186455860059632286 0.69632503849626759 -0.717390837927998515 -244.852182573943708 -128.414418585321499 -5.18580821281753845 -0.00759818510550789965 0.0207056712728265757 0.696163559762692508 -0.71754431279104991 
385 1357847595.595191 0 1 1 -246.311310190888776 -128.434890902133759 -6.96599168231886701 -0.0114096734004276775 0.0176563444665493903 0.703799753723338029 -0.710087304147837162 -244.453821065835655 -128.391786495223641 -6.18700000000001182 0 0 0 1 -245.4438370099206 -128.405230205153401 -5.49278829067283692 -0.0106239583162211961 0.0148860568174763019 0.704040325122164967 -0.709924473042026105 -245.955254734246438 -128.431749471769706 -5.17998286828609622 -0.00665077480535931562 0.0169772596514965353 0.703892271486962429 -0.710072679371723692 
386 1357847596.29538846 0 1 1 -247.315593334634457 -128.404500080356627 -6.95637745549054731 -0.0139995468492396247 0.0243864393322859238 0.713326410477458928 -0.700267624826432011 -246.23036781976873 -128.385991217169305 -6.16421645788998518 0 0 0 1 -246.448084635342582 -128.374359627723351 -5.4780227871046705 -0.0131758147628730105 0.0216283937332407035 0.713583737533802775 -0.700112033903962705 -246.959232410258664 -128.400981068120387 -5.16289411661261166 -0.00922411460819920308 0.0237618189551293338 0.713408692361993446 -0.700284463151931602 
387 1357847597.09510207 0 1 1 -248.397134432356324 -128.396269337794251 -6.94966003040689895 -0.0177630495099662354 0.0259256613929709535 0.704165813431034238 -0.709339722099681547 -247.33453465852935 -128.344321270104444 -6.15707134570469883 0 0 0 1 -247.529613887604654 -128.365590759039861 -5.46582886565092796 -0.0169761777222638618 0.0231588056676282142 0.70444094031049731 -0.709181528753007995 -248.040490580287354 -128.392361348517198 -5.1479569764390698 -0.0129897447401520656 0.025229295506294401 0.704260611766984623 -0.709374188911208181 
388 1357847597.89487195 0 1 1 -249.524082813281325 -128.375007096081049 -6.95215272730771172 -0.0121120547527871283 0.0142723715287766725 0.704012358140503114 -0.709940981438639263 -248.472524697301822 -128.325840510477093 -6.1578960217876384 0 0 0 1 -248.656588788050186 -128.343729881413253 -5.46258228276322644 -0.0113312634791227964 0.011502877077982164 0.70426086861653947 -0.70975764541311781 -249.167268208714489 -128.37073605537725 -5.14194025671834254 -0.00731424838035303875 0.0135480762679450265 0.704120409202254494 -0.709913657246371121 
389 1357847598.69543743 0 1 1 -250.621113817292382 -128.395644929835498 -6.94353958590166265 -0.00884461170383984627 0.0220760424681337164 0.706712802844605359 -0.707100725136295849 -249.548225710743623 -128.319440133484591 -6.15463795543936776 0 0 0 1 -249.753614398382354 -128.363804583832575 -5.44850085991668376 -0.00805239231592080711 0.0193091088263280877 0.706967040024228832 -0.706936999748707384 -250.263942806552848 -128.390983098219635 -5.12475719841105271 -0.00405608929680897293 0.0213708444858807835 0.7067859676120547 -0.70709294377208165 
390 1357847599.49484897 0 1 1 -251.726918606804759 -128.334614132351703 -6.94158978185773279 -0.0146766780426121155 0.0235252732410013224 0.719958963556690534 -0.693462506149356228 -250.002393757516984 -128.31745714507997 -6.15300000000002001 0 0 0 1 -250.859399120654416 -128.302176310882487 -5.44081249270698564 -0.0138331113526260242 0.0207759058276547892 0.720229815920912064 -0.693286390336544489 -251.369476652948805 -128.329575394784484 -5.11459922502136166 -0.00987145505552159547 0.0229025973909563578 0.72004897445653171 -0.693474945323860781 
391 1357847600.29500198 0 1 1 -252.823570640362561 -128.33325883512714 -6.93460614139557663 -0.00472411968877264454 0.0282407341304523468 0.688916385462967629 -0.724275056501036185 -251.769437028557036 -128.239835904008629 -6.14759660297506105 0 0 0 1 -251.956042935329492 -128.300230238160225 -5.42830632488383902 -0.00400197201935446022 0.0254547003400719708 0.689182183487587086 -0.724129795281091337 -252.465833926999949 -128.327813971684606 -5.09910319038631865 5.24789049975308823e-05 0.0273981573758555856 0.68896000009318259 -0.724281337941255043 
392 1357847601.10486388 0 1 1 -253.953032315560904 -128.37559269339306 -6.93523576106966733 -0.00985802461802486041 0.0202190928366601519 0.692612487072456595 -0.720959049035934663 -252.869732639930533 -128.250842035361813 -6.1321511147470984 0 0 0 1 -253.085558736936321 -128.341920453199265 -5.42337363530370009 -0.00912586305367563654 0.0174379774139513735 0.692883120304126909 -0.720781254726323373 -253.595069811376419 -128.369771461508464 -5.09068503937448114 -0.00507607356613520768 0.0193930956669448561 0.69269942418402064 -0.72094774363523062 
393 1357847601.9057281 0 1 1 -254.968173409809651 -128.361123170702342 -6.92373712032324562 -0.00243763118881748682 0.0214408461023234825 0.698471790914385271 -0.715312173368701454 -253.936617646426043 -128.259352489385947 -6.12223942847409219 0 0 0 1 -254.100660331970715 -128.32689732590282 -5.40673075048456475 -0.0016839879699274583 0.0186635335023076603 0.69872800284417047 -0.715141954260216983 -254.609875559379844 -128.354892296463476 -5.07133264537143269 0.00235150695376003509 0.0206457874384977785 0.698525779197797014 -0.715283131125152072 
394 1357847602.80684209 0 1 1 -256.078709460443633 -128.412075015083872 -6.91436335986369777 -0.00749764114657020322 0.0333272269586270056 0.68043780137253651 -0.732009207444683674 -255.068638786471411 -128.274552035106609 -6.11707726898605308 0 0 0 1 -255.211206539537216 -128.377220234093414 -5.39191968905121577 -0.00681046776961577623 0.0305351073783960043 0.680733149128341819 -0.731863104975212897 -255.720130393703386 -128.405480424125244 -5.05334215160410771 -0.00268009182018580762 0.0323651236012895555 0.680489648326916052 -0.732037672802444472 
395 1357847603.60509109 0 1 1 -257.18807200482604 -128.473914639688189 -6.90205182609778589 -0.0148411253407641185 0.0314433550435035888 0.684088426497891255 -0.7285698876249741 -255.342879300063942 -128.278433912433684 -6.11600000000004229 0 0 0 1 -256.320570442264909 -128.438426731625469 -5.37421035167312144 -0.0141419704187977033 0.0286573138323914789 0.684402933717907391 -0.728403313662772556 -256.829142727134411 -128.466799180251172 -5.03161167324704195 -0.0100737457449904689 0.0305476503788281312 0.684165791984040816 -0.728616860758690144 
396 1357847604.41516399 0 1 1 -258.310844729379539 -128.490179538970608 -6.90100314327411724 -0.00264007256640707731 0.0353807181966764236 0.692310732626352565 -0.720726775059102764 -257.249294910610047 -128.338723508486567 -6.09131409440993821 0 0 0 1 -257.443376847020659 -128.454005478515541 -5.3675711256396017 -0.00190944666678232963 0.0325989472782892767 0.692602229302413885 -0.720580193049393025 -257.951664440949912 -128.482668585120109 -5.02163575574757637 0.0021329448154104912 0.0345352248909676571 0.692327875220727695 -0.720752996511632493 
397 1357847605.21526909 0 1 1 -259.443406778129599 -128.532550659422952 -6.89677568430582788 -0.0037287863693435579 0.0261806162777101503 0.693297158601150598 -0.720166453925134009 -258.360552538849788 -128.354990058177805 -6.08557334548584894 0 0 0 1 -258.575972138141026 -128.495678854870988 -5.35778048322064038 -0.00299940928534662889 0.023399421541688014 0.69358290679479595 -0.719990431893046012 -259.0839572419614 -128.524621459726262 -5.00825076282161152 0.00103901886760710471 0.0253397577482550873 0.693344799799413658 -0.720159569615070549 
398 1357847606.01600909 0 1 1 -260.513112919706259 -128.489956846779933 -6.87979187973247885 -0.000492094556415044351 0.0356433892677119335 0.723554713720180653 -0.689345981998709778 -259.485154243186116 -128.346733631566167 -6.07900000000000773 0 0 0 1 -259.645592068620033 -128.452450877743331 -5.3353122407099498 0.000358349787207553911 0.0328956354356393435 0.723839814950066662 -0.689183336310280281 -260.153269944529143 -128.481558463083758 -4.98308885593736495 0.00430045258481245168 0.0350090032357303627 0.723557238407247949 -0.689362603096863147 
399 1357847606.81674457 0 1 1 -261.613323254286342 -128.451694762928412 -6.87763880749710133 -0.00284649691360945546 0.0341502210844306445 0.706165946853650861 -0.707216597203071951 -260.570129307525804 -128.302949759441901 -6.06864703281568829 0 0 0 1 -260.745791960734437 -128.413479300979532 -5.32753619595639005 -0.00206673730709428828 0.031383217049951978 0.706465885198394261 -0.707047930012773884 -261.253202917742783 -128.442901361779718 -4.97249908362423376 0.00192030768763965984 0.0333986972101879206 0.706184606860509545 -0.707236976180059873 
400 1357847607.62516904 0 1 1 -262.719756938700357 -128.442751918415979 -6.8818521965388566 -0.00447150779707892413 0.0256219032709543784 0.698654367845308433 -0.714986432026137875 -260.847534282191191 -128.291755157522857 -6.06600000000003092 0 0 0 1 -261.852264885167244 -128.403790372744453 -5.32618059305358038 -0.00372597794530546726 0.022846839250213441 0.6989540452945463 -0.714791844938801324 -262.359427462972519 -128.433605627558876 -4.96819347328296246 0.000283141030098687748 0.0248054574785726359 0.698704045154719289 -0.714980605607500319 
401 1357847608.42521858 0 1 1 -263.848151114600057 -128.492686481187206 -6.87007285926358513 0.00103243532302108379 0.025780775503263454 0.69779410345495585 -0.715833552493349234 -262.800803433983447 -128.315485243106025 -6.05679202241367776 0 0 0 1 -262.980664063319693 -128.452993433346677 -5.30889175972007621 0.00177319918599487124 0.0230029591879651815 0.698085613615039513 -0.715642505513023219 -263.487483149948503 -128.483084216179577 -4.94720146785132275 0.00576614106551301409 0.0249813969174161599 0.697821646199586421 -0.715812567311140846 
402 1357847609.22548795 0 1 1 -264.956882576787109 -128.487507235454473 -6.86715265907064953 -0.00101310385689735646 0.0208823225533892251 0.710467305118103853 -0.703419583594010134 -263.886574672050131 -128.334734343766684 -6.04769877718695525 0 0 0 1 -264.089404068538443 -128.447055965798768 -5.30040746955765041 -0.000226349261233054595 0.0181184800972936481 0.710757540471014804 -0.703203660477226045 -264.595940711641447 -128.477510037528134 -4.93564638147312351 0.00372248131845870399 0.0201721895111424167 0.710514026317603409 -0.703383994919637434 
403 1357847610.03593302 0 1 1 -266.049296104614257 -128.435259104044064 -6.87037138452862095 -0.00485445363438452657 0.0253133969497071447 0.700410703838194704 -0.713274499869203882 -264.992057523748372 -128.306290070526302 -6.04200000000003001 0 0 0 1 -265.181821797181271 -128.394028419988103 -5.29801312793806289 -0.00410657956878355754 0.0225407432674144363 0.70072582501166103 -0.713062668395229249 -265.688114703862539 -128.424910014241789 -4.93064800475475096 -0.000141061888741370018 0.0245431584046810376 0.700460703856170985 -0.713268824378567645 
404 1357847610.83588791 0 1 1 -267.109443748056378 -128.507990814509185 -6.86993387884855444 0.005226147929371594 0.0158953821191290534 0.678873544980661214 -0.734064529949852163 -264.992057523748372 -128.306290070526302 -6.04200000000003001 0 0 0 1 -266.242046461079326 -128.465998244934241 -5.29248027748411953 0.00588562304571713969 0.0130976998664996593 0.67916357879906164 -0.733846470954532704 -266.748031649093377 -128.497281900036739 -4.92156353370318111 0.00990129021990631894 0.0149897229188986868 0.678914518337024209 -0.73399751324510798 
405 1357847611.63529611 0 1 1 -268.132078547850483 -128.538858196334047 -6.85872468414182368 -0.0176397235244663518 0.0349559610387418021 0.69044053326104704 -0.722328727777069246 -266.299934180045966 -128.330525541678071 -6.04600000000004911 0 0 0 1 -267.264677663788461 -128.49614800517503 -5.27624753983615413 -0.016928632839910706 0.0321801912599958689 0.690815598376707918 -0.722116102659449588 -267.770341999578193 -128.527743730980433 -4.90226208135673502 -0.0129630222458131782 0.0341384774979772571 0.690513001058845388 -0.722397618889404791 
406 1357847612.43671989 0 1 1 -269.172806785727175 -128.547721507280812 -6.86051409440251092 -0.00850489709046280129 0.0313212959955992548 0.700729812015280951 -0.712688132141728548 -268.147402546908154 -128.37359391041727 -6.03160302995895492 0 0 0 1 -268.305452387349021 -128.504228966450199 -5.27286292573027904 -0.00775731198587149666 0.0285515854509485224 0.701078638330624448 -0.71246991091236167 -268.81083846995449 -128.536269346352327 -4.8959769247077638 -0.00383045160486929605 0.0305771295710981147 0.700775364276803869 -0.712716111513138073 
407 1357847613.23506689 0 1 1 -270.291944468881866 -128.549248579092364 -6.86416732179180755 -0.00719158136667551098 0.0174545531036874625 0.70706371804731194 -0.706897813233644534 -269.22812145735486 -128.37461210810136 -6.03573496912214402 0 0 0 1 -269.424636495253935 -128.504891501143703 -5.27093241295058057 -0.00642705394468656103 0.0146899927052813947 0.707392832745440514 -0.706638717643105263 -269.929754987223305 -128.537445853459246 -4.89101991068142805 -0.00252520494811810884 0.0167580347506176286 0.707141693615523592 -0.706868740829466935 
408 1357847614.03680801 0 1 1 -271.399045201587569 -128.543565395317103 -6.86537109983224791 -0.00314701299925393505 0.026532044977925013 0.695706126785777257 -0.717829458890622552 -270.343130173743702 -128.38708118814975 -6.05500000000000682 0 0 0 1 -270.531765218143562 -128.498342830034318 -5.26659480755620635 -0.00242407282530745409 0.0237548663104697605 0.696048394253303337 -0.717597702793777992 -271.036614541977315 -128.531404369250964 -4.88378009798340251 0.00149427949456303727 0.025769995040577854 0.695744684013593684 -0.717825194007026823 
409 1357847614.84688544 0 1 1 -272.495830614714862 -128.588090816911517 -6.87929395800261734 -0.00368987371523004596 0.0167026223508461337 0.675970342691312509 -0.736730278351826806 -271.478918243535475 -128.389799362254706 -6.05004579342820037 0 0 0 1 -271.628682382826867 -128.541957143974543 -5.27517275337680314 -0.00304861525354579608 0.0139069350728686925 0.676313924815397205 -0.736475918277514463 -272.133269643405356 -128.575647715613229 -4.88908969232136759 0.000914263251463142204 0.015823310040612059 0.676041426743071217 -0.736693135782639508 
410 1357847615.64617157 0 1 1 -273.588522308192523 -128.678179082928807 -6.87110189519855474 -0.000498825110562111165 0.0245331799782801049 0.653352924767341192 -0.756655687847268887 -271.718674031260889 -128.39037314709276 -6.04900000000003502 0 0 0 1 -272.721433141179148 -128.631182800269443 -5.26178896714170996 5.96174266452820191e-05 0.0217189479099610325 0.653714504288605891 -0.75642952786769857 -273.225676663224192 -128.665332675274186 -4.87209642560019329 0.00406292297262872502 0.0235251908919759008 0.65339362780648258 -0.7566418077216579 
411 1357847616.44562602 0 1 1 -274.67303738003028 -128.855736525627151 -6.87001839803153125 -0.012094737569961319 0.0243395523097787968 0.653611137334964676 -0.756342372651544137 -273.655124133219488 -128.615569078779032 -6.06052903640873097 0 0 0 1 -273.806124694925302 -128.807846657302719 -5.25580635020374576 -0.0115366838660215468 0.0215311090928853588 0.65400741247879246 -0.756093658675564106 -274.309985971027231 -128.842529811668868 -4.86182046492743414 -0.00754739942037544517 0.0233455892564415346 0.653696219559712688 -0.756359222035137835 
412 1357847617.25659704 0 1 1 -275.809305618674784 -128.915449155067506 -6.8842045424991305 -0.00412980457943862116 0.0233788073641325277 0.683463424901623928 -0.729598603961184144 -274.75855134076653 -128.735268431891399 -6.06026796303032622 0 0 0 1 -274.942542659557148 -128.86656262516351 -5.26450262665376911 -0.00346125925911303089 0.0205910148589258102 0.683832678829214946 -0.729340042200262495 -275.446128075042964 -128.901951429317052 -4.86711677830545408 0.000438884649977888794 0.022576384117017765 0.683517563246922255 -0.729584714062359363 
413 1357847618.05523109 0 1 1 -276.940194167112452 -129.032440565809907 -6.87058779616832638 0.0014389401749125199 0.0245839170887763511 0.66732562543048568 -0.744358831556096057 -275.856241493311245 -128.805519002489746 -6.04700000000002547 0 0 0 1 -276.07349446661874 -128.98262047510454 -5.24558974070733974 0.00204538157029592136 0.0217801534132738978 0.66769580996823108 -0.744112724445963214 -276.576699591576414 -129.018497766916425 -4.84437489985579006 0.00597356650788341288 0.0236917271822619478 0.667359171660546591 -0.744335109051592725 
414 1357847618.85499811 0 1 1 -278.02088927300457 -129.095096906175968 -6.86856039013475161 -0.00306451172482428112 0.0177678863237960769 0.675758265795974977 -0.736902759658212836 -275.856241493311245 -128.805519002489746 -6.04700000000002547 0 0 0 1 -277.15426055325014 -129.04433496434828 -5.23836386602592796 -0.00243107851624129161 0.014972946011946613 0.676132832684660623 -0.736623576401670754 -277.657150598021985 -129.080788964583462 -4.83394081307482093 0.00146364722289751468 0.0169383060846087508 0.675827125891737324 -0.73686406306231611 
415 1357847619.6567831 0 1 1 -279.109533038766301 -129.198338025237888 -6.86367461045218885 0.0204212526304072724 0.00686922554023477669 0.662378176528134022 -0.748859758192912062 -277.238158687832765 -128.879304051399231 -6.06499999999999773 0 0 0 1 -278.243002956059627 -129.146615186485434 -5.22835911142913279 0.0209975731843130842 0.00405284685991000489 0.662691062877309167 -0.748587490902193675 -278.745541162359359 -129.183644224373523 -4.82040741499877168 0.0249154426432962907 0.00596661345559684232 0.662394785514093698 -0.748716747752778633 
416 1357847620.66086054 0 1 1 -280.16187088780498 -129.322784024404939 -6.86838334650237492 0.021510835549093197 -0.00361720495508362303 0.658847454586208858 -0.751960259167707701 -279.165645067575156 -129.055132516148149 -6.07436952130374053 0 0 0 1 -279.295512644954954 -129.270086587226302 -5.22819301627766109 0.0220672669390442333 -0.0064366399381714668 0.659150794171940335 -0.75165938824619738 -279.797704629040652 -129.307766839204419 -4.81666213640736451 0.0259827809892672068 -0.00452920801770099243 0.658891487722417124 -0.751775490937112267 
417 1357847621.3561039 0 1 1 -280.711184634477604 -129.375050679901165 -6.87398835730226843 -0.0408543897770644385 0.0512327622887852122 0.680811688176633178 -0.729521465171716121 -279.852351838326626 -129.115188252077814 -6.06864064332962805 0 0 0 1 -279.844941977629446 -129.321836766236828 -5.23121771321550089 -0.0401856718226751494 0.0484681082275055103 0.681343661712047965 -0.729250827157450265 -280.346843374645346 -129.359881185692359 -4.81792086273713771 -0.0363716318517756029 0.0504833128925347707 0.680927246699867372 -0.729703106898669684 
418 1357847622.26517701 0 1 1 -281.764876403193853 -129.34833470730905 -6.87196246685598666 -0.0344156268766972889 0.0542792270810623992 0.725814957781225512 -0.684880994914594088 -280.527623927569948 -129.171857146546245 -6.07400000000001228 0 0 0 1 -280.898628079690184 -129.294134836852635 -5.22388312229677876 -0.0335710383380232041 0.0515580362794846869 0.726319451726588183 -0.684598282442703043 -281.400267909613603 -129.332800060845869 -4.80833754412725156 -0.0299108785922396064 0.0538250903589335347 0.725891521119143124 -0.685047223596322308 
419 1357847622.96621156 0 1 1 -282.810636443553733 -129.215659044468453 -6.87183243503941021 -0.002330358145793434 0.0283560199563835415 0.74546917663922363 -0.665932588363104427 -280.72711516780214 -129.149312513210958 -6.07549655346867556 0 0 0 1 -281.944284628912783 -129.160456744631801 -5.21818304816922396 -0.00142447059134844845 0.0256376778728181036 0.745853731364821915 -0.665614672138465036 -282.445743494948715 -129.199769952306468 -4.80133577899572472 0.00216998464734204565 0.0280298561577972845 0.745499042939639311 -0.665913504373117027 
420 1357847623.66526103 0 1 1 -283.865195477775728 -129.100851077801224 -6.88560250863544354 0.0142648865426796313 0.0179254416222126255 0.727135390956607508 -0.686111736361472602 -281.860628356807865 -129.02121345885098 -6.08400000000000318 0 0 0 1 -282.998825917237752 -129.044577992084868 -5.22639268595454176 0.015089466669484311 0.0151749277463090228 0.72748096028081255 -0.685794052170497936 -283.50012306404335 -129.084678676579529 -4.80811298514764296 0.0187352777357924008 0.017485464405510142 0.727138680323991982 -0.686012089893005994 
421 1357847624.36675549 0 1 1 -284.873135722354561 -129.041993647677714 -6.88801590527160634 0.0165637292372040577 0.0125266098400494096 0.714679691031844366 -0.69914352328137841 -283.812019926988796 -128.831363824874956 -6.10428239856426202 0 0 0 1 -284.006748942384661 -128.984708492266833 -5.22363979595233996 0.0173343698062982353 0.00976051046283514696 0.715025553715329942 -0.698815218489844625 -284.507820242211267 -129.025489429677151 -4.80360244603535946 0.021006508849422123 0.012017749663769792 0.71469259795800788 -0.699019878617919921 
422 1357847625.17518258 0 1 1 -285.934997938619631 -129.032427816057634 -6.89150473792490992 0.00619921810845387375 0.0265192314443820423 0.698875848619052054 -0.714724316275473504 -284.915013560742352 -128.780098382448642 -6.10019191084102008 0 0 0 1 -285.068645885380988 -128.974052125376403 -5.22183899303200327 0.00691442951672503834 0.0237428520077435125 0.699282937093382961 -0.714417134126168918 -285.569460222591147 -129.015578394947738 -4.79955462026816537 0.0106129965567325051 0.0259262005518247594 0.698890371377017261 -0.714679959999948822 
423 1357847625.97671199 0 1 1 -286.968161817998237 -129.039455505953924 -6.90448985426105288 -0.00256460701883871878 0.0324805198876242096 0.680741552846713893 -0.731798727005256167 -286.01744277305329 -128.779309895047618 -6.11856528893635954 0 0 0 1 -286.10190901242197 -128.979973350925007 -5.22972646984241862 -0.00191688991040982562 0.0296929546403160369 0.681195556521647316 -0.731496594491705787 -286.602474515438644 -129.022322233895693 -4.8051554829925589 0.0018152090303584533 0.031792559476522618 0.680774121224379858 -0.731800884154481857 
424 1357847626.77520704 0 1 1 -288.057596632413322 -129.145955068344563 -6.8972384610877171 -0.00417890990310128101 0.0324829936719911935 0.663555835893276824 -0.747409556057521907 -287.088276717742474 -128.862559304201852 -6.1028313638026539 0 0 0 1 -287.191451953463229 -129.085344225217142 -5.21738782753773922 -0.00359747794345133525 0.0296827624002325846 0.664030074839103812 -0.747107791070279248 -287.691646973048989 -129.128406377683177 -4.78962328362350576 0.000165422369049398899 0.0317079153050444998 0.663597732563899423 -0.747417306515242186 
425 1357847627.4754684 0 1 1 -289.0505898896742 -129.280560393091264 -6.88738150297953933 -0.00756625145803948521 0.0197854634583417635 0.668653179730492875 -0.743272636729560898 -288.027051507521094 -128.941123402805317 -6.09891582606658567 0 0 0 1 -288.184577361464164 -129.218910667792102 -5.20300494499938271 -0.00697486312945978966 0.0169904079952770265 0.669122771326197574 -0.742924891367376716 -288.684372312362825 -129.262613307530955 -4.7720575687035387 -0.00323642582398334057 0.019053594148977903 0.668741751177982402 -0.74324353769763607 
426 1357847628.28609896 0 1 1 -290.146119356424094 -129.304906014859228 -6.88804195268358654 0.0208867180763468926 0.0154459120572863675 0.719418324257530051 -0.6940910916667965 -289.054802390834936 -129.000839676676634 -6.12125238109169612 0 0 0 1 -289.280168442311606 -129.242046455453391 -5.19831895047513903 0.021670205437701217 0.0126828275182305321 0.719790465658604828 -0.693737150244528533 -289.779671481711489 -129.286580552831083 -4.7649638779871859 0.0252358221582465181 0.0150303746529571857 0.719413548344839393 -0.693960652757544039 
427 1357847628.98494196 0 1 1 -290.93327542883668 -129.240129468366547 -6.91342548833979365 0.0709646407818433078 -0.0535064407099809236 0.745224223749988757 -0.660864537479111558 -289.885920350933816 -128.989695980170524 -6.18301663491878095 0 0 0 1 -290.067408057094553 -129.17630895339417 -5.21962640261511535 0.0718170582855583023 -0.0562542855557124077 0.745360893821326309 -0.66038996317153309 -290.566746377575896 -129.221666365261399 -4.78526878078807361 0.0752789571732262464 -0.0537335747733548516 0.74523235946080757 -0.660359380914260607 
428 1357847630.29523492 0 1 1 -291.304808266231134 -129.23552587855977 -6.91309928403824525 0.0477596088581171904 -0.0439473805442346169 0.811562552587479447 -0.580649524879435996 -290.416666649425338 -128.990508657088697 -6.17858039062018527 0 0 0 1 -290.438970364211514 -129.171278693160019 -5.21745265736718711 0.0488950723836765397 -0.0465799706778367642 0.811728466159772788 -0.580117639323395884 -290.938049401370506 -129.21692827061085 -4.78242143603288916 0.0520609816696154665 -0.0437082745801032554 0.811611092324861505 -0.580229847332995652 
429 1357847630.5959394 0 1 1 -291.231404691758542 -129.264289600945233 -6.89892189331552075 0.016913504613364147 -0.00366092506499061032 0.854426728684927306 -0.51928363761834051 -290.425188641607576 -129.031064853051873 -6.14661529913545213 0 0 0 1 -290.365575342105615 -129.200177378195519 -5.20372074641950366 0.0182660314410765974 -0.0061860838581084248 0.854695072617767115 -0.518772028259816498 -290.864343885598714 -129.245638454502966 -4.76856780970976946 0.0211774135579927379 -0.0030855808095897508 0.854460129685644665 -0.519075989739125498 
430 1357847630.99502397 0 1 1 -291.164978912362812 -129.279550798435025 -6.89954462828199055 -0.0165778208334446779 0.054433374919904319 0.892615634585875561 -0.447213050395555811 -290.436498734419047 -129.08488963141491 -6.10419233702921105 0 0 0 1 -290.299218220971852 -129.215530234722564 -5.20471473554782094 -0.0149922787986885731 0.0520507489669231743 0.893010801749551941 -0.446763538202288146 -290.797712614494458 -129.260924930055097 -4.76952447770477228 -0.0123942130460829615 0.055365003481228664 0.892591293793330132 -0.447282776458965359 
431 1357847631.49561048 0 1 1 -291.23778362415436 -129.219173234258221 -6.90483570698646343 -0.0212869512676482353 0.0712144722845337724 0.928876189464100332 -0.362855879502616385 -290.437083218246698 -129.087671192362905 -6.10200000000003229 0 0 0 1 -290.372021601409813 -129.155065474572325 -5.20947184237488159 -0.019480443368689062 0.0689897468490002358 0.929258330993160575 -0.362408445590987616 -290.870315778322265 -129.20054955429157 -4.77461989276573462 -0.017231725436135048 0.0725296488668079331 0.928807229677283797 -0.362987117915995361 
432 1357847632.09514356 0 1 1 -291.414452229083508 -129.01011699133602 -6.91810451130353421 -9.55353533384044329e-05 -0.00387378489068165768 0.945004157425331837 -0.3270353606453833 -290.627588865348571 -128.961542570313668 -6.13560598436897653 0 0 0 1 -290.54853599137806 -128.945766032511102 -5.22126524743028408 0.00175303574289210201 -0.00604740252221887958 0.945206172525459465 -0.326413307339314562 -291.046785065638971 -128.991503576459593 -4.7878166056163094 0.00387949377127137698 -0.00239601271756016785 0.945061638684126959 -0.326860379579429428 
433 1357847633.59502411 0 1 1 -291.65826379561355 -128.706062209913227 -6.93944444859056908 0.0217588541586402652 -0.0363150085455681004 0.914621399735300655 -0.40208888018232708 -290.815794809139334 -128.683208093978465 -6.14500000000003865 0 0 0 1 -290.792099271392999 -128.641349959181724 -5.24052438905069451 0.0234007946720726778 -0.0386439170255710104 0.914775700875038456 -0.401428035361530877 -291.290417451164728 -128.687480291050775 -4.80917267906043744 0.0258079579520778916 -0.0351625624299998565 0.914707701839349352 -0.401755353051426289 
434 1357847634.29505944 0 1 1 -291.53970695447623 -128.76909506796278 -6.92828236998258795 0.00769410393321312211 -0.000600890358046026613 0.875575162276492125 -0.483020263446511444 -290.790186164609622 -128.622886730358005 -6.19200000000000728 0 0 0 1 -290.673608008476776 -128.704572723756456 -5.23012823859770304 0.00914454585334856934 -0.00306346255317841657 0.875874320742945578 -0.482442915526184346 -291.171592563059448 -128.750492117932595 -4.79843199669082843 0.0118176253826891373 0.000192996487240870582 0.875625419094329338 -0.482846178320332664 
435 1357847635.49514508 0 1 1 -291.354856484498839 -128.932619691062541 -6.92283697179483148 0.013776031225367873 -0.0208341498293885853 0.918469133978325414 -0.394703191136921649 -290.560076333559778 -128.828726950761705 -6.16812524854851496 0 0 0 1 -290.488987850535011 -128.868362590795243 -5.22606556349830775 0.0154446104359369698 -0.0231464964914298021 0.918668924021417643 -0.39404709330990545 -290.986545530669503 -128.914048685565888 -4.79328701015305292 0.0177737793292584295 -0.0196355888110693738 0.918539645433541052 -0.394440687793769618 
436 1357847636.40495491 0 1 1 -291.128644110768619 -129.189162633494675 -6.90303923147067966 -0.00469270215091729774 0.0221772332697706478 0.948459800213970583 -0.316085678652317514 -290.427863050174835 -129.040273004097628 -6.15641375506598454 0 0 0 1 -290.263068325981408 -129.125274491980235 -5.20812353630655878 -0.00280840961002380924 0.020026235712330108 0.948717211120902237 -0.315478550842421102 -290.760075700322602 -129.170560198103402 -4.77354287985170433 -0.00082611036679937095 0.023714090574063932 0.948461046693520493 -0.316004117623391922 
437 1357847637.40682054 0 1 1 -291.084386236941668 -129.253670198446798 -6.90542912500911221 -0.00445690526604855791 0.00171749887232044616 0.975365100746899083 -0.220545021340460973 -290.396015277416041 -129.162480316375905 -6.12987328717318736 0 0 0 1 -290.218954090475791 -129.189849233977725 -5.21091733969153648 -0.00238336310971707212 -0.000238836534419916606 0.975528572167576269 -0.219859653920602333 -290.715638324319173 -129.235093869041094 -4.77583837083651108 -0.000788134714138245189 0.00363128806624244804 0.975404081385943589 -0.220392991282155115 
438 1357847638.09514594 0 1 1 -291.123922762553207 -129.212432662297999 -6.91254521908400488 -0.00695864684278536903 -0.0257152176316726815 0.991635068455069435 -0.126294084684845404 -290.440274983871973 -129.174470532588629 -6.14396996305881338 0 0 0 1 -290.258510286764988 -129.148550416797605 -5.21771886229614168 -0.00472904960777160033 -0.0274629209565460004 0.991700090236256715 -0.125516353865709945 -290.75498897809814 -129.193879244613044 -4.78289514466442967 -0.00351921802003071207 -0.0234610921761037906 0.991738894970365936 -0.126060130340204773 
439 1357847638.90532589 0 1 1 -291.131627737066651 -129.243887604002225 -6.90620052736163892 -0.0169675295526975668 -0.0096487748321445934 0.998998907345862941 -0.0402515491240910128 -290.480708574380799 -129.187029522899763 -6.14354333383721496 0 0 0 1 -290.266270718154601 -129.180023924072884 -5.21142755474930475 -0.0145846944701972427 -0.0111900073185016383 0.999051118897765655 -0.039483316129037653 -290.762447420316732 -129.225295421413165 -4.77631017235526034 -0.0137556665604748399 -0.00710724899902025545 0.999075970349447062 -0.0400933176408973663 
440 1357847639.8158021 0 1 1 -291.122108037908276 -129.264351581410835 -6.9068714724703959 -0.0227309258838582912 0.00676786938267099659 0.998571490485542057 0.0478798427520906594 -290.526147642831916 -129.201143253915006 -6.14306389003419184 0 0 0 1 -290.256827249956757 -129.200509918937314 -5.2122046067364014 -0.0202101601908805141 0.00544643815380696852 0.998597712269764015 0.0486260710533917354 -290.752722401368487 -129.245764432927956 -4.77690955872491774 -0.0197757255894462011 0.00957768807079322805 0.998606972514114566 0.047971898178247048 
441 1357847640.41496706 0 1 1 -291.124410258678381 -129.229764594103301 -6.90667003333895746 -0.0195123484305852329 0.0477736822549591003 0.990198018525352053 0.129787625184346583 -290.597691430528812 -129.136990239505081 -6.13518259519570375 0 0 0 1 -290.259121790767324 -129.165931577039714 -5.21189110936737698 -0.0168634484517668007 0.0466615267082820945 0.990214934281489767 0.130432779459275394 -290.754795261783045 -129.211174349458872 -4.77685522509168425 -0.0168165750509423964 0.0508057533642411741 0.990099986409387234 0.12976130062841984 
442 1357847641.51595497 0 1 1 -291.042480941922349 -129.046634970160653 -6.90985137114923553 -0.0241089925114801908 0.00471718724382751749 0.978045241526645737 0.206939629244070944 -290.598387683238059 -128.983785464319141 -6.15185688550683718 0 0 0 1 -290.176980807131713 -128.982926875888722 -5.21494007645596369 -0.0214102722674744464 0.00381416045173801465 0.977951218823067348 0.207698016417967452 -290.672609694781954 -129.028092677504958 -4.78148748307112825 -0.0216849895759571622 0.00794537485118583693 0.978061913888330858 0.207030251042354257 
443 1357847642.32489491 0 1 1 -291.043342628967139 -129.012080697398176 -6.91582204822009761 -0.0363813768547225219 -0.025168010888213313 0.956301377884683057 0.289016679971834889 -290.622866519408944 -128.936253785860799 -6.16978147751628558 0 0 0 1 -290.177859297409327 -128.948368120262131 -5.22080489965849459 -0.0336397386766707981 -0.0258301475624527835 0.956128987347140691 0.289859502195802754 -290.673279384776436 -128.993568931718983 -4.78760611171885042 -0.0342675418814594665 -0.0217566038465666911 0.956419494721461372 0.289161089843033181 
444 1357847643.02499509 0 1 1 -291.138464683536654 -129.103372183506622 -6.90419635157605693 -0.0267781804397383347 0.0200083277141089415 0.930031809198475612 0.365955502422674106 -290.710190373880323 -128.956135316751897 -6.17400000000003502 0 0 0 1 -290.273102038970023 -129.039564375389205 -5.20897920265916703 -0.0239546425725639216 0.019563984198252872 0.929839444861313091 0.366663377502466581 -290.768142877236471 -129.084760749214922 -4.77488959576679139 -0.0249600574696505588 0.0235673557878691466 0.929987276150706199 0.365985302259626 
445 1357847643.52533603 0 1 1 -291.177671837006017 -129.150552948524535 -6.90885087619741345 -0.00427962980970184297 0.0693540790750923064 0.895798495170963549 0.438995162312496356 -290.710190373880323 -128.956135316751897 -6.17400000000003502 0 0 0 1 -290.312447276995556 -129.086680388600399 -5.2135797462059319 -0.00139494808661451918 0.0691191671598091611 0.895562349576610739 0.439532334273362302 -290.807176990174924 -129.13194878535657 -4.77904183338130828 -0.00276770729610853515 0.0730226094653173563 0.895543691324537483 0.438932267248627384 
446 1357847644.62026644 0 1 1 -290.992737220723939 -129.049951544300939 -6.91804843234808509 0.00568306823973027241 0.0754484503170484572 0.849650007684343511 0.521890887563802419 -290.573994347883968 -128.804850841501434 -6.11858337795728691 0 0 0 1 -290.127448287116351 -128.98633896097931 -5.22338913390700554 0.00858122242013394793 0.0754740328383517872 0.849328280296538285 0.522371041767646815 -290.622050340041483 -129.031464009090627 -4.78987760955534814 0.00682290364647362632 0.0792239892313275768 0.849336111368675373 0.52182868591257292 
447 1357847645.62514496 0 1 1 -290.506838903714481 -128.848629178353349 -6.9168848304147641 -0.0225868475303086444 0.0328472665434950059 0.806810992763654755 0.58946324173351905 -290.19070490669742 -128.624101690587509 -6.11884170921409165 0 0 0 1 -289.641276220207828 -128.7857783965556 -5.22401375175035998 -0.0197281842165679608 0.0331217637010508964 0.806436310088351038 0.590062899433555166 -290.135869390449386 -128.830316427126661 -4.79266695699327894 -0.0217742865720755262 0.0366976324306801868 0.806681540449365464 0.589443853574281307 
448 1357847646.62543297 0 1 1 -290.040221541304447 -128.743350166983305 -6.92039579625548917 -0.0176628881584207503 0.0339694340142846288 0.752124432054013803 0.657908001655307273 -289.74347900039885 -128.493716878085706 -6.12180559989882855 0 0 0 1 -289.17455419059155 -128.681229859297815 -5.22949715917440461 -0.0148364741898525145 0.0344855785509227825 0.751677715670374114 0.658461263606440528 -289.669028845181231 -128.725227569733249 -4.79947888797486133 -0.0172044012815606023 0.0378571134008036658 0.751966519370841913 0.657888441368902011 
449 1357847648.63533902 0 1 1 -289.026588680897589 -128.710761018273558 -6.91547086692336421 0.00303100593741305324 0.0539851911642015569 0.723573094058465927 0.688126725024272523 -288.686726465720199 -128.405769238770802 -6.13606639012915345 0 0 0 1 -288.160897158438161 -128.650286907411868 -5.22942609351379417 0.00584862045972719524 0.0545981896465206826 0.723073730704167805 0.688584933970819213 -288.655157227542986 -128.692980882672487 -4.80063649196855469 0.00331719064314288294 0.057863304846424421 0.723298334439294144 0.688099087047664981 
450 1357847649.53598142 0 1 1 -288.316764648266656 -128.668251727998552 -6.91948986763179086 -0.0618582991933936399 -0.00739346400385399935 0.701521823444374082 0.709919726970736353 -288.427535191178322 -128.395283333025873 -6.1330000000000382 0 0 0 1 -287.451073453040692 -128.608931670354622 -5.23678379383177361 -0.0591131019059100149 -0.00664224430066367392 0.70106535645294521 0.710611629341384221 -287.9451381764855 -128.650749453935788 -4.80896925871156 -0.0617154347281588661 -0.00351740322805155258 0.701590586185343312 0.709893993753259012 
451 1357847650.33671999 0 1 1 -288.04767004710078 -128.708030191469561 -6.924494618535733 -0.00041678026031220089 0.0442121439246158932 0.649052899312409171 0.759457336864921895 -287.719230667281693 -128.373250653932473 -6.14638521765254708 0 0 0 1 -287.182111010553797 -128.649147419812351 -5.24321732248875616 0.00231656337249845938 0.0451077974232150652 0.64847386223676351 0.759895762681634168 -287.675873267438021 -128.690649100388242 -4.81529511196100479 -0.000556046371715327283 0.0480620704479265137 0.64880344655679123 0.759436512114554652 
452 1357847651.04568195 0 1 1 -287.778997176938788 -128.735853005927368 -6.93040439442942446 0.067857348459170061 0.103122724885119851 0.658233672575862738 0.742623401300854913 -287.342269671342308 -128.403797468441411 -6.07545266101548709 0 0 0 1 -286.913555524873232 -128.677401453646269 -5.25051913919898805 0.070638745092162461 0.103903590705147014 0.657582198198129686 0.742832325725865106 -287.4070305548492 -128.718597873278497 -4.82259255677465237 0.0677869268977126516 0.106918276739228185 0.657641553748637087 0.742617668402763331 
453 1357847651.94494939 0 1 1 -286.728045235172146 -128.817483196433159 -6.92099663736699444 0.0228091798038259595 0.0663724543693728491 0.672341287254567543 0.736906800125045169 -286.397270659561059 -128.489947981806836 -6.11761354778710142 0 0 0 1 -285.862747998045108 -128.760829137731747 -5.24647208249820274 0.0255857908235875668 0.067155444240501877 0.671743327454046746 0.73728991288214285 -286.355851398535151 -128.80055239555449 -4.81871606836404442 0.022776244131973173 0.0701781366283224517 0.671973286961169092 0.736890883003189057 
454 1357847652.35564303 0 1 1 -286.029665145742797 -128.896373127222205 -6.89514399538744982 -0.040511217615955393 0.0147923219791420753 0.639376970089047703 0.767682954465896072 -285.888749200489542 -128.571942251166632 -6.1216645640263927 0 0 0 1 -285.164424558897906 -128.840985129746059 -5.22425300237429369 -0.0378136818972383618 0.015752352430940024 0.638823674047679702 0.768261870933661495 -285.657145591458345 -128.879553918674418 -4.79638234352406911 -0.0407346004532759265 0.0185906523290633521 0.639313934908866122 0.767641044110614401 
455 1357847653.14581847 0 1 1 -285.016234752325374 -129.138260992538505 -6.87303871382713272 -0.00279782713293599437 0.0321570016271657544 0.649445730660235254 0.759722542996374317 -284.841327616586341 -128.747699801426592 -6.1203030029058505 0 0 0 1 -284.151358630486129 -129.08468388449711 -5.20779186855044696 -7.22733166375103236e-05 0.0330482002036838751 0.64882663941697083 0.760218260253425537 -284.643470794281029 -129.121681612672006 -4.77867512172301012 -0.00297962204839347621 0.0359345963912456809 0.649233141324675356 0.759734265937993092 
456 1357847654.05717897 0 1 1 -283.952989629785407 -129.216472901478255 -6.87941414290506437 0.00536646152408526596 0.0415281416654030705 0.698220218912048773 0.714657358769179463 -283.764132306852844 -128.916302853263915 -6.08300000000002683 0 0 0 1 -283.08833573497111 -129.164730834331522 -5.21956995537556434 0.00815256191687223006 0.0422290373166925026 0.697628575656577765 0.715167543005743256 -283.580086989921938 -129.20030483054731 -4.79053260865861574 0.00542688314927560964 0.0452898420543947008 0.697967788091726549 0.714674993218816224 
457 1357847654.95473599 0 1 1 -282.863015143391124 -129.261361142864416 -6.87242141271428775 0.00544206633011049944 0.0532477625711012259 0.706072093261786882 0.706114196721853826 -283.764132306852844 -128.916302853263915 -6.08300000000002683 0 0 0 1 -281.998463745839274 -129.211559762485621 -5.2180093748455576 0.00824537543714639644 0.0539145279531596522 0.705499282063447919 0.706608802993175411 -282.489889179043814 -129.24554708257233 -4.78929949106356911 0.00553758378447371385 0.0569895902614665703 0.705790009410087071 0.7061033808052255 
458 1357847655.75508308 0 1 1 -281.798292909239194 -129.24437771871402 -6.87732849042973626 0.00609970650953805225 0.0372066892590262877 0.725198710081313758 0.687506572151334816 -281.550910438278436 -128.986761541589374 -6.06925358852037089 0 0 0 1 -280.933786443668964 -129.196456188168298 -5.2280410003290978 0.00890764945582664912 0.0377978523302380451 0.724611717604416228 0.688062377151062887 -281.424987432059709 -129.228974345164175 -4.8001066664513532 0.00628171634556342999 0.0409314120225809097 0.724959177674731392 0.687545889562848789 
459 1357847656.45497108 0 1 1 -280.781429901515025 -129.220658985544389 -6.87725347650614616 -0.0043612828721908848 0.0304804489244954319 0.720101356530146841 0.693185370423029412 -280.608315792035114 -128.981227205201577 -6.0707277907520103 0 0 0 1 -279.916933470838956 -129.17456422097905 -5.23283561676093445 -0.0015633047218047457 0.0311008423795767867 0.719519241017575473 0.693773994530725968 -280.407914366846796 -129.205625394242048 -4.80566563880645869 -0.00421899621913589956 0.0341933884172176406 0.719905910856760367 0.693216049852389382 
460 1357847657.25523043 0 1 1 -279.67555405171089 -129.141239694481953 -6.87139210401760536 -0.000287518375203630813 0.0316241810617968883 0.728675577262918872 0.684128446715897676 -279.50967366257936 -128.955192009323383 -6.06859970728472398 0 0 0 1 -278.810938039143537 -129.097166543043016 -5.23210915955134492 0.00251894420560283116 0.0322045835532879798 0.7280882466661589 0.684721859432607105 -279.301779479195375 -129.126582281412311 -4.80616731109249695 -0.000108988074738752467 0.0353188025816843637 0.728467634379864615 0.684169186654002504 
461 1357847658.06714702 0 1 1 -278.57508879505059 -129.107493802350234 -6.87426643034686258 -0.00869139341856710497 0.0352013348949380064 0.729902988971492195 0.682588420933537221 -278.392115735337256 -128.916628289323455 -6.05358103842746953 0 0 0 1 -277.710478011941063 -129.065424702192786 -5.24022380157859047 -0.00588082791379785676 0.0357823606075109504 0.729337615449185628 0.683192272514332788 -278.201117614119653 -129.093256007466209 -4.81509651021448359 -0.00851484311264308 0.03888137491499008 0.729708060385148571 0.682599357412847052 
462 1357847658.8652389 0 1 1 -277.479945875872943 -128.978942047168687 -6.87577530432870265 0.00203187418176935253 0.0334391650326908152 0.754208102512511469 0.655780322847295594 -277.281134681432718 -128.82237220244258 -6.0692108652005512 0 0 0 1 -276.615157350470213 -128.938889384707409 -5.24666439835794307 0.00485993920888971778 0.0339076906055746433 0.75363416390586635 0.656400941881247202 -277.105737464365745 -128.965118792379798 -4.82307943237850534 0.00233089710780988099 0.0370946432526770217 0.753994354693179991 0.655828535100024923 
463 1357847659.66512108 0 1 1 -276.399719952299108 -128.900947184495749 -6.87860279682371445 -0.00666517311372813274 0.0467145448660395216 0.728301699339182984 0.683629988740240391 -277.082880665955599 -128.805552250705659 -6.07200000000000273 0 0 0 1 -275.534854553537286 -128.862896292161764 -5.25449770414896644 -0.00384593093274682076 0.0472953778446999762 0.727737575955151761 0.684212230665827481 -276.025298030190584 -128.887539505885002 -4.83200180473294783 -0.00651250460235185125 0.0503635683315276361 0.728072225138065798 0.68361680293218785 
464 1357847660.36522102 0 1 1 -275.399950161338325 -128.813571902405556 -6.87914877820300319 0.00189142160868906173 0.0331893065924542818 0.750466099933552289 0.660072363686538544 -275.216436278922117 -128.647208835773966 -6.06471443203320959 0 0 0 1 -274.534973239507622 -128.777394443666537 -5.25962942385159415 0.00471655489943787094 0.0336706487925974296 0.749878814979630492 0.660700994674982667 -275.025298010760139 -128.800538689083908 -4.83823259411501194 0.00215027663059405962 0.0368186291549557898 0.750253776681112816 0.660120470394070291 
465 1357847661.16554499 0 1 1 -274.273315739531995 -128.658778229836003 -6.88128925200615171 -0.00752428873590680128 0.0365862042878093291 0.774668798777758627 0.631263088525738314 -274.119608102754171 -128.532838718782102 -6.07012563904670799 0 0 0 1 -273.408108898636556 -128.624723098852172 -5.26676769070553696 -0.00468011782029841266 0.0369693909793354578 0.774132329416057141 0.631926021920821479 -273.898419963058984 -128.64617569906477 -4.84703082653376693 -0.00713811699988988347 0.0401914316485280157 0.774478017250547213 0.631282422457174586 
466 1357847661.97497892 0 1 1 -273.182624920816636 -128.452770810400864 -6.87472028531321211 -0.0170469536662528412 0.0152259343945047379 0.748964255119211164 0.662216065077132043 -272.972481272083201 -128.331097235501346 -6.07097803904005939 0 0 0 1 -272.317043718741161 -128.420812342729448 -5.26486770680745231 -0.0142395433946496935 0.0157298094991977049 0.74838508851264518 0.662925009174454849 -272.807422770232051 -128.440541005739789 -4.84715629941910375 -0.0168186459900900621 0.0188337132222195468 0.748848276228851528 0.662260283863075339 
467 1357847662.86512709 0 1 1 -272.073041062752793 -128.373198295562986 -6.88473305329378604 0.00683056766958999896 0.0341411448629465111 0.718266225012729853 0.694896651005544319 -271.803780100473148 -128.230446638685493 -6.03738018290681744 0 0 0 1 -271.207405573763822 -128.343338334868463 -5.28001197353144303 0.00963058207884099661 0.0347447445766461901 0.717621621653720565 0.695499290257158176 -271.697661385097945 -128.361427293683477 -4.86327572764670002 0.00689214219097062687 0.037736635717897371 0.718036713142746197 0.694947280935666267 
468 1357847663.67521644 0 1 1 -270.985965451139236 -128.412992203629415 -6.87798881619694846 0.00804991829787251624 0.0512725348000176093 0.703110690237659597 0.709183814863326156 -270.747496527894043 -128.214816845743087 -6.06561640257887902 0 0 0 1 -270.120425075832259 -128.385252104089233 -5.27864168204134554 0.010851431428131544 0.0519302376381009789 0.70247049521430327 0.709732837205791611 -270.610362064769163 -128.401580317809447 -4.86187814035537169 0.00803209676802821466 0.0548522479507242353 0.702833157664537578 0.709191278008659998 
469 1357847664.47497296 0 1 1 -269.908141301072817 -128.388415788400778 -6.86658278776387299 0.00901083938481954394 0.0333067062318547144 0.720580961939483955 0.692511765520221201 -269.672541814938086 -128.205314280423124 -6.08567814677131569 0 0 0 1 -269.042548363711262 -128.362806344560596 -5.2723714154461323 0.0118121927328564726 0.0338956858917452142 0.719923899457515448 0.693124183368792335 -269.532269128015969 -128.377334420927156 -4.85606724751351404 0.0090690363880790506 0.0368759578583250855 0.720350716078644426 0.692569680361483253 
470 1357847665.18503356 0 1 1 -268.875883165997607 -128.371518851494272 -6.87039986008052228 -0.00785749445009214023 0.0380990921014971728 0.70132335866050366 0.711781051700000722 -268.701139839551615 -128.194360236034584 -6.08801746785578501 0 0 0 1 -268.010324994893608 -128.347919272273117 -5.28112409221095636 -0.00506900364679456397 0.0387782282257993632 0.700691231076125409 0.712391993856416494 -268.49982152122783 -128.36082598477239 -4.86517786687541065 -0.00790249186028274368 0.0416581372406265166 0.701121132702105854 0.711780378700168637 
471 1357847665.8850379 0 1 1 -267.850281928763252 -128.391534884906832 -6.85983607894933378 -0.0051676939622509431 0.0343608097546014429 0.695997097029587675 0.717203367684862036 -267.702010303102497 -128.197403880751267 -6.0830759239810881 0 0 0 1 -266.984761498567934 -128.369986852351929 -5.27557119706952449 -0.00238756982536245414 0.0350567441814094993 0.695343759915619142 0.717817790072200812 -267.47397039502755 -128.381151710196406 -4.85965837950904955 -0.00524678470099118957 0.0379071395443197484 0.695797520599162889 0.717217770520172326 
472 1357847666.6752739 0 1 1 -266.785949210580952 -128.488369488776016 -6.8732378952873141 -0.00672011967357232041 0.0292279490999350355 0.684447118020023559 0.728445406064907819 -266.571326665547645 -128.275388545721881 -6.06620180408951626 0 0 0 1 -265.92073497786231 -128.468889417052424 -5.29439649223712827 -0.00395607804573594891 0.0299681806516057143 0.683775077874584802 0.729066458200166023 -266.409532872240277 -128.478427149744277 -4.87787922130915597 -0.00686296638037041731 0.0327611643916044595 0.684262984557591158 0.728466727973560935 
473 1357847667.48520303 0 1 1 -265.686228288954226 -128.518684637452054 -6.8683097882202695 0.000326948304167988134 0.0248150533308667542 0.703835398877635132 0.709929459537884777 -265.478953762325602 -128.32790956255522 -6.05021859726082045 0 0 0 1 -264.821100829041711 -128.501409819600894 -5.29486248100497381 0.00310565493051921096 0.0254731551712782424 0.703154838205771293 0.710573533690136983 -265.309593929347216 -128.509102336647203 -4.87825537418318511 0.000272217752739402114 0.0283386131397275302 0.703648546610683878 0.70998279680248888 
474 1357847668.28497791 0 1 1 -264.616132878517647 -128.576825858866187 -6.86572172802945602 -0.000111329531512329203 0.0413479573983178209 0.701955943046965403 0.711019119325048798 -264.39912968336381 -128.348354236626022 -6.04406974571985778 0 0 0 1 -263.75115970100677 -128.561701768957761 -5.29760610106743979 0.00268121127089107495 0.042010271672910264 0.701296818807616962 0.711625407156325385 -264.239301964682568 -128.567598902782777 -4.88065679002399655 -0.000176006771598520166 0.0448579150364454629 0.70172886093600606 0.711030479100337121 
475 1357847669.085145 0 1 1 -263.539865738973901 -128.541929900607329 -6.87229683052321505 0.00555011056553539588 0.0330693392399654187 0.716896430973549381 0.696372832850571055 -263.388732729945332 -128.365168759599328 -6.05300000000005411 0 0 0 1 -262.674903901349296 -128.5289529622533 -5.30926281369511077 0.00834837072346596501 0.033666810005562986 0.71622303860423675 0.69700890208291244 -263.162852914916357 -128.533112067705076 -4.89269376048043458 0.00555186601442538268 0.0365694267188934261 0.71667957993271203 0.696421017431754996 
476 1357847669.79592752 0 1 1 -262.518473597642526 -128.525519861701923 -6.88488298253213316 -0.0100935015054776991 0.040410805334367729 0.717481334357479628 0.695331304406897388 -263.388732729945332 -128.365168759599328 -6.05300000000005411 0 0 0 1 -261.653590026646498 -128.514571379095599 -5.32671878903309359 -0.00728781212327919269 0.0410191892806534286 0.716854768027314626 0.695976691751756027 -262.141313124252463 -128.517121123259074 -4.91035375048021194 -0.0100917240885166105 0.0439020826549367596 0.717285014287214029 0.695322207701200679 
477 1357847670.59571695 0 1 1 -261.416816155668243 -128.471248038858562 -6.8720658307919269 -0.0072014977977423577 0.0307631775610176517 0.735763925319034784 0.676500710668469618 -261.241483698549359 -128.323622194523693 -6.06703542947515118 0 0 0 1 -260.551807495467528 -128.462575616753981 -5.31904270855595218 -0.00438989522542246931 0.0312945056510738617 0.735132469509393816 0.67718655849698095 -261.03936682917697 -128.463165874024384 -4.90316631656212465 -0.00711411577103571082 0.0342436890756461568 0.735588731760927872 0.676524926977296603 
478 1357847671.39487004 0 1 1 -260.336913636049246 -128.39415034021971 -6.89204099478421384 -0.0285773944219861603 0.0289881515434690165 0.703382550584255806 0.709644986688224289 -260.149667541310976 -128.291086229453356 -6.07422260749285137 0 0 0 1 -259.471891976361178 -128.387621561451823 -5.3439827790285408 -0.0257956734659314062 0.0296679338138589044 0.702763460400585904 0.710336480591733266 -259.95933397890434 -128.386543837452791 -4.92875594670440709 -0.0286562026021703609 0.0324615468301431218 0.703259038323845287 0.709613835156585937 
479 1357847672.1953249 0 1 1 -259.282931031188411 -128.438735394391017 -6.89797103935323186 -0.010908418613272108 0.0384164772942615501 0.706042266107796079 0.707042784522284196 -259.055410035485352 -128.269582325674662 -6.08296596158338065 0 0 0 1 -258.418077184327615 -128.434347509306264 -5.35511417096784115 -0.0081145629015672658 0.0390663115808560224 0.705395187291338432 0.707690332641757625 -258.90520326622601 -128.43147745014511 -4.93954959752307854 -0.0109754176814862107 0.0418752492719636216 0.705851755201187037 0.707035574341582596 
480 1357847673.00511408 0 1 1 -258.216761684369544 -128.433961198291342 -6.90711882891044926 -0.0144170396120274508 0.0214893849510253108 0.720844594957139706 0.692613474619378944 -257.957474037481006 -128.293152712285519 -6.09800000000001319 0 0 0 1 -257.351989898376985 -128.431737921534364 -5.36937184229693099 -0.0116267298456026926 0.022084543841229598 0.72019320929244468 0.693324479133306859 -257.838868101704975 -128.427159099446556 -4.95382868975927604 -0.0144227407965895182 0.0249456209335322532 0.720710327620801006 0.692637224097053972 
481 1357847673.80506706 0 1 1 -257.210158749847039 -128.417288543732013 -6.90796414716798957 0.00308019526270322634 0.0530171455337498793 0.704037668625325797 0.70817417054931675 -256.935336365327544 -128.275131691694469 -6.08451964008155421 0 0 0 1 -256.345403359748559 -128.417139942739993 -5.37500294107208365 0.00588607541477097554 0.0536550464345841929 0.703373660671136824 0.708767933517310489 -256.832056810934944 -128.410836849164411 -4.95956742526981209 0.00299628437311892778 0.0564573369813016271 0.703781562623036261 0.708163189874207233 
482 1357847674.60518003 0 1 1 -256.169425337454697 -128.453277378806717 -6.91861658579077066 0.00330143038903184857 0.0373337415726832308 0.696315265481890378 0.716756823026091006 -255.901952024895706 -128.30838412923012 -6.09322998334763355 0 0 0 1 -255.304842601737676 -128.455250272690677 -5.39076032442874453 0.00608549237130588411 0.0380020569354378515 0.695616564926251568 0.717381631387002172 -255.791116213375858 -128.447203073020432 -4.97496950299717078 0.00318433181981470385 0.0407613159601130301 0.696097159732865567 0.716782477020677988 
483 1357847675.39485049 0 1 1 -255.072520782196079 -128.506205239952294 -6.920511611244061 -0.0051246790706707462 0.0228784170506364549 0.700776231647602055 0.712995784598665194 -254.851194829122448 -128.360259351377181 -6.10676962345081709 0 0 0 1 -254.208105347250978 -128.510447941012274 -5.39807850360118913 -0.00235052825731256595 0.0235382623082807732 0.700078306372339698 0.71367414845379884 -254.694103363825263 -128.500541630300773 -4.98183304332271426 -0.00524036975204729243 0.0263081843116538226 0.700616075764127322 0.713034033089557817 
484 1357847676.21505356 0 1 1 -253.949875967568744 -128.524307467263952 -6.92884009436960113 -0.00710680094775342514 0.0223000635172328002 0.721604844323067152 0.691909422682549291 -253.739040517886792 -128.397642993515944 -6.11701133675980646 0 0 0 1 -253.08558639437274 -128.530860193870978 -5.41184658585489053 -0.00431509058711616444 0.0228785882293344837 0.720931260623542514 0.692615382192460105 -253.571296277022157 -128.519066078704412 -4.99537635192966878 -0.00712493545167478155 0.0257251968924670817 0.72145516195695969 0.691946456617353101 
485 1357847677.01554394 0 1 1 -252.868378704096699 -128.47975679790153 -6.93594693229264614 0.000586425727351841636 0.0318370303694462745 0.715926295583673156 0.697449352206997442 -252.633112124342006 -128.374571563676 -6.1260000000000332 0 0 0 1 -252.004077443885308 -128.488543977999939 -5.42400498680408205 0.00338274894303843953 0.0324277139213439355 0.715241696683732053 0.698116262311944902 -252.489703222249318 -128.474887771945902 -5.00778039737443237 0.000527891213600599181 0.035254969705514852 0.715739917195169828 0.697476293056173646 
486 1357847677.81523609 0 1 1 -251.79978913569937 -128.457953139477297 -6.94300260699661997 0.00376834025161105861 0.033059108190160072 0.714496347382899466 0.698847525969660044 -251.585177717473357 -128.364676824807816 -6.12833200060034233 0 0 0 1 -250.935522796532865 -128.468952665023636 -5.436115953054804 0.00656458457811766056 0.0336503763511306481 0.713803535069454709 0.699506305706456111 -251.420816127556094 -128.453509930835708 -5.01998200337070877 0.00371081388761390933 0.0364691357350415274 0.714295903057457715 0.698883105300422747 
487 1357847678.61510396 0 1 1 -250.723508764661062 -128.491064098792322 -6.93323599846836203 -0.0197338134118121324 0.00641664403696761386 0.676393978638785809 0.736247641047986234 -250.500718479329151 -128.399118933346983 -6.13795952064000971 0 0 0 1 -249.859311680062319 -128.504346453105313 -5.43160420480564277 -0.0170000783457828208 0.00717790265864304191 0.675677473361081415 0.736966367646479159 -250.344291453676391 -128.486928413895811 -5.01507992647973921 -0.0199806031357838004 0.0098171843095277208 0.676310761815012262 0.736279941220566614 
488 1357847679.41523504 0 1 1 -249.698684571230103 -128.61048765110263 -6.94725964816630892 0.0151293730017017149 0.0308606079713265313 0.683753459757010296 0.728903238584199253 -249.97195988392923 -128.424250591546297 -6.14400000000000546 0 0 0 1 -248.834851938300403 -128.625876625822173 -5.45089336666284119 0.0178950870399648063 0.0315550388098356088 0.682997548214331673 0.729519290025118949 -249.319483475675696 -128.606731832302842 -5.03334035197670815 0.0149223739815076781 0.0342500195945053612 0.683530701745219238 0.728965046270546591 
489 1357847680.21536112 0 1 1 -248.63891705667163 -128.671865873619993 -6.94887173936216929 0.0101396846049770176 0.0342231569312225203 0.712690957707832196 0.700569454891708632 -248.417076038714043 -128.560723194788523 -6.14480954766684206 0 0 0 1 -247.775266243762928 -128.689475151312649 -5.4577618122413547 0.0129353179723081628 0.0348098600541150785 0.711981216220787472 0.701215871854549921 -248.259405044567956 -128.668496258635884 -5.03950368141941851 0.0100639364081469927 0.0376155975510502893 0.712477674750835566 0.700613550387439221 
490 1357847681.0248549 0 1 1 -247.532348893710662 -128.602081115992007 -6.95209203321502489 -0.00800702425729532714 0.0117118164748477981 0.730950103262808404 0.68228342164931155 -247.30195612256648 -128.563916173763573 -6.16600000000005366 0 0 0 1 -246.66861371655807 -128.622006471362425 -5.46606497127545321 -0.00521897077156815298 0.0122448287687256172 0.7302685216996464 0.6830305357208587 -247.152632183644499 -128.599081409910525 -5.04818571961025953 -0.00800166835910967253 0.0151058656798641906 0.730839808332878538 0.682334932918939874 
491 1357847681.82507539 0 1 1 -246.474253112946087 -128.558854950497903 -6.96079581303389716 0.00975265337963176528 0.0358563845580256099 0.727678132413894452 0.684911484094923417 -246.190155911942981 -128.517174011078509 -6.18073546858903722 0 0 0 1 -245.610514264912126 -128.580979999940723 -5.47969718124760607 0.0125620188547985075 0.0363803261979025877 0.726987817299974748 0.685570843199624802 -246.094098103510333 -128.556297499963364 -5.06216009925649324 0.00974788668908321311 0.0392413918477207205 0.727463956535765566 0.684953490254834874 
492 1357847682.6252315 0 1 1 -245.411767779809111 -128.50212041835465 -6.96562149213887238 0.00552862442720255219 0.0242221926477030822 0.751963790598534354 0.658736045259377345 -245.138844214781329 -128.453653640168397 -6.19858210677255883 0 0 0 1 -244.547978415854033 -128.526467198374348 -5.48942907520970458 0.00834406640749553973 0.0246498833177288268 0.751293371303389135 0.659455100855090626 -245.031670858856614 -128.4998570456751 -5.07197223404674258 0.00563883792744848851 0.0276063996874992106 0.75179975789416853 0.658789203185200734 
493 1357847683.42520595 0 1 1 -244.345073714628825 -128.315927582796803 -6.96868492257179639 -0.00414692379054027414 0.0260937059885137171 0.756238257558002447 0.653762662849827314 -244.090611412354804 -128.339969046749786 -6.20958186319198369 0 0 0 1 -243.480952937003707 -128.342511755318611 -5.49702536993703639 -0.00132695201514192065 0.0265116390644046448 0.755599131448464356 0.654496237381693824 -243.964766034830149 -128.314000324794364 -5.08083620154861748 -0.00401684357474417497 0.0294774653348298422 0.756095830770264543 0.653784397716061783 
494 1357847684.22558308 0 1 1 -243.255548400217094 -128.231287365080334 -6.97665057694668356 -0.0136156158192523909 0.0171837713448210958 0.708854015397962556 0.705014409684239451 -243.036240928873156 -128.213328918219617 -6.21163273272378902 0 0 0 1 -242.391333133518117 -128.26014129052291 -5.50993655526018067 -0.010840347657507101 0.0178040143421739697 0.708170895177225757 0.705733297471399457 -242.874912338253893 -128.229826418761633 -5.09425680348170395 -0.0137098772604591981 0.0205572034415154245 0.708760945464526726 0.705015859989261195 
495 1357847685.03507757 0 1 1 -242.20207012357946 -128.26444969122349 -6.97673438998170337 0.00106555517077093313 0.0341157805086654831 0.693705091445344646 0.719449945594041185 -241.939302553131711 -128.189571604132652 -6.21000000000003638 0 0 0 1 -241.337969739814412 -128.295520940604405 -5.51514754047998768 0.00384424995951407854 0.0347763697121400359 0.692998275901822613 0.720089727359719323 -241.821446272889546 -128.263161535986768 -5.09890260209793666 0.000883264903057008545 0.0374965656729009528 0.693528695468705658 0.71945199698612583 
496 1357847685.83584762 0 1 1 -241.111025982907222 -128.324535384491355 -6.97195768337649291 0.00696593254985460215 0.0373185615364397261 0.697397950235750685 0.715677930186152444 -240.821214378874942 -128.259276769983899 -6.21329621515062769 0 0 0 1 -240.247074077153854 -128.357916248832026 -5.51575653339338956 0.00975100161835134281 0.037956847901747616 0.696686776843731148 0.716304216542033134 -240.730246397736778 -128.32350905209131 -5.09878688287315374 0.00680177364523931564 0.0407021104922641666 0.697202939769637986 0.715685080781574667 
497 1357847686.63532543 0 1 1 -239.998350954384705 -128.343395382733206 -6.96649820225229455 0.000399535037771193632 0.025369341028430744 0.714325474929957904 0.699353524888254863 -240.582487996842247 -128.274159730412066 -6.21399999999999864 0 0 0 1 -239.134459798975797 -128.379131770967803 -5.51565883178784233 0.00318762855698405748 0.025948464922251422 0.71362985139824775 0.700034964402262094 -239.61713675058769 -128.342619444769639 -5.09836894684953634 0.000327655447176312844 0.0287576879335990042 0.714182179344851065 0.699368788789477391 
498 1357847687.43498659 0 1 1 -238.897435606112992 -128.332216421826047 -6.9726933987342985 -0.0078200921588336969 0.0255345899397798753 0.71367739766145688 0.699965286955293031 -239.21069480618462 -128.321208454668522 -6.22500000000002274 0 0 0 1 -238.033594831876513 -128.370246397236912 -5.52706611259625014 -0.00503246438789890175 0.0261231676611136492 0.713002196624015316 0.700656921769037377 -238.516424830278567 -128.33172296218757 -5.109492389000029 -0.00790611952542386552 0.0289353922662409085 0.713552362654950922 0.699959471753890949 
499 1357847688.23484612 0 1 1 -237.800897618385363 -128.347764273672624 -6.98092530235002062 -0.0033050749892327598 0.0241942568240102115 0.696588440596273673 0.717055269030010822 -237.558468335404768 -128.305470482457963 -6.2248407467190745 0 0 0 1 -236.93717193425536 -128.388069330426305 -5.54056769245704128 -0.000533568396333832613 0.0248431935247355185 0.695884239618649758 0.717723941422210521 -237.419813803548323 -128.347568580608822 -5.12262827987100522 -0.0034697069926302752 0.0276001195477459139 0.696456575538201839 0.717059574180511472 
500 1357847689.0455246 0 1 1 -236.710460744286763 -128.40032137873493 -6.9737980915116351 -0.0283071070189327284 0.00467533809420783708 0.692527877426724503 0.720820357573757398 -236.49005365895573 -128.327313940040767 -6.23200000000002774 0 0 0 1 -235.846855538330232 -128.44293170888281 -5.53879115336439476 -0.0255596803970398294 0.0053638914902803727 0.691851240846579896 0.721567593469336299 -236.329201458951815 -128.400303178784725 -5.12015719940547775 -0.028523726202175366 0.00807875120533223419 0.692500678256337099 0.720807839466954481 
501 1357847689.94531202 0 1 1 -235.623625602957304 -128.504466245089702 -6.98143174677181655 0.0206755834477724172 0.0323661625032892059 0.687888803090166645 0.724799245554990201 -235.311112606216085 -128.466237277655921 -6.22008696658718296 0 0 0 1 -234.760317693699903 -128.549325254045698 -5.55191256420676726 0.0234465236840657697 0.0330188121207870972 0.687135826214804735 0.725399458853783763 -235.242381361997701 -128.50476211548559 -5.13227500190563291 0.0204808469527206598 0.035785534869820293 0.68768263788843953 0.724839651198096124 
502 1357847690.74688196 0 1 1 -234.611983408921219 -128.551442737264722 -6.96742681552483756 0.0168173971625862652 0.0501330422174549178 0.690029430633298357 0.721847101601568397 -234.256760667642538 -128.52276154138255 -6.19336313952249462 0 0 0 1 -233.748749355697555 -128.598456319000576 -5.5428623941413333 0.0196072463011734248 0.0507778769239734251 0.689317922805409378 0.722411215587642097 -234.230594395663417 -128.551888208070693 -5.12267071353614423 0.0166458875923388601 0.0535642389412523054 0.689789652660418251 0.721833790990368596 
503 1357847691.54677391 0 1 1 -233.486034126438085 -128.607471866514402 -6.95602964525397915 0.00727167664232389321 0.0312315036351355733 0.700098141313119982 0.713326228614518776 -233.910974819329567 -128.538776022382081 -6.18400000000002592 0 0 0 1 -232.622907755528217 -128.656862704986224 -5.53698882354465827 0.0100529359049533838 0.0318492257478786706 0.699391643061358703 0.713957908363570648 -233.104545028233446 -128.608070880446007 -5.11590477397759358 0.00715563259812810985 0.0346923937333857429 0.699927414747521293 0.713335018644129071 
504 1357847692.25487304 0 1 1 -232.455166178604259 -128.622553896321392 -6.94413557230094103 -0.00622769401618290114 0.0252505310177361386 0.705699321714062466 0.708033963763656793 -232.212871853173056 -128.607664201173321 -6.18819607866291488 0 0 0 1 -231.592055204047057 -128.674122141898749 -5.53003979289096659 -0.00344734941904922647 0.0258595495221194092 0.705023673789245131 0.708703759604259798 -232.073541842553595 -128.623357274676266 -5.10900576950655516 -0.00631112304998589311 0.0287219711619509967 0.705581614765672382 0.708018222225308524 
505 1357847693.05547309 0 1 1 -231.336556706584986 -128.636789548271793 -6.9240088969997533 -0.00109947897481511652 0.0270978896165784584 0.712399819324814554 0.701249593903827795 -231.110332874656876 -128.632059150156778 -6.18222652804237871 0 0 0 1 -230.473422594268044 -128.690733789442532 -5.51527033915164289 0.00168821232418025656 0.0276738438400736565 0.711724468586630743 0.70191138266973685 -230.954768934788063 -128.637719536530881 -5.0940591676468836 -0.00113548049185675554 0.0305852807638953839 0.712267697646273845 0.701240314139398691 
506 1357847693.85529804 0 1 1 -230.30889506358011 -128.590479484552361 -6.93437351834421634 -0.0108135314485946436 0.006797639747937732 0.727850775091806179 0.685616590252689728 -230.035033598734032 -128.633443622740003 -6.20055722400360487 0 0 0 1 -229.445756133252786 -128.646513430793306 -5.53037316992254446 -0.00803378048308257646 0.00732141129272673944 0.727186117972434043 0.68635428543574617 -229.926980973121374 -128.591653096527409 -5.10944169834280526 -0.010787051078130213 0.0102703036548674707 0.727797029847410015 0.68563083633772115 
507 1357847694.75527596 0 1 1 -229.205107096813492 -128.539719369810882 -6.92650092125115524 0.00148151763022719108 0.037468434306378022 0.725066395572889655 0.687657359116499278 -228.885953351054098 -128.588970984087723 -6.18310322959380798 0 0 0 1 -228.341869267171177 -128.598046028442894 -5.52758437903230249 0.00428878459984845511 0.0379871853007056892 0.724420437571309916 0.688297617102208048 -228.823190734286271 -128.541072127455834 -5.10723012365052398 0.00154709671410867386 0.0409874305548311238 0.724906766433243255 0.687624764684613088 
508 1357847695.55492997 0 1 1 -228.161898876817475 -128.530472614344546 -6.91595607664556322 0.0140061918926138711 0.0326064521204399577 0.709808467713867852 0.703500238116858023 -227.836109562486513 -128.551835681184116 -6.17060186697666424 0 0 0 1 -227.298634388333625 -128.590968201426733 -5.52196014975856553 0.016796463680157768 0.0331720066334619743 0.709112735052717102 0.704114071560713706 -227.779872769096897 -128.531964092158688 -5.1017812435080927 0.0140115610159613473 0.0361438835428451108 0.709629937577932135 0.703507389821512508 
509 1357847696.25489211 0 1 1 -227.157651043609235 -128.535666009889439 -6.91408677874265809 0.00327371961918876495 0.0380731879411347063 0.681853166576591119 0.730490228784293594 -226.900173013133355 -128.555388716064499 -6.16713829504801492 0 0 0 1 -226.294430292567654 -128.598216615997103 -5.52486845106472124 0.00604458381964383725 0.0387547921409832075 0.6811677678308099 0.731075920244230515 -226.775486329644906 -128.537479305038403 -5.10480443382983484 0.00311840512477117244 0.0416369187950102609 0.681699812517659653 0.730439599252479699 
510 1357847696.9650135 0 1 1 -226.155428750991973 -128.643201260475735 -6.89813270995027494 -0.00168684071831939897 0.0214725256752612038 0.669168681864152237 0.742798330922807892 -225.876292854497621 -128.627610066582548 -6.17083342265764401 0 0 0 1 -225.292392113505144 -128.707836824503204 -5.51399335242717825 0.00105625709901770583 0.0222062968224019386 0.668461249836056592 0.743414636774117676 -225.77323440931545 -128.644934427118187 -5.09329803754367472 -0.00184306922381262893 0.0250439698610199907 0.669056536832851378 0.742787152009691143 
511 1357847697.76515889 0 1 1 -225.106821993658912 -128.81176588592831 -6.89192722611617459 -0.00444437719780252372 0.0250829206856806944 0.649804151944433972 0.759674705855719945 -224.792500457390446 -128.778537514790656 -6.18239677621193895 0 0 0 1 -224.244137411470206 -128.878539360476594 -5.51327138705178399 -0.00171756504608264931 0.0258875795084958851 0.649096340434047403 0.760263654288846791 -224.724570485916018 -128.813638042563667 -5.09149417572266572 -0.00467361743714047456 0.0286707975070880083 0.649688896377221492 0.759644970097549499 
512 1357847698.56535101 0 1 1 -224.084689944639592 -128.948475036569448 -6.87670762463400553 -0.00866816814047978272 0.0116295191531149925 0.670412931096044606 0.741846425457834302 -223.787991349909504 -128.921980400874673 -6.18490885333679419 0 0 0 1 -223.222248346163099 -129.017350875386626 -5.50331100576788579 -0.00593318496027228377 0.0123631859705126811 0.669716490690676958 0.742490249798507529 -223.702317046965533 -128.950405372986978 -5.08081676763570389 -0.0087757438788654326 0.015231974779982586 0.670341399575112518 0.741844580272279175 
513 1357847699.47520208 0 1 1 -223.044421466473977 -129.059906455862915 -6.86588053822531919 0.0158448958779252094 0.0383046138474159026 0.686658808855915126 0.725797062582368091 -223.224554279935546 -129.002570744603872 -6.18400000000002592 0 0 0 1 -222.182192377138023 -129.13089614703793 -5.49774992633276938 0.0186197710517830989 0.0389497908517996635 0.685965682833324819 0.726352049555579304 -222.661983614327426 -129.061985224368925 -5.07477186328333385 0.0158355111230104317 0.0419413796131138383 0.686458573757563473 0.725785632110717338 
514 1357847700.27484703 0 1 1 -221.995296272584625 -129.133282498020606 -6.86587305061130415 0.0176175400978913661 0.035562023529301906 0.688736198373374298 0.723925005655691289 -221.666922952713293 -129.148318363279316 -6.17447214277148593 0 0 0 1 -221.133251699250081 -129.206358712058943 -5.5029318637301019 0.0203916616221227823 0.0361965578043202882 0.688041279648756943 0.724481322629305979 -221.612831649725791 -129.135535371677463 -5.07984931390346173 0.0176366973223137519 0.0392218131490077795 0.688536983506361722 0.72392500897871026 
515 1357847700.97600293 0 1 1 -220.982418263943146 -129.171851859646665 -6.85808856083673923 -0.00769935283282377307 0.0242394461016694762 0.698427271071173417 0.715228995666921774 -220.687523522861397 -129.216958828970036 -6.1905428086568719 0 0 0 1 -220.120452443604194 -129.246955620064284 -5.50005701465200492 -0.00492663911578684627 0.0248617972899271011 0.697788034755591813 0.715855766069161792 -220.599985464571034 -129.174102918416935 -5.07739482968705591 -0.00757828539161836678 0.027881114354745308 0.698321564031433528 0.71520081533898805 
516 1357847701.77484989 0 1 1 -219.889276313318277 -129.169371365561915 -6.84821706737362756 0.00190962182328143241 0.0160160050755162008 0.717334427062688906 0.696542289223387345 -219.583497959974579 -129.244649308263121 -6.16945702211129188 0 0 0 1 -219.027298894328908 -129.246652297264916 -5.49534692127349178 0.00469024165955414258 0.01655451487933279 0.716682791166512234 0.697187009715515504 -219.506626328807755 -129.171910397361813 -5.07313628492280078 0.00211751157439758579 0.019721735180413813 0.717227059279186063 0.696557186987498578 
517 1357847702.57526493 0 1 1 -218.798515498648641 -129.131725986628965 -6.836550498885134 0.00259108548852178501 0.0399010156447963393 0.722244292044314617 0.690481265376484799 -218.506347612516379 -129.220686750157768 -6.14468118795790375 0 0 0 1 -217.936449500504949 -129.211170273620468 -5.48872045066100611 0.00539669692074065937 0.0404155384998706665 0.72163871258064427 0.691068034577682844 -218.415776176358776 -129.134409136807363 -5.06754660964652448 0.00284676596726672702 0.0436271218088239848 0.722074405993419655 0.690432561786780252 
518 1357847703.3751061 0 1 1 -217.735517105894218 -129.113132205896761 -6.82208858759740266 0.0124509314519802763 0.0339294283040161293 0.728290596344008057 0.684314675772652037 -217.901595075672958 -129.195300059393048 -6.1300000000000523 0 0 0 1 -216.873387183699919 -129.19468043877805 -5.47922397669739425 0.0152554247212537686 0.0344094508003874866 0.727663637645214689 0.684900644006941839 -217.35259677841546 -129.115941439069331 -5.05897473591556679 0.0127441154559080738 0.0376713173547665869 0.728107449996778455 0.684308410462118766 
519 1357847704.18575811 0 1 1 -216.635150654494026 -129.012349597035552 -6.82021888001354348 0.00570492401191444957 0.0336307387815653544 0.734843182342443946 0.677378715797783415 -216.542340795800555 -129.164466854184866 -6.11800000000005184 0 0 0 1 -215.772858040843147 -129.096018849280341 -5.48224122323741891 0.00851374985613247495 0.0340893488724081928 0.734243570545074054 0.677976261730500074 -216.252289794098374 -129.015365843812816 -5.0637024351746236 0.00605687775251839439 0.0374013646467447405 0.734679402012516358 0.67735561443970016 
520 1357847704.88533497 0 1 1 -215.609408745902329 -128.987885402788322 -6.80433172529902031 0.0139134327417198382 0.021581661724486903 0.718079831790524925 0.695486882293435471 -216.542340795800555 -129.164466854184866 -6.11800000000005184 0 0 0 1 -214.747035607929007 -129.073561755417899 -5.47112158506366786 0.0166992886948152501 0.0220999566116975854 0.717431055170716259 0.696078592366897286 -215.226459736545451 -128.991024971403959 -5.05367973712717689 0.014183009481858716 0.0253838439956794205 0.717920902358812785 0.695517131825197032 
521 1357847705.68673897 0 1 1 -214.517339378929421 -128.944180358903282 -6.77498502983085338 0.00183106756932315852 0.0364178095082230008 0.724216138738702275 0.688608288312436922 -214.205613651425494 -129.070748448156735 -6.10326130726044003 0 0 0 1 -213.654781407839749 -129.032013442410886 -5.44679462507983647 0.00463441756898587756 0.0369202600088998564 0.723630931675191102 0.689183351001434463 -214.133704846446165 -128.947342212030321 -5.03027874569375211 0.00222631958704245635 0.0402747570891915305 0.72407094780744119 0.688545023933610834 
522 1357847706.48493004 0 1 1 -213.42682462251534 -128.915595448747808 -6.77683087885168955 0.00982138864538275105 0.0316580669448129626 0.71983505846598983 0.693353297912153388 -213.114860607519063 -129.032339299278732 -6.10238699170257615 0 0 0 1 -212.564260382418809 -129.005468487481863 -5.45369697205459936 0.0126171872022305589 0.0321698742329496676 0.719225383182648059 0.693916964747737675 -213.043727838965225 -128.91904642077759 -5.03898667184967852 0.0101164212192286461 0.0355117913734913429 0.719659989109343257 0.693344121465164664 
523 1357847707.19484711 0 1 1 -212.414165935855493 -128.833092043684019 -6.769599793367159 -0.00417582111489819569 0.0336041249315483306 0.73165643451849971 0.680831981573484568 -212.368053301237524 -129.003121173940599 -6.10400000000004184 0 0 0 1 -211.551453460578131 -128.924872967352798 -5.45098713660769363 -0.00136986612186779642 0.0340795646098185565 0.731100169589765092 0.681417088697245932 -212.031053518054506 -128.836716208718713 -5.03803341087311907 -0.00381118628004435125 0.0374720923280617846 0.731516700128348019 0.680782369475758764 
524 1357847707.99516797 0 1 1 -211.304026215861541 -128.820389735893741 -6.75789143570030326 -0.00345874349256368105 0.0224719448420521301 0.714390571762608895 0.699377694643717795 -210.984847051160784 -128.931240431926454 -6.10202812118350124 0 0 0 1 -210.441273151849714 -128.914251959444925 -5.44447315418203104 -0.00067487361491162432 0.0230158062049298888 0.713805220255920858 0.6999656596903433 -210.920922360514908 -128.824180316253518 -5.03270544200690129 -0.00319465149125961606 0.0263682663499039335 0.714274928816221788 0.699361018928086442 
525 1357847708.79492211 0 1 1 -210.232442439972772 -128.777988847278436 -6.76087501295651272 0.000662010175127722422 0.024012839541779199 0.705631019190524955 0.708172161296820479 -209.884616701079125 -128.913501537720151 -6.10437148909758687 0 0 0 1 -209.369664752018025 -128.873798142643579 -5.45237553792492591 0.00344018406509359175 0.0245859606684392627 0.705037269027555258 0.708735595940951035 -209.849388864538952 -128.78202718635572 -5.04234501813879188 0.000879034074940512672 0.0279255552708948807 0.705498359051517032 0.708160614576611391 
526 1357847709.59497261 0 1 1 -209.131527649486088 -128.826635436160586 -6.75064079030249431 -0.0018821996077034598 0.0385640510215061877 0.69983938306672322 0.713255991353900831 -208.814653853438813 -128.925582547203732 -6.10211842135339833 0 0 0 1 -208.268827416750639 -128.92446515705717 -5.44747798991860321 0.000902923562281921573 0.0391589805534649088 0.69927672741201341 0.713777148325020927 -208.748492255647676 -128.830856945933675 -5.03833746433507379 -0.00169710323099387045 0.0424907388434855524 0.699675240217812466 0.713194374051916324 
527 1357847710.39549994 0 1 1 -208.067225316615492 -128.811105071324675 -6.73803031349403714 0.0049073210956132934 0.0360063668389609126 0.712998735947234064 0.700223008965264682 -207.733469498439774 -128.934483779850325 -6.09887322351597838 0 0 0 1 -207.204476410059812 -128.910878054058713 -5.43983163894301125 0.00770076268450379294 0.0365430876525375606 0.712434577625390975 0.700744085670815253 -207.684044396407188 -128.815565330814707 -5.03251226294872556 0.00515781138306816746 0.0399798518370939951 0.712822844132338318 0.700184690857994174 
528 1357847711.20527196 0 1 1 -206.955467322347914 -128.832767934707931 -6.72300034413067671 0.00266016696353530823 0.0382719014877455077 0.6858372431861679 0.7267430501401686 -206.650186026279499 -128.942361562273959 -6.09612600707823393 0 0 0 1 -206.092725031129135 -128.934553808020411 -5.43010252631689649 0.00543266563884922237 0.0389137965011294093 0.685266693444534947 0.727231573463033243 -206.572469939791176 -128.837359314021256 -5.02346109377096983 0.00274658738503391663 0.0422205391380571365 0.685657730991086289 0.726693441737837231 
529 1357847712.00541401 0 1 1 -205.840864397925259 -128.936419489563548 -6.69883833661699768 0.00612464920114884522 0.0334099095106235797 0.683067253949957376 0.729565208326109382 -205.501508983640946 -129.004894603540862 -6.09200393042078581 0 0 0 1 -204.978226809899439 -129.04022907390052 -5.41150713821672102 0.00889074539182508478 0.0340586238861272442 0.682486506253303649 0.730050089766120514 -205.457842774902929 -128.941131211287967 -5.00532890036614209 0.00619159718561389065 0.0373695827267305075 0.682890964279645019 0.729537599659083935 
530 1357847712.80487299 0 1 1 -204.728383750930448 -129.007804165538005 -6.6853746748720182 0.0036245120109030084 0.0271835702251763608 0.694930928072430953 0.718553353364164371 -204.418215111437064 -129.097419826128942 -6.07935411712111229 0 0 0 1 -203.865843483995917 -129.113577808302466 -5.40349847081878654 0.00639609124081588851 0.0277889159728451282 0.69436360562242605 0.71905914176298269 -204.345400609585681 -129.012692202451177 -4.99806931101358209 0.0037521265162074398 0.0311522312771280938 0.694780588204676808 0.718536981850639522 
531 1357847713.60508394 0 1 1 -203.644898208188181 -129.043974886484875 -6.68345621927966604 -0.00196948145750714147 0.0280541173835102201 0.697788088297756182 0.715751962253952656 -203.330221530155001 -129.165379531835868 -6.08356384644441039 0 0 0 1 -202.782447401234947 -129.151604691285456 -5.40678777347713169 0.000805130424581849209 0.0286518267896072668 0.697245722045246485 0.71625891106234818 -203.262024521492634 -129.049093956429459 -5.00235593187745131 -0.00182830956946245546 0.0320320978563431238 0.697653535398963798 0.715716526661475561 
532 1357847714.41523647 0 1 1 -202.519229262557616 -129.087699070703422 -6.68588803196610204 0.00017673619673864123 0.0214298192710461501 0.704207669073693587 0.709670550627629293 -202.754571346275043 -129.196596143767238 -6.08899999999999864 0 0 0 1 -201.65690068521144 -129.197217556609331 -5.41464754376879043 0.00295151420639636151 0.0220002949502593748 0.703663236785267099 0.710186823858956373 -202.136453632827568 -129.093078843597937 -5.01120607647628713 0.000348772221004330356 0.0254106785112197982 0.704087928726498835 0.709657920689374278 
533 1357847715.21536112 0 1 1 -201.413335144447927 -129.096272861348154 -6.68320443877675352 0.000293274427040369644 0.0250339652429643067 0.709559502527596697 0.704200629754840657 -201.144174929239171 -129.240212475559872 -6.10231918543360763 0 0 0 1 -200.551042204342792 -129.207638404518519 -5.4171883829821077 0.00307495796586279308 0.0255819302096642193 0.709033233003952601 0.704704181892103487 -201.030559280940224 -129.101942694758549 -5.01462710989780991 0.000416263229543387169 0.0290168267151380554 0.709428115173615592 0.704180090526222324 
534 1357847716.01583505 0 1 1 -200.355305106683034 -129.093662669000764 -6.69291647749648888 0.00613538609569147346 0.0192964606005782136 0.729418232671861233 0.6837682688540071 -200.028243984619621 -129.249555520713329 -6.11299999999999955 0 0 0 1 -199.493087488562196 -129.20673462750463 -5.43186347630884558 0.00892724875171670325 0.0197597520558153265 0.728893846875400153 0.684283286669781665 -199.97288873512403 -129.099527944377371 -5.03094891726063143 0.00645936756180622452 0.0232855872016279573 0.729291985116431118 0.683775736952044966 
535 1357847716.81672096 0 1 1 -199.255438457511673 -128.9783259552201 -6.69153984164684434 0.00280051005987806516 0.0245169071216018615 0.750319345089495049 0.660614833918423794 -198.898022878148765 -129.167841436318326 -6.11714664569673339 0 0 0 1 -198.393064942442948 -129.093181367542172 -5.43529440862962598 0.00560932834778537972 0.0248947000482537643 0.749837234948875442 0.661130025357507978 -198.873135864170763 -128.984407569494351 -5.03671945736081916 0.00325093060587953097 0.0285026765595822254 0.750192518322904234 0.660596862187124545 
536 1357847717.62529898 0 1 1 -198.149491484895634 -128.923121921221934 -6.70336713876579271 0.00370786736633671888 0.0232548836780643621 0.712588318872253712 0.701187100502803529 -197.829800687860484 -129.087679713817295 -6.11923473649443395 0 0 0 1 -197.28712294802969 -129.039701480718605 -5.45214274989692083 0.00649039118935558924 0.0237847834309840925 0.71207988534812261 0.701665444340787592 -197.767395032353022 -128.92948495392929 -5.0554214866439029 0.0039382486072256969 0.0272687348173347097 0.712462174100935819 0.701169420878247962 
537 1357847718.42511797 0 1 1 -197.068485692431068 -128.915140503089788 -6.70600854544749847 -0.00108022408294910339 0.0240557007341961789 0.710195277962630378 0.703592796678376819 -196.771038660833767 -129.055010784378851 -6.13762266861518402 0 0 0 1 -196.206152974149404 -129.033406111329924 -5.45983357780117817 0.0017010135101874083 0.0245973736947520706 0.709706706931967468 0.704065668738464545 -196.686551231873921 -128.921723678216608 -5.0645534728823165 -0.00086161625429957906 0.0280802693894201955 0.710083967554884787 0.703556333998892725 
538 1357847719.22497296 0 1 1 -196.009185752797009 -128.913143353866872 -6.71023634463259278 -0.0250766621075275906 0.000254858767654717738 0.718111574005972808 0.695475997675849222 -195.713996008881026 -129.060137426455981 -6.16550672393711618 0 0 0 1 -195.146904662295668 -129.033029873442871 -5.46902604950090687 -0.0223069680360126095 0.000781616597678943289 0.717657371119702292 0.696038566410003279 -195.627380887987243 -128.919917089731854 -5.07522918971418058 -0.0248009576734265422 0.00427947842774124322 0.718140740736492034 0.695442646849695256 
539 1357847720.02590942 0 1 1 -194.985131407489973 -128.876096484215054 -6.72133984503994952 0.00085658336019728081 0.0358054104601644788 0.724187381752468218 0.688672545523074442 -194.647398785979021 -129.039714416489005 -6.17200000000002547 0 0 0 1 -194.122880477022846 -128.99750385863797 -5.4848180770453121 0.00365563067422269719 0.0362863377542891538 0.723742215156653046 0.689106047032600366 -194.603620124604873 -128.883040512775239 -5.09278388576162921 0.00119109278942324806 0.0397947494876794844 0.724049016063160855 0.688598563423674759 
540 1357847720.82518697 0 1 1 -193.952282744125284 -128.84085892328676 -6.7201432990215908 0.00100266066091649541 0.0274706950673488035 0.726444367234312161 0.686675277622294744 -193.62515244638962 -129.004108308774278 -6.16173876397535292 0 0 0 1 -193.090006426943773 -128.963812991720005 -5.48835580329938733 0.00379774426058868478 0.0279421500869727474 0.725996709261727102 0.687119779607741732 -193.570896953302963 -128.848069626993464 -5.0979186852250491 0.00132109648935552497 0.0315141853478860604 0.726328539307390497 0.686623596895356791 
541 1357847721.63488102 0 1 1 -192.846547127935253 -128.763366666980062 -6.72383240412885996 0.000180260979422718044 0.0303283031990088797 0.735741365752079601 0.67658318354235869 -192.501155046170481 -128.955814523427421 -6.17957429969038508 0 0 0 1 -191.984208514163697 -128.887930227546548 -5.49698744087057545 0.00298317318457377943 0.0307609366482261073 0.735316704275285282 0.677018618553439255 -192.465337427156356 -128.770777031139971 -5.10872522316248112 0.000555555001125595713 0.0343793767165312195 0.735624140132047355 0.676516721352997785 
542 1357847722.43671441 0 1 1 -191.71159707188724 -128.696822961025305 -6.73110315003493032 0.00219525361663578181 0.0229301376305523844 0.742498989756518957 0.669450998849319578 -191.408735419616676 -128.887946669277937 -6.19529292605288173 0 0 0 1 -190.84923112396649 -128.822994427041493 -5.50937005015788905 0.00499759789307112345 0.023332943235899125 0.74207256959135659 0.669894692646038736 -191.330589152263684 -128.704444764971555 -5.12325530615832481 0.00261135257599847109 0.0269912439626083661 0.742399980624779965 0.669407889373438092 
543 1357847723.23515391 0 1 1 -190.599338689282973 -128.573279975712467 -6.73890341738748244 -0.0124068537967878343 0.0160757581528702571 0.749954597706173343 0.661177541480385877 -190.581984042888507 -128.824420920573175 -6.20000000000004547 0 0 0 1 -189.736872522761473 -128.700993628590112 -5.52199571491452534 -0.00960461433145667724 0.0164560474442480911 0.749566886019728207 0.661654315537006377 -190.21853076973963 -128.58110519539477 -5.13851783403831419 -0.0119460623771146125 0.0201466022267285279 0.749923106639171277 0.661110232972576539 
544 1357847724.03676343 0 1 1 -189.517126853232668 -128.469322279737014 -6.75628227545900728 -0.0142056240070188907 0.0148586542658650199 0.717387526754349025 0.69637099099349109 -189.2142709796899 -128.665351948700845 -6.23000000000001819 0 0 0 1 -188.654635713714413 -128.598475621650294 -5.54411846154215571 -0.0114251866097301574 0.0153721270797501485 0.716989230190363536 0.69682107216344058 -189.136586808610247 -128.477382138677513 -5.1628545693325254 -0.0139632671313639038 0.0189378285518800246 0.717369514453587986 0.696295458518423338 
545 1357847724.834934 0 1 1 -188.435057816009817 -128.510749144776014 -6.77374548782971875 -7.09850236395859067e-05 0.0222389375012571819 0.7105497224036047 0.703295468926184664 -188.099756687549899 -128.690997670333758 -6.23492863921127327 0 0 0 1 -187.572738549768417 -128.641309977886721 -5.56677853484610718 0.00270901894871423835 0.0227689312040500087 0.710136137912391385 0.703690914122836908 -188.054725056108566 -128.519056821837552 -5.18692696158283173 0.000118932262084880063 0.0263217099297038161 0.710477125572229862 0.703227848908243636 
546 1357847725.64498949 0 1 1 -187.43322440422196 -128.519732039603298 -6.76978908929580392 -0.0181315495458852678 0.0119243434081549703 0.711513672428214616 0.702337063590598887 -187.060690163547179 -128.705106802987018 -6.2493196478752342 0 0 0 1 -186.570929735205283 -128.651633203217358 -5.56754088719485996 -0.015357126028887183 0.0124606073582994008 0.711137519536589213 0.702774729377588447 -187.053124587824385 -128.528130550170488 -5.1891890465423165 -0.0179057414945506289 0.0160637432097540563 0.711526423671368202 0.702247455668622678 
547 1357847726.5453949 0 1 1 -186.357628589000967 -128.465343129607561 -6.76889389769356953 0.00957776243288408456 0.028090148758114393 0.751396549607163844 0.659183157588219326 -185.943971818139175 -128.644930422905446 -6.27392958876184181 0 0 0 1 -185.495287798266418 -128.598638135450614 -5.57150994755903906 0.0123873747523116657 0.0284446060051856305 0.751017828512786867 0.65955263519441254 -185.977683698864439 -128.47383641044604 -5.19524848038419318 0.0100472650872420917 0.0322234790292774964 0.751284216981985553 0.659115107683992729 
548 1357847727.34588361 0 1 1 -185.258188248445265 -128.263732390981374 -6.77893471854417129 0.000857688274782549692 0.0361655322515280903 0.789077400803040563 0.613227669132521136 -185.358882737229578 -128.586981838569045 -6.28900000000004411 0 0 0 1 -184.395668584608558 -128.398381686977274 -5.58606308433374821 0.00368768685313016755 0.0363573522477912206 0.788769020109696739 0.613602458289072006 -184.878418551932384 -128.272395876631435 -5.21321197110251422 0.00155421552943185021 0.0402811878227813044 0.788974749557522781 0.61310183076086 
549 1357847728.046731 0 1 1 -184.290786120010495 -127.968246118291333 -6.78676836337709588 0.00586053004521490742 0.0223667750674892418 0.8321098515924642 0.554128664159720952 -183.989561314225426 -128.300415745230424 -6.30902185344213517 0 0 0 1 -183.427964340484039 -128.104063133508873 -5.59749483017725336 0.00868978512765082936 0.02234877722731822 0.83181135338305523 0.554540252978924175 -183.91129307849809 -127.976995736381539 -5.22878438600311757 0.00687604968133360538 0.0264274722228113809 0.832031207731647293 0.554056294985725062 
550 1357847728.74498391 0 1 1 -183.356571524822527 -127.563202398183108 -6.81858648689964575 -0.0073407254575312067 0.00763743973591389513 0.857572164521228864 0.514254573049585995 -183.038276257582652 -127.908822981266283 -6.32429675752443554 0 0 0 1 -182.493440708881849 -127.700044047470698 -5.63240931550819113 -0.00452316453162262318 0.00749244743280997206 0.857312169859340223 0.514722495744217912 -182.977441649967886 -127.572156273900362 -5.26895068156265634 -0.0061314155821492267 0.0116551715041664904 0.857579249172492508 0.514183230093039567 
551 1357847729.54531193 0 1 1 -182.419839113291573 -127.007556313440162 -6.83064348495627183 -0.00672159808188636278 0.0125707996148506206 0.870170179133840982 0.492545078609509634 -182.083327895752774 -127.421733298001783 -6.34574625554781679 0 0 0 1 -181.556148878147582 -127.145459319608889 -5.64709890153659355 -0.00390625005146392167 0.0123535540137610835 0.869936410968568441 0.492993683311349018 -182.041197537137663 -127.016704803068961 -5.29013318392996634 -0.00542223471426333137 0.0165663093025330589 0.870160527582061305 0.492459960813978359 
552 1357847730.35559392 0 1 1 -181.526634018164515 -126.546617173350398 -6.85984301704461785 -0.000619580324104775787 0.0336462795813491297 0.844668231550961823 0.534231338091586183 -181.164756045586842 -126.928518837279228 -6.36658753231883523 0 0 0 1 -180.662587447219806 -126.685448162494325 -5.67902288596271365 0.00221276189497716979 0.0335619676785117727 0.844439666580685366 0.534593628390241604 -181.14810251075744 -126.555879073652946 -5.32740136463554403 0.000518111743864706838 0.0377186982502857593 0.844587677605898146 0.534086777779417043 
553 1357847731.15674305 0 1 1 -180.616032002532393 -126.111216088959353 -6.86156448583024758 -0.00371247201870056939 0.0215625452370546596 0.859215090381102886 0.511146459105219164 -180.272780475809668 -126.489977278834488 -6.38367615647496134 0 0 0 1 -179.751540957648331 -126.251051237953874 -5.68362892000745745 -0.000889191169291363918 0.0214017913575002793 0.858994980005283182 0.511535724061846775 -180.237762523039237 -126.120557637590494 -5.33737978491642551 -0.00248298540805920757 0.0255970642402443271 0.859177340108217558 0.511031235180700705 
554 1357847731.95531702 0 1 1 -179.742611827690382 -125.619491412577005 -6.87332489309423078 -0.0258463319652995592 -0.0142458500266530366 0.883090390324515861 0.468273835909558345 -179.352190880961587 -126.036674983554178 -6.41029762164080275 0 0 0 1 -178.87767515137304 -125.760230593462197 -5.69792054123546876 -0.0230528350987256429 -0.0145346186576607393 0.882894639460841235 0.468779657478541389 -179.364666126581085 -125.628931555677539 -5.35758476442772835 -0.0244117728500309467 -0.0102779817507001464 0.883222735589646701 0.46820511293127931 
555 1357847733.05516005 0 1 1 -178.931587545167389 -125.010178243130369 -6.9009484627035258 0.00429971054562561586 0.0438448080635769621 0.903916997205066686 0.425432964706389138 -178.42975905133531 -125.415325847865105 -6.42068824033446361 0 0 0 1 -178.066174227312672 -125.15168235982928 -5.72741074528384875 0.00710178293017736922 0.0434069783608166601 0.903770489352072048 0.425751455059301398 -178.553991825357997 -125.019810836676271 -5.39375096775359353 0.00591087334353541417 0.0477461249640119753 0.903789435132942298 0.425264654149995036 
556 1357847734.06517291 0 1 1 -178.098305320143311 -124.384060474649402 -6.93710063537857557 0.018028608239322199 0.0594773906976786282 0.8841871048013904 0.462980099986688431 -177.63023229979521 -124.768261067408886 -6.40681706614824265 0 0 0 1 -177.232459447783725 -124.526300063519386 -5.76547798403067446 0.0208503519952209192 0.0591508275893923852 0.884023074675388765 0.463216629514353051 -177.721101857673659 -124.393764707602315 -5.43901728804484019 0.0194950192312381108 0.0634147386508912558 0.883976907937496614 0.462799461300761994 
557 1357847734.86574292 0 1 1 -177.157338281047089 -123.817823267982092 -6.94921722654478735 -0.0028834949395918439 0.0332296883754957112 0.871120193773578078 0.489935793004843467 -176.705777467686033 -124.18400404885827 -6.45943762563217572 0 0 0 1 -176.291026268195168 -123.960947664123665 -5.78019929108492381 -6.21003667421316907e-05 0.0329951087794357681 0.870959163228256616 0.490246320668409341 -176.78044302089873 -123.827689194396882 -5.45992362476781956 -0.00157281024195893423 0.0372299576889143571 0.871052045200217617 0.48977524546565504 
558 1357847735.56509209 0 1 1 -176.293297936637288 -123.235411552707362 -6.96586761972048407 -0.0121879740620423355 0.0181959569062357177 0.889302265998619945 0.456795184005096 -175.898965995701985 -123.67735948084615 -6.47291110437910433 0 0 0 1 -175.426542678650918 -123.379305071146675 -5.79904183815952212 -0.00938355935409091943 0.0178580949887978679 0.889161199402678348 0.457149208392631845 -175.916738673654521 -123.24550639961079 -5.48545036906290751 -0.0107242394341620535 0.0221669321767260161 0.889304017199405328 0.456653022325957114 
559 1357847736.36675 0 1 1 -175.375743057986909 -122.589825653008589 -6.992972084963613 -0.0166797144822941577 0.0169273384709506952 0.899030470259265191 0.437240741334203376 -174.997988166507582 -123.067532509428389 -6.48153446617215678 0 0 0 1 -174.508556605238738 -122.734473942461349 -5.82838580976744147 -0.013884439278766255 0.0165289098497806708 0.898913358053883726 0.437594323771895499 -174.999603224543961 -122.600094705966299 -5.5221324884481584 -0.0151295367979237486 0.0208587280063702307 0.899049290222091235 0.437088531459463692 
560 1357847737.16671491 0 1 1 -174.519781614700776 -121.956619703307965 -7.01865991451484472 -0.0120866480546201038 0.0249606790099275513 0.886283920621496968 0.462311247418830784 -174.109673934653955 -122.408901727970161 -6.49277032696862033 0 0 0 1 -173.652189515766025 -122.101945517636437 -5.8560624258667282 -0.00927852304440088781 0.0246375532662329311 0.886166209579915209 0.462619010610171688 -174.144098555053461 -121.967102635281094 -5.55683615216575433 -0.0106576323819398862 0.0289326368420042557 0.886266898428094141 0.462147489604808503 
561 1357847737.9767704 0 1 1 -173.653558267579371 -121.387083230768567 -7.03578845333134328 -0.0064146349621814671 0.0324826133373611603 0.875289008174296335 0.482465423070228272 -173.190443278122899 -121.78334954357976 -6.50374049006419508 0 0 0 1 -172.785593681769228 -121.53309500540891 -5.87542697262309499 -0.00359776933636147883 0.0322203115776732926 0.875170076727462387 0.482727919617757018 -173.278201965658383 -121.39766221429123 -5.58269967463014094 -0.00507421660886478096 0.0364811260787546096 0.875234961976120607 0.482293625398979464 
562 1357847738.77672291 0 1 1 -172.73124389457638 -120.813028666671741 -7.06217821706348214 -0.00859582443688378627 0.0323894013115440527 0.876442290397571711 0.480339411341177358 -172.319152570901792 -121.249898145514678 -6.53333133208258587 0 0 0 1 -171.862964856861993 -120.959712862106414 -5.90429754307421106 -0.00578020094095956904 0.0321197873828194119 0.876337067915066936 0.480591564567656615 -172.3560569136352 -120.823670155961793 -5.61826898472279623 -0.00729577127809361708 0.0364085556024715401 0.876401545234551826 0.480147394360200153 
563 1357847739.57675552 0 1 1 -171.78417458098599 -120.222250410191506 -7.07858641284564705 -0.00954777270168040253 0.0308340102002773141 0.881712851553096311 0.470680944226037123 -171.357517862013651 -120.637490798678812 -6.54567564547586578 0 0 0 1 -170.915539835884232 -120.369625548712335 -5.92324665619657154 -0.00673628208643678363 0.0305325171752645064 0.881618696428480564 0.4709255376451153 -171.409379286645759 -120.233184793205041 -5.64427657569601582 -0.00818012335859515105 0.0348180018812653397 0.881677520065409004 0.470494997782276769 
564 1357847740.37521911 0 1 1 -170.860429721510911 -119.60180358292321 -7.10425279028101642 -0.0147218722683046602 0.0244876637495644242 0.886772893973206244 0.461321422996362585 -170.44181691526768 -120.028970374203993 -6.5581937016980083 0 0 0 1 -169.991479756784713 -119.749792343569567 -5.95124854649051649 -0.0119160514520963955 0.0241566901257150753 0.886691595455801007 0.461576078873253082 -170.486356636742329 -119.612889123896053 -5.6789317762721403 -0.0132922898718190099 0.0284360615525682467 0.886765650007228956 0.461152238854588115 
565 1357847741.17605591 0 1 1 -169.959343189585354 -118.961436380357682 -7.12797847581047073 -0.0169769389615498367 0.0238412099943833937 0.885268744827043208 0.464157979228894735 -169.547732755107916 -119.419370337865473 -6.58191926266216321 0 0 0 1 -169.090076068212994 -119.109998935092733 -5.97713843278231849 -0.0141707206648239679 0.0235184846880151094 0.885198496790734923 0.46440251165690577 -169.58573096510807 -118.972698835331343 -5.71194179061703977 -0.0155611381259050819 0.0277849449444311676 0.885269191362797359 0.463987399223858565 
566 1357847741.98543859 0 1 1 -169.055010950281883 -118.367096730762213 -7.14744162873977817 -0.0135909677571610654 0.0281839474743997322 0.883090630784009956 0.468157973895226509 -168.610869866112154 -118.791565447698758 -6.60005727963505073 0 0 0 1 -168.185458904302749 -118.516217541207681 -5.9989246667964089 -0.0107825946965038645 0.027871494642160672 0.883026067350349719 0.468371519007933057 -168.681843652952949 -118.378511094758849 -5.74045805052037128 -0.0121865676495284975 0.0321211004024021529 0.883066994957682039 0.467987611902571321 
567 1357847742.78585052 0 1 1 -168.137541718129796 -117.747630396312147 -7.17032007133037474 -0.0103403361153390112 0.0291473380173790549 0.89094802206625312 0.453050915584279457 -167.678450907446404 -118.171770515728809 -6.63808850838047348 0 0 0 1 -167.267723424691582 -117.897277145458176 -6.02410512242625806 -0.00753797108617912468 0.0287848959032906797 0.890889450371326608 0.453244521176832782 -167.764845784617336 -117.759234408323366 -5.77253139942094329 -0.00885935816352872996 0.0330565417300208511 0.890908409128674417 0.452891800947639644 
568 1357847743.58531594 0 1 1 -167.235374291978303 -117.11448145776545 -7.1966214763554337 -0.00345956776302570358 0.0285142577139693675 0.894637421299928737 0.445868649837290576 -166.774383718368597 -117.550521494463595 -6.65740177850722326 0 0 0 1 -166.365318092111522 -117.264601676483295 -6.05259119196111772 -0.000660784470771043657 0.0281260625857663212 0.894571360285373207 0.446038753164432866 -166.86302579251506 -117.126308444677647 -5.80798762866426888 -0.00197636092031759636 0.0324084235428032524 0.894581021153912692 0.445724785795232559 
569 1357847744.28541994 0 1 1 -166.416564033747932 -116.519353107835315 -7.22816676079733433 -0.00519062890367443831 0.0139652189503501559 0.893203629933793097 0.449405502307602789 -165.97193101980983 -116.991616547609112 -6.67530413252974419 0 0 0 1 -165.546338084144566 -116.669854514155531 -6.08605163538022431 -0.00239358907005113178 0.01358674391611755 0.893125089319277921 0.449596759273856061 -166.044879371712483 -116.531396820029457 -5.84798338922588812 -0.00369484980081105207 0.0178249501226165757 0.893185272735559144 0.449320250830497092 
570 1357847744.98536491 0 1 1 -165.574362506519009 -115.966165818239801 -7.26665106927250726 -0.00718649923759608067 0.00625212639175056623 0.873949165712461506 0.48592398674564552 -165.113940261187963 -116.393824103288352 -6.70800000000002683 0 0 0 1 -164.704044921210965 -116.117012190108468 -6.12669100602554018 -0.00437793977255340923 0.00598843892993542251 0.873862441924466049 0.486116657641290528 -165.203216617862466 -115.978591447093891 -5.89472103812975323 -0.00586005816333376103 0.010171308276835522 0.873956853031543912 0.48586173264156185 
571 1357847745.78622651 0 1 1 -164.614823344114825 -115.439132250137888 -7.33939409380858798 -0.0394931940336382126 -0.0295877034963196277 0.833521681283721172 0.550278531524530878 -164.153596505177802 -115.839988760004559 -6.81579202971539733 0 0 0 1 -163.744611757431841 -115.590242119718511 -6.20221511966252059 -0.0366832431322434774 -0.0296317596256041454 0.833447934723555606 0.550582272326153865 -164.244448236046452 -115.452112503319569 -5.97618548282961548 -0.0384625665689580648 -0.0255862858637200957 0.833727776462165893 0.550239918312077192 
572 1357847746.48496509 0 1 1 -163.817996324543628 -115.192839687376861 -7.37598219809505906 -0.00243325489228260299 0.00832125543539462623 0.793154326586160474 0.608958988928041456 -163.38709563584905 -115.56694912111459 -6.85246336641283804 0 0 0 1 -162.947870005741549 -115.344225236018644 -6.24172174244774691 0.00038443288847304143 0.00846889395225290664 0.793053379578050666 0.609093151485396334 -163.448113444005202 -115.206147825621528 -6.01900770636664451 -0.00168361238906329343 0.0123801321029936469 0.793141905790584634 0.608908708311283076 
573 1357847747.395293 0 1 1 -162.757643239599901 -115.041032605052635 -7.41243546067214965 0.0214407285369351899 0.0137126576115494114 0.75636722066300055 0.653651960669867416 -162.305122533275267 -115.326671835805499 -6.88060532300282368 0 0 0 1 -161.887650767103679 -115.192777292041882 -6.28261896245858598 0.0242453504843510893 0.0140174918572095065 0.7562225520942637 0.653714864911272175 -162.388276245632881 -115.054684844066642 -6.06274894103486339 0.0219596340794202122 0.0177933754408465747 0.756267820565691862 0.653651400853955011 
574 1357847748.19672108 0 1 1 -161.69869550245906 -114.909027100079484 -7.4781036187238632 -0.00867383687017589736 -0.0137051453825697157 0.745781297476262317 0.665993385761912138 -161.307774213494696 -115.188295168742059 -6.9212586082739822 0 0 0 1 -160.828983125344479 -115.060999240682591 -6.35278587953189167 -0.00587817295259135657 -0.0133507586822960503 0.745672444715216987 0.666152992575863356 -161.330149840682424 -114.92331374916435 -6.13550868262374927 -0.00825283709398814957 -0.00960942123664638125 0.745848687085470696 0.665994959197347525 
575 1357847748.99081254 0 1 1 -160.642689689638274 -114.775540049065867 -7.53545757212881284 0.0068755055793541988 0.0001557338832428017 0.758088947210214581 0.652114906506280012 -160.216738065979939 -115.040154642323984 -7.02603709873483773 0 0 0 1 -159.773221705606403 -114.927721873457457 -6.41461853146533389 0.00967992490914387424 0.000454559090860811926 0.757980130716440659 0.6522056530488477 -160.274580687880928 -114.790149790919443 -6.20015240295175474 0.00742903498848739539 0.00421911519301177741 0.758075912894987325 0.652110357834131849 
576 1357847749.70079851 0 1 1 -159.657555933281913 -114.650398444802093 -7.63630574039201448 -0.0484022164575693067 -0.0748529927121001637 0.759409145650007611 0.644478086847925624 -159.390989262916008 -114.929825350182568 -7.15825506843751302 0 0 0 1 -158.788541968548742 -114.802581701483405 -6.51964021342791789 -0.0456154419917925227 -0.0745682817656894287 0.759321308170297748 0.644817767873182901 -159.290376865305774 -114.665762188033824 -6.30768306613923002 -0.0478233563458369468 -0.0707968721760956488 0.759773859402785412 0.644549774684699872 
577 1357847750.61671591 0 1 1 -158.930466230596295 -114.505507222403267 -7.65248016223833272 -0.00969616378991455634 0.00980287271693911465 0.77323570520140561 0.633968794418100501 -158.537366566136939 -114.796160747732131 -7.18265010434706497 0 0 0 1 -158.061512746752129 -114.657847646043166 -6.53872572230827487 -0.0068840735666268766 0.0100345870956217182 0.77320662286493913 0.634037408163544813 -158.563560481471598 -114.520989505649496 -6.32907727217680183 -0.00901970436952714838 0.0138235915310106466 0.773254097443708766 0.63388141953900623 
578 1357847751.4160881 0 1 1 -158.481345711182769 -114.412170132967375 -7.71271409480436532 -0.0583930538817897249 -0.0571100161837094292 0.792139887170159263 0.604849647816630864 -158.03540650575593 -114.722092831324545 -7.18716056231579259 0 0 0 1 -157.612669893504346 -114.56443579664186 -6.60074378509667525 -0.0555891344763323955 -0.0569733790741216023 0.792130316186780425 0.605139194221362642 -158.115084339299983 -114.428109910725837 -6.39252791726710434 -0.0575590248407567423 -0.0531384720629125493 0.792486527132954643 0.604837470531504939 
579 1357847752.11416507 0 1 1 -158.319105796221123 -114.37357489142434 -7.71353905497462833 -0.00967835997957060268 -0.000533667584079283025 0.832813104544512073 0.55346940064103578 -157.796335932265151 -114.698152826106977 -7.23369737410594738 0 0 0 1 -157.450440052681699 -114.525888650061859 -6.6021975668594699 -0.00685793256006799433 -0.000587264014574153184 0.832795522585117576 0.553537931350833179 -157.953024185238746 -114.389615338383422 -6.3945899223565279 -0.00856814359048884214 0.00336080298988531128 0.83286125780723852 0.553405291953754874 
580 1357847753.22564602 0 1 1 -158.058086653616357 -114.253227164302004 -7.72876354245572017 -0.0147237839266330436 -0.0138413148963941329 0.884745164597134148 0.465636791835450703 -157.465408675662417 -114.592692458326241 -7.21373763790647082 0 0 0 1 -157.189482461717631 -114.405557532041627 -6.61824663836396088 -0.011924613306110509 -0.0141832501459504857 0.884731896858079403 0.46573180017548943 -157.692371794805325 -114.269554080808049 -6.41212058216432368 -0.0132278885752356683 -0.010068966859536399 0.884845328490630356 0.46558821239216458 
581 1357847754.52596545 0 1 1 -157.784700095640886 -114.065064676699336 -7.76084569138245151 -0.00968441358353845129 -0.0277808577491608644 0.921584351539490365 0.387061647640012607 -157.199593394743317 -114.488900722434863 -7.26142926525505228 0 0 0 1 -156.916229137019428 -114.217350620711244 -6.65099214255535376 -0.0069264341107571183 -0.0283658883282772167 0.921547564234111438 0.387165969248374764 -157.419347936897623 -114.081566938519131 -6.4467339346033814 -0.00784299654759282663 -0.0242143693298222419 0.921698680747847221 0.387070657155501152 
582 1357847757.73572111 0 1 1 -157.320898163727378 -113.575785274240346 -7.8230066973351633 0.00801428137524377859 -0.0138190390372323543 0.953521224704571457 0.30090210948416457 -156.647438492918411 -114.018688029103131 -7.34082049815329363 0 0 0 1 -156.452682267206654 -113.7279315090843 -6.71372965613558481 0.010707996579548228 -0.0146569041787925278 0.953473703110032988 0.300929246579303145 -156.956095020263263 -113.592590566279853 -6.51429956616131189 0.0101930849173395479 -0.0104485305930200004 0.953542658017830114 0.300904185030062832 
583 1357847758.83484912 0 1 1 -157.202554427914919 -113.415959000420813 -7.83691570259456505 0.0358408062176323247 0.0728343703877594728 0.955951406032823026 0.282077117830846935 -156.465270681688395 -113.775823616449003 -7.30014928226701443 0 0 0 1 -156.33440506166221 -113.568083457334424 -6.72767254940785797 0.0385089674815661184 0.071947698435991303 0.955984305524782862 0.281841437165591457 -156.838021511739043 -113.432909328791851 -6.52972935303126167 0.0380797572357800401 0.0761342464585883366 0.955666932674372305 0.281876253696198786 
584 1357847759.43510604 0 1 1 -156.989486492326364 -113.101372754799485 -7.84024300824814624 0.0147870943390905254 -0.0220320754969093383 0.955954344428541769 0.292313565984376411 -156.430489600286819 -113.729165986180305 -7.29400000000003956 0 0 0 1 -156.121357379765243 -113.253509380307932 -6.73097412196906486 0.0174727737372895597 -0.0228958837617491279 0.955888564913265681 0.292314098450196902 -156.62519957386553 -113.118430172669349 -6.53595783731341395 0.0170165018390909598 -0.0187280642683644617 0.955976224332744318 0.2923510848011871 
585 1357847760.74516392 0 1 1 -156.804298003677616 -112.793711167119838 -7.85701955861778245 0.0203299233273925677 0.0698562272719685934 0.960370665586877781 0.269063164348163408 -156.084570334501905 -113.159287489285873 -7.32904518759436563 0 0 0 1 -155.93626267117051 -112.945809072340893 -6.74761679854930296 0.0229842878964981213 0.0689302803437515377 0.960444587140282913 0.268824355285294636 -156.440297079600981 -112.810866826696923 -6.55540390122355188 0.0226406990100124945 0.0730739304958444025 0.960147508780078818 0.268820313245920817 
586 1357847761.54539204 0 1 1 -156.64042202592583 -112.434055648692322 -7.86556670278087111 0.00664600050116104235 0.0555222429752434826 0.981984373236891361 0.180498758807052129 -155.888431506856904 -112.790336302359222 -7.30103984676428119 0 0 0 1 -155.772453714650794 -112.586135745823725 -6.75576292724740757 0.00920677416243414516 0.0543546522968458706 0.982066147262284583 0.180296670753022664 -156.276694845615822 -112.451288931030248 -6.56671004687503856 0.00922963899348736537 0.0584851940798157 0.98183409846467018 0.180266743825822473 
587 1357847762.04737306 0 1 1 -156.49821449087105 -112.045221709646015 -7.87066858548143422 0.011814596155084487 0.0951712434785093875 0.990362850496712355 0.0999213395049983188 -155.764890564814721 -112.529792797874165 -7.28999930366320026 0 0 0 1 -155.630303015654619 -112.197287494116779 -6.76026875124667637 0.0142599245589313511 0.0938027885933706423 0.990493433074646212 0.0996014580198630872 -156.134787090598451 -112.062545260296062 -6.57470625142916276 0.014672373555382253 0.0978893337855452628 0.990094700645784642 0.099573508215828832 
588 1357847762.54489994 0 1 1 -156.454512178188736 -111.544795949185584 -7.85962179551358631 0.0082976278008928539 0.0515035206459881975 0.99854886691833844 0.0133677638387529867 -155.689881133042377 -112.033440954108897 -7.28280573409242393 0 0 0 1 -155.586600142753014 -111.696903594787983 -6.74780907937577368 0.0106240928001629237 0.0499204609424152637 0.998610279772901288 0.0131371748621289981 -156.091121802068841 -111.562117134754232 -6.56624391318276057 0.0113784698189022503 0.0539843961894498139 0.998390474172540676 0.0131406420760270051 
589 1357847763.24546289 0 1 1 -156.499709955517602 -110.724973313207187 -7.85116895530982362 0.00317294411595306618 0.0576890366198399354 0.99492233880689207 -0.082410237364878805 -155.649015305946278 -111.314933186260077 -7.26954520054361453 0 0 0 1 -155.63187257028909 -110.877129297373827 -6.73649855340264914 0.00533385549263680914 0.0558887360232401056 0.994994877741424033 -0.0826631262391944316 -156.136494190027406 -110.742352756610032 -6.56139466673139182 0.0064760011451092175 0.059862591255578447 0.994756475829271958 -0.0826685271010885736 
590 1357847764.1453321 0 1 1 -156.674290518010849 -109.625735063800661 -7.82285282051182662 0.00130056806971541247 0.0515212125857330769 0.994341731735302159 -0.0928891474071766587 -155.784250673998145 -110.249568261399773 -7.24239833004443234 0 0 0 1 -155.806528905380674 -109.778035104625502 -6.70382008159856646 0.00344227675210241916 0.0496963807348769285 0.994405870245356427 -0.09314175054287753 -156.311229218423591 -109.643073343850915 -6.53739847030671939 0.00463880292981721544 0.0536487572237629301 0.994196258494090546 -0.0931348052667509557 
591 1357847764.94489789 0 1 1 -156.861826555233193 -108.64349878248143 -7.81046501198497722 0.0122408941509961414 -0.0565698999136441255 0.99481320639580606 -0.0836462271393032114 -155.950517795120305 -109.298693971959636 -7.22157961925154535 0 0 0 1 -155.994247752843961 -108.795904620384718 -6.68738481639566018 0.0144131825856907755 -0.0583731042851496143 0.994676759831521928 -0.0836838354458702416 -156.498949359531053 -108.660911151581715 -6.52840222401775083 0.0155582537153833786 -0.0544000110603526099 0.994898239180616262 -0.0835228903551036989 
592 1357847766.65566158 0 1 1 -156.912433232112392 -108.272488124002024 -7.78798099030091073 0.00503616344036398114 0.0308161578435176241 0.997631448859328529 -0.0612902416409201664 -156.05067887424957 -108.68738559193244 -7.18465530209214531 0 0 0 1 -156.044873551294074 -108.424999533678786 -6.6634640508518137 0.00723692094380591708 0.0290576382240956693 0.997655573190935452 -0.0615356637825318006 -156.549634592447802 -108.289773177298756 -6.50732106308304559 0.00830883350094377589 0.0330190336488248096 0.997528837225032716 -0.0614566970087523923 
593 1357847770.66487646 0 1 1 -156.896962779227295 -108.214192758795264 -7.7917728023697066 0.0131389112866467945 0.0416090312549502808 0.998725203220280577 0.0253776669699091705 -156.062063410035819 -108.628497691136147 -7.17832807297033249 0 0 0 1 -156.029459606343551 -108.36670489899798 -6.66713735289991583 0.0154795695451818704 0.0400493945055962752 0.998763033305823833 0.0250765274346531446 -156.534299826413417 -108.231655852419848 -6.51151177065449804 0.0162210980076294316 0.0441182248985580727 0.998576755526595972 0.0251976493587052833 
594 1357847774.0668726 0 1 1 -156.883342042680511 -108.187679587654841 -7.78942394793019055 0.0186856131836387988 0.0290146496850862239 0.993123266541380501 0.111871244820917037 -156.076780658051518 -108.610941032304993 -7.17393906396333847 0 0 0 1 -156.015839222195211 -108.34021051090717 -6.66476572056451744 0.0211549935955806928 0.0276641388246804225 0.993145673199622547 0.111574340571336084 -156.520655888102453 -108.205241644577214 -6.50914403447894951 0.0215086625871117737 0.0318161313480603974 0.992994857504123529 0.111742222056491952 
595 1357847777.27532601 0 1 1 -156.839057726161229 -107.927570963634082 -7.78739278870108365 0.0167206165734213284 0.076477809227030541 0.996494573589642441 0.0294979742293495495 -156.023056553003471 -108.331636449122314 -7.15124709560121907 0 0 0 1 -155.97163741786008 -108.080109084750177 -6.66209544382328023 0.0190526621225357469 0.0749301621172863003 0.996582640847022305 0.0290776002018193445 -156.476483340979655 -107.945211208896851 -6.50855830726811657 0.0197518501626733102 0.0790420629510466127 0.996247221077320666 0.0292179943752201438 
596 1357847778.77671504 0 1 1 -156.822030786171496 -107.211593797847712 -7.79428392491352184 0.0160309010447818832 0.157679562201519657 0.987298670589730309 -0.0110227459093006352 -155.975179354628409 -107.512357740856672 -7.13803535294099056 0 0 0 1 -155.954925409509713 -107.364119328918861 -6.6667396767356859 0.0182549676094559028 0.156052003853343557 0.987511494233208387 -0.011643754043693692 -156.459689286882679 -107.229396611430261 -6.51875302259908995 0.019108658569869149 0.160123618095314418 0.986844395474040237 -0.0115509833868043411 
597 1357847779.28486991 0 1 1 -156.82897503415677 -106.662180473296331 -7.73998434012765912 0.0156705739602463166 0.0418933763542785331 0.997983868538763863 -0.0450286160768764362 -155.973067640894214 -107.151616282463564 -7.12405600816636042 0 0 0 1 -155.961856390251569 -106.81489973935075 -6.61062300326924657 0.0178897871609698667 0.0401695612062024157 0.99800058650985779 -0.0454003435429329236 -156.466496710456653 -106.679758899006629 -6.46729143570237675 0.0188968148356863652 0.044250990682348619 0.997818624013076416 -0.0451968337978159024 
598 1357847780.38518691 0 1 1 -156.944274838489093 -105.770871704890411 -7.69815450778792609 0.0153783103660046494 -0.0127720974315721526 0.992802570850494503 -0.118082328949484339 -156.023072457867443 -106.360368201744052 -7.07314927395324666 0 0 0 1 -156.077379268864263 -105.923797332784972 -6.56536209320665609 0.0174798821766421301 -0.0146566442486401483 0.992710856133918296 -0.118341846412512011 -156.581760312420954 -105.788320159674868 -6.42898466131552127 0.0187614075580752812 -0.010634411988479614 0.992769960831360043 -0.118079311223427394 
599 1357847781.18527794 0 1 1 -156.99775596691299 -105.60180049539332 -7.70010871421395215 0.00126706444975502644 0.0618236032394187188 0.984716417690205126 -0.162818344671430276 -156.106113119627423 -105.969745497675135 -7.03888201487961496 0 0 0 1 -156.130955195135783 -105.754757694971246 -6.5665191641675138 0.00325561394727965801 0.0598440460613797534 0.9847643064705216 -0.163240166106453172 -156.635309954618094 -105.619474385913662 -6.43138984241684319 0.00474188505684281381 0.0638401121912927361 0.984534804669000896 -0.163074133439007396 
600 1357847783.10644293 0 1 1 -157.299842254865695 -104.596952851898592 -7.67218061497217896 0.00269739040427045829 0.0501921207764792002 0.993062749391418587 -0.106300756667688151 -156.390701470006263 -105.129813257171321 -7.04057910858619707 0 0 0 1 -156.43344401950111 -104.750184230143134 -6.53392479084443067 0.00479903184209931871 0.0483288457643763977 0.993102662732562758 -0.106716415016414087 -156.937440629187677 -104.614651191469733 -6.40659334133707681 0.00605144136311919992 0.052430538278395486 0.992909769456374658 -0.106511071872155166 
601 1357847783.90731192 0 1 1 -157.366276643385078 -103.992748142518693 -7.626869420854959 0.0154059840742263587 -0.0406351763575374531 0.99607199094678589 -0.077149380738946699 -156.509879969828688 -104.596568694312339 -7.14137407219208242 0 0 0 1 -156.500026154501057 -104.146184248002712 -6.48633757830320246 0.017589076848977158 -0.0424327193872643255 0.995941955158212266 -0.0773932209992577308 -157.003740165913513 -104.010342303829631 -6.36390303173946581 0.0186939782333308824 -0.0382742394228108018 0.996117760847376688 -0.0770391088916901334 
602 1357847784.61511207 0 1 1 -157.371522912128569 -103.816108579936312 -7.61883102440526727 0.0197018991859409173 0.0547725122875949155 0.998106734114822314 -0.019868426732273306 -156.510584191221881 -104.274095904348911 -7.01105479493504102 0 0 0 1 -156.50535979440204 -103.969590850643499 -6.47769804365083868 0.0219516607671354537 0.0531039503408535229 0.998140135628888703 -0.020355949855129906 -157.008943076566368 -103.833726154331245 -6.35668007893557352 0.0228316181292233453 0.0573443450017245074 0.997892103361268323 -0.0200422892691524204 
603 1357847785.21500301 0 1 1 -157.350437709515262 -103.663176374260516 -7.6233367851158933 0.0285747883943218879 0.0676126488234956857 0.994206552029631152 0.0785196987299559002 -156.482043123217892 -104.005417813811093 -6.92739723161651533 0 0 0 1 -156.484402014135753 -103.816650082909959 -6.48180155529151136 0.0309703070731497769 0.0661794609773487114 0.994274245392717693 0.077973354251849189 -156.988021348090825 -103.680999736895515 -6.36210844019400934 0.0314285689921979736 0.0704956630095086162 0.993934224939393651 0.0783413239745127388 
604 1357847785.7171011 0 1 1 -157.280799198984056 -103.41952773844875 -7.63819540872373892 0.0441900013178104095 0.141228113976729214 0.979267739870349208 0.138334945893385908 -156.431042302044148 -103.731416822248889 -6.97117191047613804 0 0 0 1 -156.414993633012159 -103.572931214257721 -6.49618574082301414 0.0466207000075986103 0.139961856254331496 0.979442697198869894 0.13758340026488064 -156.918701526791182 -103.437515854740312 -6.37830773265247064 0.0468871094101084712 0.144303107257195001 0.978744402795101553 0.137976832128959614 
605 1357847786.21547103 0 1 1 -157.068350351778093 -102.985636893486685 -7.60733306710035873 0.045227316970274406 0.102403035926631511 0.967125642547835285 0.228333308036992838 -156.288560318638872 -103.367609817867162 -6.95087325806866918 0 0 0 1 -156.202693173485869 -103.139022700563658 -6.4648861256664798 0.0477892594246827826 0.101364086926415881 0.96727088153467089 0.227658846303751161 -156.706021611980958 -103.003620510775008 -6.35126566266880754 0.0475718718922780517 0.105727716726275525 0.966709096338747575 0.228105436095756592 
606 1357847787.01532745 0 1 1 -156.52254619714185 -102.006378375721354 -7.57832581149474915 0.0281127834381019251 0.0572203664909706616 0.966072202345399367 0.250279845216332619 -155.806318198447116 -102.536760780028999 -6.74000000000000909 0 0 0 1 -155.657454064590468 -102.159493613551106 -6.43519234583161115 0.0307240673408492419 0.0562267738671710302 0.966195158963396583 0.249722839128145829 -156.160219476187677 -102.024269912259342 -6.33080675795774539 0.0303737684284482341 0.0606074157131322802 0.965829538145279831 0.250154909202489839 
607 1357847787.710783 0 1 1 -156.03037161114321 -101.04044850503648 -7.58676216014941485 -0.00100652984145153598 0.00127481802047224851 0.977850239441918512 0.209299476731490824 -155.380429229115776 -101.664288280553109 -6.90201876695168082 0 0 0 1 -155.166041548749547 -101.193189085354931 -6.44273508968158914 0.00158648363393969552 0.000155344148460593288 0.977935763096704713 0.208899741968104957 -155.668179100720351 -101.058577490204456 -6.34760688098423831 0.00138969717920792938 0.00460723861310456239 0.977847310753923171 0.209264136787535637 
608 1357847788.51563501 0 1 1 -155.608041821814709 -100.004917116002289 -7.58681445192993298 0.0125497479096018522 0.00241201896991630107 0.98787208732523113 0.154743093789626918 -155.193845139176119 -101.282053709961474 -6.97300000000001319 0 0 0 1 -154.744520731611374 -100.157346602173718 -6.44134154766552847 0.0150755639405732098 0.00115522018492789135 0.987908354708790903 0.154299953126266015 -155.246000154683031 -100.023147518811342 -6.35584591794494447 0.0151227261814905287 0.00560904489818039084 0.987822441389491157 0.154747103544704057 
609 1357847789.42544293 0 1 1 -155.310436242581119 -99.0288329458543473 -7.59608930547485706 0.0217729988137046575 0.0277913903421138433 0.993823418543483661 0.105207356682194594 -154.672656870796345 -100.050894650630653 -6.81300000000004502 0 0 0 1 -154.447747501397401 -99.1810035403044452 -6.4487884207077002 0.0242197788899480813 0.0264139468475904395 0.993860695919051684 0.10467388800342256 -154.948559272044037 -99.0473357307111542 -6.37237696098568485 0.0244846494669977467 0.0309089781954874146 0.993672809662654255 0.105164082958563457 
610 1357847790.42525744 0 1 1 -155.160502182893623 -97.9719165767613589 -7.57919001175745066 0.0153030391987685581 0.0650011700977633083 0.997604310567368979 0.0180638981011101846 -154.353175173977803 -98.4753789494610032 -6.81894863051995603 0 0 0 1 -154.298619471372803 -98.1240288680765502 -6.42911484513912068 0.0175980321850949945 0.0634133415892050162 0.997679762823699634 0.0174398458637041696 -154.798578198242296 -97.9904978448322339 -6.3622877279466703 0.0182334161813254084 0.0678744465043659012 0.997366719124908485 0.0178949609695228246 
611 1357847791.22512388 0 1 1 -155.208525049250937 -96.9324932432214865 -7.54833797846060328 0.00430551807662879482 0.0648895755888223014 0.995779206453595522 -0.0647655578887579159 -154.336319373147973 -97.5037453661591087 -6.81847816478266644 0 0 0 1 -154.347398066347154 -97.0847659282107713 -6.39463332558952136 0.006459075303579297 0.0631084563214924371 0.995841613992674235 -0.0653841183117629676 -154.846482485681292 -96.9510883376961345 -6.33697217121727263 0.00744296971596134123 0.0675385339909101573 0.995571894016816561 -0.0649596218580026225 
612 1357847791.91683888 0 1 1 -155.309629881450775 -95.9301753016987249 -7.52297245448733509 0.00842317151345540679 0.0424195099927706168 0.998021922129767702 -0.0456276046054593584 -154.43212054463018 -96.5214718136251264 -6.77024216363522857 0 0 0 1 -154.44928006704194 -96.0826429735774212 -6.36551406604870085 0.0106225644086995075 0.0406799841874429247 0.998046280026035904 -0.0462160463268353611 -154.947535425918744 -95.948713240298062 -6.3165503550803308 0.0115059622569568271 0.0451536258984036667 0.997866102652894993 -0.0457384310737781463 
613 1357847792.72484589 0 1 1 -155.331130629647362 -94.8181479873918676 -7.48698854469018471 0.00368867982399240582 0.0421496040161516566 0.999097906872147945 0.00363001461852378859 -154.43983217662776 -95.4050530750231474 -6.6075372255720497 0 0 0 1 -154.471640561739974 -94.9707764669280579 -6.32578053903598114 0.00597047368928316311 0.0405184759171177827 0.999156339805197469 0.00303565155449694044 -154.968870365347129 -94.8367758910381298 -6.28703008713043499 0.00660524273729350304 0.0450449340993341885 0.998956955399215696 0.00351083179568028409 
614 1357847793.53559899 0 1 1 -155.265072531445782 -93.7725371869994575 -7.45979331065620244 0.00751756864944731415 0.045610532099108661 0.998597687303562909 0.0258035740782709411 -154.402831465704026 -94.340577699114391 -6.50945969729765572 0 0 0 1 -154.406452776097069 -93.9252125166920422 -6.29545412590068043 0.00983181811028317233 0.0440322943116806739 0.998664292969479894 0.0251817862365804751 -154.902764875056107 -93.7911677706171503 -6.2664045877491148 0.0103706788580019589 0.0485825869784507341 0.998434767842631077 0.0256942722320903441 
615 1357847794.32516599 0 1 1 -155.223944164813702 -92.7647929270894167 -7.42375762410025608 0.00508541507547293631 0.00762348246353604202 0.999884123535555225 0.0121556805721837868 -154.362822737453996 -93.3544917203567621 -6.49010650993811389 0 0 0 1 -154.366144127712317 -92.9175659831639535 -6.25629538725298673 0.00739880258659176768 0.0060099224966966595 0.99988714849386906 0.0116115816609117638 -154.86142434111062 -92.7834696617640589 -6.2363787406546205 0.00794373980658676961 0.0105824162026276047 0.999838626887865511 0.0121502941605202523 
616 1357847795.23533702 0 1 1 -155.179127567038933 -91.7285612973368529 -7.40978746138216771 0.0046638197469250145 0.0888728074211449226 0.995970534966074017 0.0110709695079039272 -154.32764720260954 -92.2675931416892041 -6.48380397327036739 0 0 0 1 -154.32230370600854 -91.8813539726508566 -6.23912327126402566 0.006922709533686228 0.0872618725466466766 0.99610778932973465 0.0103302337337555401 -154.816514793134104 -91.7474051575448044 -6.22871260282763828 0.007459462676586745 0.0918391606084817402 0.995687011081812456 0.0108305566926545013 
617 1357847796.03578448 0 1 1 -155.141334594974381 -90.7043300502680978 -7.37941809304749619 0.00381886366011681064 0.0636094296791897412 0.997771329533857609 0.0197896613531432092 -154.255034762143623 -91.2879621228203177 -6.33400000000000318 0 0 0 1 -154.285425243557938 -90.8572036890095802 -6.20555767512390855 0.00610839474684548352 0.0620144614801728319 0.997873878475260434 0.019094940106799279 -154.778600130534187 -90.7230834958654384 -6.20467138901807935 0.00660042798650092855 0.0666043484356167448 0.997564573412600408 0.019626945559583827 
618 1357847796.83520389 0 1 1 -155.055112481236961 -89.5577891855332666 -7.35261344387108995 0.00355314779494636133 0.0348968336980012422 0.99860590898963586 0.039443943382788435 -154.255034762143623 -91.2879621228203177 -6.33400000000000318 0 0 0 1 -154.200290973561408 -89.7106843023859568 -6.17537463456729263 0.00589167595075841544 0.033344857024874025 0.998672997832521836 0.0388027326961117996 -154.692274709001339 -89.5766109187081412 -6.1851841212616705 0.00623892897800749652 0.0379571675798221764 0.998484100835883681 0.0393678748789131547 
619 1357847797.6353631 0 1 1 -154.950461482747073 -88.4292884605374212 -7.31646866985405531 0.00739239447388447338 0.029708993865272891 0.998479409454472666 0.0458431792407924255 -154.109460471607036 -89.0449255503926338 -6.31426494815468686 0 0 0 1 -154.096695958619222 -88.5822084074475669 -6.13599364509442413 0.00974325122445567418 0.028173369445325034 0.998533270539106121 0.045195552172207866 -154.587400354655898 -88.4479945683795421 -6.1562216569640551 0.0100661233319133611 0.0328048349318103213 0.998361411139830235 0.0457931077024731209 
620 1357847798.43486094 0 1 1 -154.813364921746711 -87.4222786993364025 -7.27389548436319711 0.000331743114608571614 0.0181982860423184518 0.997584890019862724 0.0670305865682703783 -154.068945496692322 -88.5265833241865039 -6.33800000000002228 0 0 0 1 -153.960520758814397 -87.5752067789508573 -6.09073161643035288 0.00272140036788014704 0.0167080486897157911 0.997648834400778117 0.0664096251140493393 -154.450081310635284 -87.4410313342029042 -6.12044273884824541 0.00291059800824622654 0.0213677721907611258 0.997520315597520746 0.0669937810625791663 
621 1357847799.34508801 0 1 1 -154.647448769664663 -86.3323891587492085 -7.25200619758908438 0.0085027787336995897 0.059671407128372933 0.996969959756342616 0.0491724035263940429 -153.868759270349983 -87.2554082470014691 -6.21200000000004593 0 0 0 1 -153.795737914915577 -86.485216513465474 -6.06601036393845305 0.0108364156551475303 0.0581451042548962946 0.99707376305569928 0.0484317042120496685 -154.284025455165164 -86.3510295465862328 -6.1060318991566005 0.0111251363390561103 0.0627803518116861747 0.996759309645275371 0.0490483170283405254 
622 1357847800.14566898 0 1 1 -154.60150279142195 -85.2701125286315431 -7.21565552164859625 0.00292439416415274682 0.0672926739992794759 0.99758697540195862 -0.0168336108179852999 -153.702374611864798 -85.9857131037861109 -6.11299999999999955 0 0 0 1 -153.750849325881802 -85.4230208805661562 -6.02636677318550262 0.00514493438236513726 0.065609891681790003 0.997676968203147552 -0.017593717079705383 -154.237863552234927 -85.2886565008956126 -6.07630904549526729 0.00571833476515563616 0.0702248239779766081 0.997370071474410702 -0.0169916235806042773 
623 1357847800.94553041 0 1 1 -154.684202877952202 -84.1315962239961692 -7.18457719648258042 -0.00185726726788934884 0.0530182092658906048 0.996613163025102389 -0.0628317064039712048 -153.712732738836451 -85.7690752937970018 -6.11739935664692336 0 0 0 1 -153.834747179273251 -84.2847240031170628 -5.99115177980849722 0.000292714091716935929 0.051227993675765339 0.996662209413564426 -0.0635613664838051012 -154.320365229580347 -84.1500825335245395 -6.05152144237354417 0.00108110000871776673 0.0558388480936026291 0.996452046024866478 -0.0629616886622970107 
624 1357847801.64531493 0 1 1 -154.829897257706222 -83.131960607775639 -7.149792210349732 -0.00679904897104658713 0.0387826770687870193 0.996230622365023022 -0.0772931041857328194 -153.903186345654262 -83.773907224965015 -6.15927978963547318 0 0 0 1 -153.981484381312129 -83.2853952405554594 -5.9523981569159794 -0.00466595967195231141 0.0369562141057500418 0.996257823611626958 -0.0779924095789737426 -154.465889810888399 -83.1504769533157315 -6.0217652341964909 -0.0038214112234006615 0.0416179153377982322 0.996124060440960912 -0.0773963962327097743 
625 1357847802.44671893 0 1 1 -154.870649861084644 -82.093551501290662 -7.11491867857731108 0.00810485906858021514 0.00781976841150524779 0.999808381234981391 0.016011348904916841 -153.968258080608223 -82.7460533958482074 -6.12651851684380233 0 0 0 1 -154.023357175094304 -82.2471701111194307 -5.9139073511305682 0.0104189660243377263 0.00621021944729035786 0.999808687285702158 0.0153449388868533536 -154.506385133279451 -82.1117631214569883 -5.99304425742930214 0.0108059890777666822 0.0108943789140893612 0.999753644249891882 0.0160372665123537372 
626 1357847803.1467309 0 1 1 -154.818714314155784 -81.3394097997611567 -7.13558216214772489 0.00220152798348108129 -0.0925325001549352766 0.99479324301325267 0.0426531750845167562 -153.937945790783488 -82.0107290971216401 -6.06916666601098509 0 0 0 1 -153.972467652314805 -81.4929131317979483 -5.93231573105413013 0.00461247553573068854 -0.0940766700805951289 0.994658657695445481 0.0422191886169527852 -154.454536393752733 -81.3578957469771495 -6.0186132967817807 0.004796067498060861 -0.0893890396974609119 0.99505933632934418 0.0429361677647754764 
627 1357847803.64504552 0 1 1 -154.78993851625026 -81.0920375219429985 -7.12679201853220068 0.0115732725771270483 0.00251728270830530463 0.999231905562728118 0.0373540032004744185 -153.930454872506687 -81.6743774786520476 -6.07893110357614574 0 0 0 1 -153.943974083058833 -81.2455482119840582 -5.92283954665527457 0.0139238063008254483 0.000958724115648605809 0.999229837938133802 0.0366734159889436639 -154.425704070246951 -81.1104544543147057 -6.01148075442449059 0.0141949118464500586 0.00566664046538218301 0.999183204210637443 0.0374074603103620729 
628 1357847806.45495009 0 1 1 -154.699040722364373 -80.411988086225719 -7.11093928234874717 0.0163713137854972664 0.0396551216632611628 0.991905230972184415 0.119513447698685868 -153.918300974008162 -80.9734503263607621 -6.14100000000001955 0 0 0 1 -153.853887011239237 -80.5654524556124727 -5.90515415685152867 0.0188157273030274859 0.0382994549430334189 0.992008755665406694 0.118733941399652987 -154.334675668156876 -80.4304159255217712 -6.00017556140100794 0.0187132726597196396 0.0430028838843240294 0.991728108298135735 0.11948190078583322 
629 1357847808.05672193 0 1 1 -154.547406260048916 -79.9713561421247476 -7.10773616231934025 0.0132024931656937738 0.0232766673490702007 0.978252666874942389 0.205683277597849212 -153.739938939340362 -80.3779210941067817 -5.90534490162889814 0 0 0 1 -153.702823552595788 -80.1246487684438904 -5.90118773603583069 0.0157685258842906219 0.0221384205136550306 0.978395995364505389 0.204945163844614447 -154.183037202796186 -79.9898503784808099 -6.00042012097876398 0.0152452357004072853 0.0268656082985815406 0.978130472797366535 0.205685682691787719 
630 1357847812.05676007 0 1 1 -154.151204491158381 -79.0157864086627626 -7.13517373906871821 0.001372851517988889 0.068374796002830876 0.987718416102660091 0.140482500838835428 -153.380322591983713 -79.4509222060441971 -6.0220000000000482 0 0 0 1 -153.308030728905663 -79.1684747799060489 -5.92727625067351749 0.00382120258648686872 0.0670625823062461351 0.98792077947851864 0.139644340879847589 -153.786954443782975 -79.0343932625861925 -6.0359712105220682 0.00364854189548484767 0.0717798617160159552 0.987493479795123807 0.140324505900373459 
631 1357847812.56582046 0 1 1 -154.10294326874984 -78.8001004768183577 -7.15411663942380649 0.0036859619115116142 0.152889079314932175 0.985415452301186323 0.0746172197087753147 -153.380322591983713 -79.4509222060441971 -6.0220000000000482 0 0 0 1 -153.260156240756999 -78.9526709327702463 -5.94572526098806176 0.00596008898743011391 0.151430392153995952 0.985707968296358428 0.0735738738168263129 -153.738789214259555 -78.8188487003282034 -6.05649915606284228 0.00615758102356168957 0.156108759378828871 0.984926973557955776 0.0742360842118385544 
632 1357847813.16500092 0 1 1 -154.056971893623654 -78.2027227748807832 -7.11489107525713838 -0.00149234399125154973 0.117236253088303141 0.993089010600545108 -0.00525841189502933293 -153.233311738769885 -78.571111984868736 -5.96326973793599624 0 0 0 1 -153.214823939100597 -78.3553710059393467 -5.90473171435872679 0.000690466943891551439 0.115577823984044967 0.993278675667978561 -0.00622593942945645022 -153.69258210971941 -78.2212514741913196 -6.02117925005579568 0.00124349591304164951 0.120263322828657912 0.99272569832077473 -0.00555650912485400935 
633 1357847813.87496805 0 1 1 -154.104375999307734 -77.1599519089759838 -7.07813049284132312 -0.0038886314886645572 0.0607918722588194696 0.997390440827744085 -0.0387496497771427639 -153.248080234613553 -77.6411445938069846 -5.94264015253371181 0 0 0 1 -153.263505158635951 -77.312804562928136 -5.86429862081982201 -0.00171254804295370433 0.0590475416641918077 0.997468093831408442 -0.0395961714178639304 -153.739746266208925 -77.1782793553570912 -5.99054495048500613 -0.00104006668592463531 0.0637423383816307365 0.997207412568435148 -0.0388999855719459955 
634 1357847814.57532001 0 1 1 -154.185581549419709 -76.0521347251395383 -7.05245388653739091 -0.00424667352670593003 0.0106654628677120434 0.999467512772343358 -0.0305434866778630174 -153.314705684891578 -76.6898805183190291 -5.95007660491737589 0 0 0 1 -153.346152546609318 -76.2052067638401383 -5.83457750627536775 -0.00201686392159422046 0.00893582509981906414 0.999468518106872872 -0.0312852138071443991 -153.82077238069499 -76.0703190595990009 -5.97122636886459812 -0.00141817641613838715 0.0136462587378195967 0.999438841891914898 -0.0305576457840158328 
635 1357847815.37523699 0 1 1 -154.195949968145243 -74.937728955029101 -7.03002960717587477 -0.0074296138061999157 0.00905740363657542985 0.999802713830000744 0.016040501744669821 -153.356015487551019 -75.5809602111839069 -5.941383053604536 0 0 0 1 -153.35801042663968 -75.0909099180260426 -5.8084096771015199 -0.005121102006693465 0.00743091464453319358 0.999842243144631548 0.0152985177482761001 -153.830977111112759 -74.9557893772641251 -5.95556723836196777 -0.00474321260178159083 0.0121647043661593599 0.999786404657022842 0.0160208290947183828 
636 1357847816.27504396 0 1 1 -154.127056839126766 -73.8700562335192217 -7.00802147277913612 -0.00637417969106763259 0.0451718777468752067 0.998608484239727034 0.0264568799846513908 -153.321799562007016 -74.4253847154301411 -5.89921912067991983 0 0 0 1 -153.29056454003387 -74.0232280223293628 -5.78317426754011166 -0.00407837712615394168 0.0435712130985681442 0.998713365432356892 0.025622840121888122 -153.761924623579773 -73.8880092662680283 -5.94048225950265429 -0.00372211310962676989 0.0483040952132468004 0.998478325961974722 0.0263418458692872767 
637 1357847817.17519641 0 1 1 -154.065481168216309 -72.7760329152025207 -6.98654048081967449 -0.00449508588056275749 0.0699281669620510499 0.997395391389122365 0.01709616635370724 -153.263055413324167 -73.3327699860038678 -5.86239656375029483 0 0 0 1 -153.23049501455381 -72.9292030409363576 -5.75834373957892431 -0.00223690905018921783 0.0683087948310838883 0.997530262867672435 0.0161950439881649449 -153.700191033229032 -72.7938802140116223 -5.92604537918364649 -0.00181698544549862575 0.0730310017106052534 0.997184486527194269 0.0169195503052727257 
638 1357847817.97672844 0 1 1 -154.020766816038787 -71.6674625923781434 -6.96703158094410568 -0.00972805602535267364 0.0478612657552727611 0.99862684991460593 0.0189493745517394369 -153.205814357392569 -72.2245683488185648 -5.83982481407682208 0 0 0 1 -153.187336018010797 -71.820648202810446 -5.73535848332529774 -0.007448149794193476 0.0462396431893659157 0.998738637244993455 0.0180984788415203129 -153.655328381142539 -71.6852148026454472 -5.91357713007929764 -0.00705283376375246459 0.0509733377491210643 0.99849781150951411 0.0188174595874648944 
639 1357847818.6751709 0 1 1 -153.984530971853502 -70.6440411346221282 -6.94682802022004342 -0.0075094054542526132 0.0258130495706689993 0.999613489268557975 0.00708289304765700838 -153.20372266182676 -72.184072582051158 -5.83899999999999864 0 0 0 1 -153.15254406438828 -70.7972582192703896 -5.71192130274298648 -0.00523078355008823031 0.0241638526160048231 0.999674662177408524 0.00627032141827011617 -153.618943238804832 -70.6616911359802202 -5.89984550629165128 -0.00479574615366501478 0.0288957697769562268 0.999546284405004926 0.00701859244976546417 
640 1357847819.37702942 0 1 1 -153.962114613554888 -69.6289865309169755 -6.93854300484909725 -0.013468950150029739 0.0228611209799081429 0.999647916172508255 1.48781777640494273e-05 -153.153234375934943 -70.2673280059808434 -5.7846900434019517 0 0 0 1 -153.131629462011261 -69.7822117125796666 -5.70036601628922668 -0.0112002342081206872 0.0211905326081610994 0.999712405805319171 -0.000788517854329739195 -153.596442016020177 -69.6466062539539195 -5.89790283209627031 -0.0107336120334504872 0.0259247371782261107 0.999606269526246538 -5.91504551335168878e-05 
641 1357847820.17592311 0 1 1 -153.955367627426824 -68.5462493210673642 -6.92468933782801077 -0.00959512292042014048 0.0330384164860667573 0.999405208619294938 -0.00237184250294814004 -153.140752020029964 -69.1803127845940082 -5.76107646006439289 0 0 0 1 -153.126477603443902 -68.6995276785070246 -5.68294445248645808 -0.00733941755879513255 0.0313651686794292478 0.999475883875154736 -0.00321196133021659077 -153.589575860668333 -68.5638053264145242 -5.89072345873130576 -0.0068528832373726048 0.036094592573299604 0.999321850006734125 -0.00246139745286133799 
642 1357847820.98527098 0 1 1 -153.925696141320685 -67.4497894299753682 -6.921734928434085 -0.0111986745872025874 0.0332901580717745796 0.999200898964294759 0.0190766499153212643 -153.109792163592743 -68.0274147754452514 -5.73466738205668136 0 0 0 1 -153.098489165431545 -67.6030492134266581 -5.67648001391965273 -0.00890857874633416667 0.0316644804095474602 0.999292550811262892 0.0182317250482080112 -153.559843806033513 -67.4673502960557698 -5.89465205912009527 -0.00852270684512614063 0.0364044374346264785 0.999120499805404516 0.0189817615541670107 
643 1357847821.7851119 0 1 1 -153.861986309917398 -66.3784223722040565 -6.9111316222137793 -0.00863666398670611887 0.0302204554157188658 0.999324204334541166 0.0190595577279116524 -153.058545980987901 -66.9423383201986155 -5.69742331077339781 0 0 0 1 -153.03640501996378 -66.5316346985538161 -5.66260467683099744 -0.00634445471475197573 0.0285960382200236875 0.999405017161773324 0.0182106058209767808 -153.49603229179246 -66.395943341551046 -5.89096416083527519 -0.00596042662294588715 0.0333350118695980926 0.99924619422520522 0.0189814020707064386 
644 1357847822.5849731 0 1 1 -153.83817460431419 -65.2980725471055763 -6.9073508217293389 -0.0148183867768542712 0.0321245870443607126 0.999351342324688807 0.00673208098611342842 -153.017428041305891 -65.8723668670209861 -5.66495465198800829 0 0 0 1 -153.014279052811617 -65.4512767044971753 -5.6553383760654965 -0.0125486491633588822 0.0304664748117810559 0.999439702768479266 0.00588267343748366013 -153.47215429438495 -65.3155925345886033 -5.89393517028701286 -0.0121041917424300916 0.0352056823689576928 0.999284787469302827 0.00663038487789113437 
645 1357847823.38596654 0 1 1 -153.800130933797163 -64.1842911340327618 -6.88671783494847389 -0.0118377682710717712 0.0353209377677941583 0.999305600048087883 0.000785054198880044468 -152.995784353504405 -64.7968153239778815 -5.64126262603693895 0 0 0 1 -152.97791192493915 -64.3375192357486583 -5.63117281155205607 -0.00958116188382371163 0.0336511715784227824 0.999387709125512336 -8.26874599582014529e-05 -153.43394979761527 -64.2017087527051586 -5.8803372977253785 -0.00910540391131284092 0.0383855063272584701 0.999221284907490515 0.000684332839707136025 
646 1357847824.19529605 0 1 1 -153.819021446528296 -63.0981521320932544 -6.88316888750375 -0.0153941144549980605 0.0382635872170431143 0.99889564200097325 -0.0225036780303550371 -152.997631774944807 -63.703673455458528 -5.62312235416683404 0 0 0 1 -152.998526986238261 -63.2514384824805944 -5.62392184559198771 -0.0131801207110109585 0.0365378873428682666 0.998971847842056504 -0.0233776479909799523 -153.452772291397366 -63.1155670792178469 -5.88334224836065012 -0.0125913811369106239 0.041263290758132426 0.998812803174876307 -0.0226226030955971567 
647 1357847824.99593401 0 1 1 -153.858826177498429 -61.9858162247555242 -6.88194050354790843 -0.0212780023327575479 0.034281488278172699 0.998990623114481835 -0.019742368335642746 -153.018211823737232 -62.5594568817420864 -5.59140913140650309 0 0 0 1 -153.040122486518925 -62.1391880891493429 -5.61880769599078889 -0.0190564842382303402 0.0325566470240999384 0.99907578608674108 -0.0206031259324081749 -153.492519011447001 -62.00324140048982 -5.88871373614198124 -0.0184835542693336068 0.0372892721625624757 0.99893600217928491 -0.0198678623215216774 
648 1357847825.79487705 0 1 1 -153.894610847798958 -60.8941394576669524 -6.8734689131087281 -0.0128978763050023315 0.033160424123239586 0.999171041077617894 -0.0197803369702633652 -153.07801970212833 -61.4638054088871542 -5.59336403896256851 0 0 0 1 -153.077644923851409 -61.0476156471902129 -5.60653672033450867 -0.0106756543395915941 0.0314416036205358851 0.999235060207122161 -0.0206579384029399252 -153.52820589894776 -60.9115302386088686 -5.88673759774210215 -0.0101029283858676665 0.0361683922066942665 0.999096944469964998 -0.0198764633170097765 
649 1357847826.5961144 0 1 1 -153.88502307554802 -59.7896672857887026 -6.8702490823557838 -0.0198702347257377274 0.0382080090796282357 0.998108491383551177 0.0438721009545594426 -153.058720686859488 -60.37733093531169 -5.55392153283447776 0 0 0 1 -153.069852773382706 -59.943156453292012 -5.59968109419266291 -0.0175491578006679826 0.0366300878544364508 0.998249524824796119 0.0429901141116472291 -153.518547853562723 -59.8070598001416585 -5.89033967471547459 -0.017273021174028267 0.0413870366133229639 0.998035817112111756 0.0437408699187455535 
650 1357847827.3952291 0 1 1 -153.72441389161304 -58.7050011468270583 -6.8627994426218164 -0.0176370909273343736 0.0310652086930375271 0.997618808119561162 0.0589966059920846234 -152.965752903147916 -59.2916339037090836 -5.50837829592576167 0 0 0 1 -152.911001416818607 -58.8582661258449775 -5.58935028043487492 -0.0152865114962170302 0.029524046209440654 0.997755681363267199 0.058122745711309029 -153.357847213195413 -58.7223820369023031 -5.89041685858346398 -0.0150878329873115006 0.0342840963940059182 0.997561355302643782 0.0588922782455058927 
651 1357847828.19541502 0 1 1 -153.650501962544695 -57.6100207416369017 -6.85673291708884847 -0.0242324587034952327 0.0227843695312104737 0.999417027800912017 0.00769837592222780143 -152.849028933502268 -58.4299797136336565 -5.48100000000005139 0 0 0 1 -152.838880897608902 -57.7631990438733638 -5.57997132431049092 -0.0219566938908607109 0.0211171262908660326 0.999512414777501412 0.0068485966625710902 -153.283848204981552 -57.6273915666258247 -5.89146605322431771 -0.0215213245214503079 0.025868766403400998 0.999404780259619208 0.00759767792363734342 
652 1357847828.99496889 0 1 1 -153.643397984646441 -56.5176399907352192 -6.85819693423470333 -0.0232469197506034488 0.0264542314983463693 0.999023427160132038 -0.0266823226718655368 -152.839575317077447 -57.3587926521530562 -5.52802839826640913 0 0 0 1 -152.833608886800477 -56.6708172327055522 -5.57782558902065695 -0.0210328520597310373 0.0247095096891932799 0.999093729874169001 -0.0275459287604212961 -153.276695998209448 -56.5350410986278504 -5.89966411962316784 -0.0204313844482858324 0.029443328698595575 0.998998496646604783 -0.0267890392230959937 
653 1357847829.7950685 0 1 1 -153.723384367848837 -55.466120676327229 -6.85922089774721577 -0.0158015789069778714 0.0368171660851987215 0.998149274370350725 -0.0457474858264794934 -152.831423184757341 -56.0094802413820361 -5.44228553225169875 0 0 0 1 -152.915366031914999 -55.619444803321187 -5.57497782769437489 -0.0136305239121759184 0.0350362188090429377 0.998203595218225437 -0.0466503449382058982 -153.356631201939621 -55.4835407449703197 -5.90669529150024708 -0.0129296882601818534 0.0397510855571776081 0.998072963066379382 -0.0458588568808490638 
654 1357847830.59537792 0 1 1 -153.716970650000974 -54.3840513175830083 -6.8251792705352603 0.00518409483414332753 0.0421145191587472267 0.999090374785591595 0.00423266435764317606 -152.823440170843213 -54.9508553363209984 -5.38893530554226352 0 0 0 1 -152.910624471560681 -54.5374945303871641 -5.53735669809275244 0.00743552461001917731 0.0404635422225858229 0.999147971828405534 0.00327797433770223457 -153.349972571135453 -54.40128362072263 -5.87932193652397217 0.00790543183268031281 0.0451871934784831911 0.998938546795478888 0.00417150083469684709 
655 1357847831.40521002 0 1 1 -153.655124311307247 -53.3467200158422017 -6.77691813909177654 0.00588158880821382582 0.0510199698205701449 0.99772175694309051 0.043745460507257708 -152.818698493996635 -54.3844198249280453 -5.36900000000002819 0 0 0 1 -152.850319753543516 -53.5002355616627341 -5.48591764290218542 0.00818769644701246128 0.0494617200336945756 0.997826389018801385 0.0427667774785492755 -153.287805388053044 -53.3636817527714555 -5.83775858241311241 0.00847845401106383199 0.0541964163274765223 0.997539197988130621 0.0436624867825713206 
656 1357847832.20505595 0 1 1 -153.588261245865567 -52.3224422374182367 -6.71032983034885788 -0.00384513931799363232 0.0674294417483346786 0.997710997495279694 0.00335421616885189788 -152.79162035170279 -52.8289594022327478 -5.27589634122332019 0 0 0 1 -152.784900432327646 -52.4760790488705524 -5.41621741965637238 -0.00162085369511396206 0.0657703548345603822 0.997830699453853054 0.00235127320179566966 -153.220520599228792 -52.33902149096388 -5.77781609859622591 -0.00112376711238068821 0.0704956178416546175 0.997506330631484084 0.00319771210604666116 
657 1357847833.00519991 0 1 1 -153.611881089429545 -51.1674579128224494 -6.69520144070906831 -0.00397357969499318592 0.0500629050494339964 0.998445272622980773 -0.0241858177294194954 -152.72474039765541 -51.6902695905402467 -5.07022442193705647 0 0 0 1 -152.810427722977977 -51.3212017869850143 -5.39712668296854048 -0.00177909079813037396 0.0483394394840237426 0.998512639694621451 -0.0251523715856335171 -153.243989243139652 -51.1839640240723952 -5.76963794259989271 -0.00116647150977193439 0.0530561566888603509 0.99829528725059069 -0.0242940946504410955 
658 1357847833.70984459 0 1 1 -153.642352860182086 -50.0764864758516666 -6.69278835759425217 -0.00732804683771442339 0.0194847704209160782 0.999777170749833854 -0.00350032836265523617 -152.724667420610785 -51.6890270924195647 -5.07000000000005002 0 0 0 1 -152.842763933816229 -50.2303091587896802 -5.39093278036065104 -0.00507006290899508424 0.0178032461312341572 0.999818992984199073 -0.00439547009451140159 -153.274381314236649 -50.0929953431923494 -5.77374484966090673 -0.00458190322909675287 0.0225390803159400167 0.999729215048979492 -0.00353448707202112192 
659 1357847834.405231 0 1 1 -153.619252069676065 -49.0380611901485395 -6.71024171121453961 -0.00284489195394848488 0.00268728135717224634 0.999796578814490577 0.019786007670018993 -152.747588311469713 -49.6596687520681215 -5.15634546257451198 0 0 0 1 -152.821535878558876 -49.1917992133389674 -5.40502419281158186 -0.000533861006554034391 0.00106250442946027651 0.999820310307417359 0.018919121902003469 -153.25131185205953 -49.0546986274620878 -5.79768851451913925 -0.000170808499920123495 0.00580529715180914171 0.999786849523418342 0.0198122403951033928 
660 1357847835.20487142 0 1 1 -153.495128819108402 -47.9577138230815478 -6.71793028275925508 0.00142023544990299198 0.0173058454364519998 0.998762376615089487 0.04660692763071448 -152.709211090655344 -48.5617796632597205 -5.25625717807467741 0 0 0 1 -152.699320032070545 -48.111226387119558 -5.40967093848040648 0.00376063946783465218 0.0157473317773578064 0.998824087126868099 0.0456981630688322801 -153.127163451137733 -47.9744310798826987 -5.81267725654354539 0.00400988078863515236 0.0204937411596189147 0.998695010167871766 0.0466069103796658557 
661 1357847836.00593162 0 1 1 -153.42520524998605 -46.9554511104674503 -6.72432960991377993 0.00889405869197949783 0.0328113429961980479 0.999416661121162786 0.00326327507216432611 -152.610486077709083 -47.4903861564776051 -5.24800071509212707 0 0 0 1 -152.63116797442342 -47.1088347581234004 -5.41304144401216725 0.0111498054250602115 0.0311590862824194653 0.999449590046295189 0.00230437352019600104 -153.057210341305449 -46.9722336899969903 -5.82560173408146209 0.0116189378362386974 0.0358822272254927799 0.999283210804788657 0.00324509731260399495 
662 1357847836.80506706 0 1 1 -153.420696002359364 -45.8977149199706673 -6.73077293657498821 0.00407667774403321775 0.039636033282007585 0.999101445087997142 -0.0144453448319870753 -152.610477527137846 -47.490293363109231 -5.24800000000004729 0 0 0 1 -152.628530112782101 -46.0510860634925123 -5.41597192224241297 0.00629587739951663165 0.0379394948774460852 0.999141328518209137 -0.0154130562537929863 -153.052665207031851 -45.9145575781114914 -5.83855239185166486 0.00685532318235186969 0.0426576664936127309 0.998961059724366662 -0.0144958334619207964 
663 1357847837.60486388 0 1 1 -153.460945087573663 -44.7926023195138043 -6.72454291653127534 0.00976355432129794899 0.0384784886593415448 0.998723581100599 -0.0312295928744381751 -152.593890338674441 -45.3401753678305823 -5.16863423475140493 0 0 0 1 -152.670678681438886 -44.9460770975650021 -5.4058665789263971 0.0119545157297578815 0.0367490748902234432 0.998733911360722648 -0.0322051136699130214 -153.092802982721366 -44.8094232878819057 -5.83887568379568389 0.0125925186465204071 0.0414527977548418206 0.998571985132855833 -0.0312583515282059063 
664 1357847838.40520906 0 1 1 -153.49035424336688 -43.6635891784385279 -6.72035275469590676 0.00177404418603460332 0.0301330007378570255 0.999539557075079244 0.00308688773896867441 -152.615075518942149 -44.2488936850088379 -5.14377137584151267 0 0 0 1 -152.702042470176309 -43.8171445303815474 -5.39777011474574397 0.00403112102114661867 0.0284733148961834916 0.999584130152918471 0.00214176295818989653 -153.122108142531488 -43.6804022920607053 -5.84144455083135128 0.00449977231456063533 0.0332041040923836614 0.999433786029472526 0.00305726402752052717 
665 1357847839.21507597 0 1 1 -153.379860783294617 -42.5676279670901891 -6.70598452414697821 0.0119105716048013045 0.0257734613084577013 0.998086456950013523 0.0549298773819609509 -152.613806691943466 -43.1692352206484884 -5.20141910121400919 0 0 0 1 -152.593405147883203 -42.7210524684119193 -5.38024312270022609 0.0142543258562924553 0.0242430460366264144 0.998146015480117277 0.0539779648969305886 -153.011457318990352 -42.5843855285140478 -5.83439835384589323 0.0144731732308110306 0.0289814438397524993 0.997963817989497959 0.0549437999543046646 
666 1357847840.01532197 0 1 1 -153.262479618075758 -41.5066245467178874 -6.71429711447595245 0.00945447210518583075 0.0350459578706813907 0.997634385632601095 0.0583783041685976833 -152.451292047917377 -42.0655737183988094 -5.11500000000000909 0 0 0 1 -152.47792527401657 -41.6598295213579064 -5.38554422460390914 0.0117945497169634327 0.0335217713934277475 0.997718080964356324 0.0574091487171090598 -152.894043461576729 -41.5234660558882993 -5.84985562085684041 0.0120057579456450819 0.0382620131612647976 0.997489822715549534 0.0583603778594651845 
667 1357847840.81531453 0 1 1 -153.109543266047694 -40.4555201136347549 -6.69507747529887887 0.0113610768522226582 0.034168989844344487 0.999021449484148616 0.0256816965242906529 -152.32581948125474 -40.9831452897910111 -5.14747583707393108 0 0 0 1 -152.326750058396016 -40.6085344754129736 -5.36350804689428706 0.0136502071206241263 0.0325694789026972145 0.999070727598623143 0.0247099604436888699 -152.740922980886666 -40.4722811391154522 -5.83791538287039646 0.0140163115842310438 0.0372997676155367511 0.998875939788265832 0.0256734738107172594 
668 1357847841.61503601 0 1 1 -153.139433801639484 -39.3573808117582473 -6.69011103788663242 0.00487515520625351334 0.0388811435572865918 0.998931749760783916 -0.0244918120450771243 -152.291995385960888 -39.903770511449693 -5.11220096234532306 0 0 0 1 -152.358548014311822 -39.5104782757083868 -5.35473448374017291 0.00707593106464175347 0.0371616151054026678 0.99895974498647877 -0.025463178491222746 -152.770698581549937 -39.3741285508805277 -5.83951614285571807 0.00768421476014039505 0.0418747046290869479 0.998792110777588338 -0.0245312332383934677 
669 1357847842.42568898 0 1 1 -153.113945925781735 -38.2144656646820948 -6.68738193857664687 -0.000434894807575154224 0.0338952459142019824 0.999069437481707512 0.0266680006919709084 -152.267693482214526 -38.7920927797458575 -5.08440592835046345 0 0 0 1 -152.335057617990003 -38.3675418932194248 -5.34830040307461552 0.0018557308233513412 0.0322872573364471546 0.999146003796135607 0.0257167722510808182 -152.745102572082175 -38.2312209694457863 -5.84393150135557526 0.00221757381276328552 0.0370294634759724128 0.998956916045677934 0.0266266987359500169 
670 1357847843.22525597 0 1 1 -153.009333796025231 -37.1131645897359164 -6.69129066628884051 0.0111826720762225745 0.0211147610606344099 0.99899224418789323 0.0379948781156731474 -152.213934250074715 -37.6836695845578546 -5.08378017667744508 0 0 0 1 -152.232402248194774 -37.2660579250904931 -5.3490030300750453 0.0135029062925967318 0.0195427745306787221 0.999030910731773858 0.0370538916679327909 -152.640420774691506 -37.129977084347793 -5.85516218032161806 0.0137994493183397383 0.0242791955590185883 0.998886468803196093 0.0380252324568719283 
671 1357847844.02581 0 1 1 -152.94115540424346 -36.0156885296824498 -6.69737498687687882 -0.000260633940767626639 0.028390018921758655 0.999443191582831569 0.0175284253227316576 -152.124673024867661 -36.5843830909579992 -5.07900000000000773 0 0 0 1 -152.166183068462175 -36.1684558546028541 -5.35172764601565376 0.0020198752314879425 0.0267604856710598436 0.999502152573499947 0.0165904644792853433 -152.572181749604567 -36.0325675946998629 -5.86834565086242765 0.00242059950009276435 0.0315004175032599851 0.999347502499320028 0.0175052461722787871 
672 1357847844.82502604 0 1 1 -152.935487179730984 -34.9096608618515987 -6.68308088851463555 0.00102905492170240315 0.0201856652934516156 0.998290133891263309 -0.0548478672146186161 -152.111131122716074 -35.4871494163064227 -5.08888295278482072 0 0 0 1 -152.162394510049609 -35.0624803702444083 -5.33376059405000369 0.00319297304242399443 0.0183942937156208047 0.998269256390021731 -0.0557668954521148841 -152.56633697328823 -34.9264743678349703 -5.86086190065981327 0.00392846451473870609 0.0230945837858693229 0.99822015085453919 -0.054842846336191374 
673 1357847845.62493205 0 1 1 -153.133424528394073 -33.9182834208499031 -6.68494330890668031 -0.00763534740236414874 0.0402487672258941623 0.992842375456800874 -0.112186254524063833 -152.230736830697083 -34.4457739087773334 -5.03214631956109137 0 0 0 1 -152.362081630494771 -34.0714574797633389 -5.33140619008241146 -0.00559731883952550684 0.0383282169847301915 0.992824851052709123 -0.113130159271283684 -152.764191260123283 -33.9351020718633691 -5.86771783184546614 -0.0045738876310659881 0.0429845100631879723 0.992738048258463013 -0.112261208734557194 
674 1357847846.42670941 0 1 1 -153.311244708727713 -32.8805152407512793 -6.68564896714733159 -0.00772598116450255723 0.0395526920899624199 0.997455501858611759 -0.0588082951246468102 -152.404070580641928 -33.3824022101497917 -5.00355015234847045 0 0 0 1 -152.541725577735491 -33.0340120460206776 -5.32783143571082363 -0.00558791274003312809 0.037745824909771665 0.997483631641410184 -0.0597530964934404399 -152.941915527548048 -32.8973345253374276 -5.87381141710898369 -0.00481548401586451985 0.0424485723785816629 0.997350498304422461 -0.0588805005806979018 
675 1357847847.126719 0 1 1 -153.381551717200722 -31.8817487495636271 -6.68368773776926961 -0.00684734118690724647 0.0353806995830395141 0.999229069478400733 -0.0155751958258731338 -152.540885827111651 -32.4440182755133577 -5.00763051678932491 0 0 0 1 -152.61377564465451 -32.0353881503239677 -5.32220945312581328 -0.00462960855390219441 0.0336700052413894252 0.999285873496245647 -0.0165118291696593686 -153.012114978564341 -31.8985651905968659 -5.87758719945165709 -0.00406470436088022559 0.0384002402510054061 0.999131889762874148 -0.0156322290794275211 
676 1357847847.92507195 0 1 1 -153.31596889859847 -30.76855826383213 -6.67489389771060004 -0.00822277340572539171 0.0270048773303416811 0.998420472756772037 0.048576559965022581 -152.514456687130689 -31.2845853273650292 -4.93359062060729681 0 0 0 1 -152.550101722718949 -30.9221258342804894 -5.30999040957955692 -0.00589265262702425019 0.0254403286255814355 0.998522018157721791 0.0476638812799609762 -152.946375065903851 -30.7853503576025069 -5.87597513318748277 -0.00563941210043346006 0.030197545074686645 0.998348772291685393 0.0485389963463225549 
677 1357847848.7259779 0 1 1 -153.212467132916629 -29.6501337197198538 -6.66886381686229157 0.00396508855955262762 0.0242556107948165671 0.99937698194712421 0.0253296540036120968 -152.433587316606406 -30.2156634008255196 -5.03447165037618216 0 0 0 1 -152.448527019155392 -29.8035544902199447 -5.30068984158528078 0.00626067036231091334 0.022647046211878949 0.999426001084682714 0.0244045827739698545 -152.842728286996277 -29.6669239657620665 -5.87736619782751024 0.00662204403595458794 0.0273868932366294719 0.999281772836197124 0.025338608663036416 
678 1357847849.52671909 0 1 1 -153.124347070306158 -28.589259367359265 -6.66010489556571184 -0.00273662623827317097 0.034795479109741255 0.998626776001852234 0.0390685008990865196 -152.323542241116513 -29.1265100477908341 -4.99380502884630406 0 0 0 1 -152.362217391066451 -28.7425686282533093 -5.28878279291081377 -0.000429046349560670433 0.033213545946653697 0.998720422295901966 0.0381339005869425762 -152.754451104903296 -28.6060279637604538 -5.87559166035439429 -0.000123068813033488727 0.0379623720655959326 0.998516676512630985 0.0390293464894104006 
679 1357847850.33694792 0 1 1 -152.993326629450962 -27.5388543910028751 -6.65078886037952888 0.0115037990826360043 0.0409382863871125685 0.996218865557004896 0.0757607498818981262 -152.195598412638276 -28.0512626224524553 -4.9494380884738689 0 0 0 1 -152.232982574976006 -27.6919795801820214 -5.27654863767132909 0.0138617085430028097 0.0394560074815046083 0.996321761076103263 0.0747932143720325404 -152.623269398562513 -27.5556039861551092 -5.87343048825983693 0.0139986504945501956 0.0441971499760818662 0.996048531396591885 0.0757494080571964323 
680 1357847851.13505912 0 1 1 -152.767345936525061 -26.4593359568961759 -6.65474229722153421 0.00587776566997108216 0.0291894612412899913 0.994456576881622145 0.100844156598480061 -152.037911334232859 -26.9684689002519278 -5.02190244522198626 0 0 0 1 -152.008893881581884 -26.6120697632753931 -5.27791803557438222 0.00828351409823441763 0.0277623425122122645 0.994573859390597947 0.0999173355795180962 -152.39719521733781 -26.4761628329949303 -5.8852361177860617 0.00829022510231982104 0.0325119798114826344 0.994335835613654573 0.100848844073624044 
681 1357847851.83505106 0 1 1 -152.555148360747694 -25.4175295212852284 -6.63495541267463373 0.0155997840394612799 0.0223177234044600603 0.99668610532738322 0.0766509843856994361 -151.788436422398632 -25.9564487758816895 -4.93576584963685505 0 0 0 1 -151.798409370645942 -25.5699765052928747 -5.2556107113783197 0.0179758491632745071 0.0208400953930024009 0.996748843210131796 0.0757251796309130337 -152.184775370517741 -25.4342863446716194 -5.87299569592167181 0.0180919449167152753 0.0255802848465563164 0.996561339830202453 0.0767061047905019111 
682 1357847852.635216 0 1 1 -152.417771945985123 -24.3981750401313882 -6.61804400011391003 0.0121380812972833423 0.0396515438817130056 0.999045855391973103 0.0137040459112701685 -151.636757633419933 -24.8968428128152333 -4.92712193647080454 0 0 0 1 -151.662713780690609 -24.5504556432436196 -5.23591352218586437 0.0143995091532186734 0.0380237161683864636 0.999091775642506064 0.0127465677104380871 -152.047190904647493 -24.4148684817382815 -5.86308383445144976 0.0148308591260893421 0.042749267855385048 0.998881756383021568 0.0137033747880043379 
683 1357847853.43484044 0 1 1 -152.400113284788574 -23.3398234924751016 -6.5847787057342968 0.0145254964321846411 0.0518847229687270234 0.998468084248416599 -0.0125884952696551922 -151.582382459428146 -23.8450053800810267 -4.93727707435586627 0 0 0 1 -151.646719397649122 -23.4921981627769902 -5.19918787151254058 0.016731278187087955 0.0501999864627936804 0.998506782369004808 -0.0135731813683635551 -152.029225153052607 -23.3563358825867944 -5.83640292750643752 0.017298173319074784 0.0549084781252257431 0.998261854489468137 -0.0126135681328846151 
684 1357847854.23501992 0 1 1 -152.410023029706451 -22.2996397021457327 -6.5591697426016502 0.0180630135428600513 0.0462541589549708698 0.998727956543306927 -0.00876065864815189776 -151.581745362936033 -22.7836491432655919 -4.91120843022585074 0 0 0 1 -151.658289717470325 -22.4521295682399646 -5.17005389405860694 0.020280486565606385 0.0445806468866442457 0.998752476195354455 -0.00973442764001270118 -152.038868305716932 -22.3160132131256645 -5.81711597886991516 0.0208242902436771189 0.0492889393654080271 0.998529042187553784 -0.00875792784206504138 
685 1357847854.93513203 0 1 1 -152.386903335036692 -21.2923583585096345 -6.53833350265068702 0.0209243124272481852 0.0418220252007465709 0.998860873896359247 -0.00948925479459242216 -151.558939805060987 -21.7812965406621082 -4.8020960484593429 0 0 0 1 -151.636789750364358 -21.4448911745127404 -5.14595279744355327 0.0231445452802887149 0.0401489929358846143 0.998870920644816196 -0.0104533382314157923 -152.015509705627295 -21.3086268880062804 -5.8025805689802592 0.0236878835290201227 0.044855010742512004 0.998667784841513195 -0.0094640216055214034 
686 1357847855.63512754 0 1 1 -152.403976452050927 -20.2894853609845001 -6.51433023781056342 0.00476341275002171299 0.0290148066119534261 0.999567629580611849 -6.92158989344521247e-05 -151.543338549344895 -20.8080813245137364 -4.71258042189159276 0 0 0 1 -151.655452132064511 -20.4421396469575427 -5.11851682985723588 0.00701167933199136825 0.0273485916721379237 0.999600892401091956 -0.000973035167257033985 -152.03232345122467 -20.3056228845899511 -5.78463141861209085 0.00749925108323998453 0.0320770361313452712 0.999457263594102252 -5.68788909296033329e-05 
687 1357847856.43520999 0 1 1 -152.41201604878168 -19.2131948512359614 -6.48820358342062953 0.0181677003322685097 0.0372535334201618343 0.998928578250189436 -0.0205865117833276857 -151.535110391094349 -20.2683276254683733 -4.66400000000004411 0 0 0 1 -151.665184859485834 -19.3659637670789913 -5.08875303942862356 0.020373327079689859 0.0355528067284727606 0.998928209517936039 -0.021525745207136647 -152.040079164127263 -19.2291911585102255 -5.76505833886499897 0.0209652324052045647 0.0402565625508156111 0.998757932544870441 -0.0205538410153513797 
688 1357847857.23536158 0 1 1 -152.435284675290063 -18.1618827791561408 -6.4429544023624068 0.00329981445547444839 0.0481113895048586038 0.998789847083149662 -0.00965643765007845496 -151.583243663680179 -18.6443156564769552 -4.64722210516919088 0 0 0 1 -151.690008348961555 -18.3148526059131527 -5.03988150953160119 0.00551456078396207923 0.0464234743883877379 0.998850489437135058 -0.0105901084161818121 -152.062959043866442 -18.1776175342969921 -5.72612700503504168 0.00606452176603376313 0.0511449550025601662 0.998625743116804854 -0.00969743976237081098 
689 1357847858.03672504 0 1 1 -152.413279231971359 -17.1145797508874615 -6.41634522383440231 0.0138853357469930494 0.0521420525779240085 0.998542292069497517 -0.00130182669686200437 -151.582354357058648 -17.5906663117930293 -4.55500000000000593 0 0 0 1 -151.669626147688319 -17.2676143034609701 -5.00986893656888643 0.0161102331534335001 0.0504822036807095198 0.998592467131068973 -0.00225656561317055717 -152.040664574077397 -17.1301749681352824 -5.70605806759820577 0.016624074967869322 0.0551967940543671015 0.998336222021255382 -0.00131979464653126906 
690 1357847858.73675609 0 1 1 -152.417764709655586 -16.105955889891316 -6.38766213661117455 0.00617053089320102402 0.0418374381612518498 0.99907128686211355 -0.00825330747519308072 -151.583425992372838 -16.5884172842545787 -4.52446673673837374 0 0 0 1 -151.675651365795744 -16.2591060033189549 -4.97779163814226777 0.00839351241557117003 0.0401547230787931628 0.999116172752119169 -0.00916627017673710652 -152.044851421515887 -16.1213935932625176 -5.68353335791763925 0.0089312963663153392 0.0448754993291040558 0.998918471594501867 -0.00826490244861659631 
691 1357847859.54525208 0 1 1 -152.409103086648884 -14.9849291284857991 -6.3387850437118729 0.0101457727487389536 0.0346430799644873305 0.999316434862172587 -0.00797391498966583401 -151.601989594957018 -15.4895026541902716 -4.53243255416915058 0 0 0 1 -151.668608938522596 -15.1382411895349005 -4.92520462874226439 0.0123756359093973693 0.0329638784412087035 0.999340547172239857 -0.00887114036860697786 -152.035760862720991 -15.0000899945573671 -5.64157615357552089 0.0129057660410485872 0.037682363277280459 0.999174783823217116 -0.0079518596919278383 
692 1357847860.35491991 0 1 1 -152.435076677024654 -13.9284233589213002 -6.32071478905150741 0.0103853959426728638 0.0360188972288447776 0.999198114885777589 -0.0140680418765489444 -151.609536494409156 -14.4023459335744679 -4.50025158900743794 0 0 0 1 -151.696224298789275 -14.0818495528615166 -4.90348265144070972 0.0126037783587191008 0.0343262805503212892 0.999219186857980612 -0.0149622140587945696 -152.061479268618911 -13.9434884088232618 -5.62983989441280563 0.0131639086742422456 0.0390411007303353291 0.999052141154668449 -0.0140471782380870557 
693 1357847861.0552845 0 1 1 -152.406688000266826 -12.9285467110297674 -6.29808808801073994 0.0136848471470130267 0.0417653031143298062 0.998947750435847937 0.0131063463058979091 -151.590489314242859 -13.4716196914792619 -4.39560539681076801 0 0 0 1 -151.669354437200553 -13.0820134969957902 -4.87764084802870457 0.0159435839219804164 0.0401374893672527544 0.998992459856465342 0.0122003782295948132 -152.032816423240519 -12.9434969707196288 -5.61349754483201302 0.016379943133688693 0.0448606846282286267 0.998772746353424501 0.0131231695585313293 
694 1357847861.85498309 0 1 1 -152.359398548053179 -11.8639142099882271 -6.27326528075817258 0.00615839683926058812 0.037989888592548697 0.999034445218188627 0.0211900868493343497 -151.565562661669986 -12.3480585306624899 -4.44976219823003039 0 0 0 1 -151.623664716396746 -12.0173994612205508 -4.84947252375573967 0.0084339622724331053 0.0363744678039016542 0.999096182759755758 0.020312163037327656 -151.985227429248226 -11.8787412236493903 -5.59545942149366748 0.00882874462911743818 0.0411083312727607633 0.998890829784797263 0.0211959557482558937 
695 1357847862.65512395 0 1 1 -152.25522814335983 -10.7795582542954733 -6.23034728076122946 0.00849707443566369985 0.0407329121214248246 0.998760333160982117 0.0273208070947290049 -151.482887404874589 -11.271756801388678 -4.36065950948697179 0 0 0 1 -151.5210293350776 -10.9330345874941433 -4.80340195109938062 0.0107802702165232245 0.0391337793177525817 0.998825934440152885 0.0264402303341624012 -151.880652301248233 -10.7941631950462362 -5.55975865750798537 0.0111481842490693227 0.0438670240371277637 0.998601309267019732 0.0273281415443682035 
696 1357847863.45500207 0 1 1 -152.257153118604663 -9.70625866502160051 -6.18584212905340713 0.0097107605507972504 0.0447607770094627794 0.998740365263796281 -0.020490406627809557 -151.453150811222599 -10.193989124811349 -4.31749169547403078 0 0 0 1 -151.524448864155744 -9.85989990514958059 -4.75529965006713873 0.0119111863061451481 0.043054066851505611 0.998773051177236137 -0.0213743587141312814 -151.882160149393144 -9.72061100901876252 -5.52182285577619592 0.0125087671696027108 0.0477639203442911664 0.998570166750635257 -0.0204880631795567904 
697 1357847864.255656 0 1 1 -152.314119182296054 -8.61866464876963079 -6.15046777437562042 -0.0039693220065640418 0.0479706408305610177 0.997526670909508639 -0.0512211179622869966 -151.499029608032799 -9.11560418228354408 -4.32049333269128866 0 0 0 1 -151.582957117757189 -8.77252572927944385 -4.71603060263423401 -0.00182508102388534692 0.0461858477137617948 0.997572628415175022 -0.0520805874300275945 -151.938751766513491 -8.63280936308381541 -5.49280417509508556 -0.00107995976710857167 0.0508873097420285345 0.997387070910491058 -0.051267398751170333 
698 1357847865.05674696 0 1 1 -152.40398261589749 -7.50415359607271171 -6.09174083961227542 0.0143056718490009727 0.0485577311814269011 0.998141944925200253 -0.0339138950343289072 -151.589963015830875 -8.00968654997124574 -4.26014618420104174 0 0 0 1 -151.674280760896295 -7.65836179752273605 -4.65317039329206938 0.0164800040107502439 0.0468251807626585623 0.998160780091421174 -0.0347975430402156505 -152.028103676995045 -7.51794090609610333 -5.44041879556246588 0.0171436748140754158 0.0515218067454214432 0.997948958229083916 -0.0339039026226046064 
699 1357847865.8553431 0 1 1 -152.463182231410229 -6.45299057554522193 -6.0266225774316986 0.00498079534906896784 0.0518097094054007778 0.998322693799561622 -0.0253524108085525016 -151.652346060185721 -6.87571457398895713 -4.19776281934286111 0 0 0 1 -151.734799360124555 -6.60751761265396009 -4.58427036849674341 0.00716780544969384831 0.0500894535693447995 0.998374779569249138 -0.0262196248297531971 -152.08676428826368 -6.46638605879670081 -5.38142172651974082 0.00779355658586466937 0.0547986321693883643 0.998144443226706701 -0.0253779598028453512 
700 1357847866.65492702 0 1 1 -152.421264747353518 -5.3503781534418664 -5.96257767821011342 -0.00528706187630132145 0.0546689272250733202 0.99835117497838699 0.0166819301056540768 -151.662654325256653 -5.80682290318496719 -4.11565685827889194 0 0 0 1 -151.694267172980261 -5.50506731207551336 -4.5167313564614755 -0.00303147994125833008 0.0530367393001391352 0.998462418597248935 0.0158339212675456704 -152.044301824969125 -5.36341078410445871 -5.32436627429359444 -0.00260254621252674475 0.0577738983662718295 0.998187968299942163 0.0166187653575426454 
701 1357847867.45527411 0 1 1 -152.438486488480493 -4.25852167285601269 -5.89448397742342678 0.00209931056117705628 0.0559592298945310387 0.998346572564099421 -0.0129722216406495672 -151.661983226392522 -4.73295299344390674 -4.02898885539748353 0 0 0 1 -151.71282090672824 -4.4134746994384475 -4.44491146386783331 0.00430490367256475097 0.0542653221844631162 0.99842154182142695 -0.0138263313829511021 -152.060953199100993 -4.27115358383735799 -5.26287284519019938 0.00487486808799358993 0.0589823219640404281 0.998162290118060791 -0.0130139902844343715 
702 1357847868.25515389 0 1 1 -152.423088695948337 -3.1631007453146438 -5.81834853629946647 0.000899038672284874912 0.0595441654059739311 0.998177882911458259 0.00972615864414944076 -151.647493943188408 -3.65111693720444563 -3.9488869477818267 0 0 0 1 -151.698705233311983 -3.31829495374712646 -4.36518667344066458 0.00314008187237988347 0.0579014610000390048 0.998277912376867249 0.008875266777935523 -152.044936471401428 -3.1752896921603031 -5.19353817397350337 0.00360509189291190711 0.0626289010842584065 0.99798349762038574 0.00967277306688451612 
703 1357847869.05526495 0 1 1 -152.314631047735105 -2.04261377138853106 -5.74824107891962921 0.0118966849413549396 0.0432944990022154502 0.997932865014118708 0.045978823041333286 -151.593365072966151 -2.55989311100538908 -3.88294841671005564 0 0 0 1 -151.591574836409904 -2.19789464933072143 -4.29182916945045001 0.0142096533437797851 0.0417426401102140507 0.998006292305734233 0.0451561542498924648 -151.93588494246427 -2.0544184751482919 -5.13089380336336376 0.0144892426646002284 0.0464765495572641019 0.99775422851537876 0.0460053439063217301 
704 1357847869.86497498 0 1 1 -152.199225531495188 -0.974094060216408764 -5.66983374149163222 0.00361346034855350049 0.0510108472005256219 0.998151355723258193 0.0328436818888495075 -151.471605864471087 -1.40449621048902862 -3.79182148394847829 0 0 0 1 -151.47736411628 -1.12948181261732761 -4.21037763003350562 0.00590014380992012494 0.0494231496998404282 0.998246866396591992 0.0320270870694479085 -151.819845835862424 -0.985465007732806542 -5.05966931594615676 0.00624789179869421254 0.0541584777016235752 0.997973084851810022 0.0328259813634990544 
705 1357847870.66487098 0 1 1 -152.154785803577511 0.135078360429410793 -5.61539060840707993 0.0112300140275630005 0.0589163057025821751 0.998183320513836181 0.00572838155788708836 -151.421153054025808 -0.330440172725232628 -3.72831492329371095 0 0 0 1 -151.434264215781639 -0.0204408051687863558 -4.15243253498269116 0.0134666704872740666 0.0572724037347458609 0.998255775970989023 0.00489145141957083099 -151.77488989507188 0.124009509580117208 -5.01226933923599827 0.0139485715420625649 0.0619889474499117077 0.997962999722248223 0.00571479932805864406 
706 1357847871.46520495 0 1 1 -152.187519482034247 1.21157803751859205 -5.54036871577722501 0.000408770186604824615 0.0570713880686289921 0.997781731282690099 -0.0342681526985671794 -151.42674769390959 0.74237861449480691 -3.66188499364211673 0 0 0 1 -151.468177405715693 1.05574906203222341 -4.07366828299390882 0.00257981598597019097 0.055330183925602669 0.997848621373613631 -0.0350719848171765422 -151.806995859186031 1.20095599624705374 -4.94366904447439115 0.00324880597671223887 0.0600346677977434268 0.997601266539363873 -0.0343073887260096355 
707 1357847872.27495193 0 1 1 -152.278295873973548 2.32976592799953153 -5.45808929562591505 -0.0105183246529077859 0.058041741942031079 0.997079749094487711 -0.0485025255476914732 -151.483888808913292 1.8282677645750598 -3.58638643885332886 0 0 0 1 -151.56013364783098 2.17352418281944448 -3.98724458101511159 -0.00837246050386272062 0.0562624249804499557 0.997163991749962952 -0.0492789508584588198 -151.897090359048946 2.31964882186868904 -4.86774959739932012 -0.00763624425892274125 0.0609652218826444228 0.996927949948516301 -0.0485756328406202476 
708 1357847873.0753479 0 1 1 -152.366440826337168 3.37970342914469768 -5.3782816700930276 -0.00929078771510705344 0.0619610927530720099 0.995620492750828978 -0.0693854355255818095 -151.584231555178519 2.89571469938855897 -3.50728578523766554 0 0 0 1 -151.649354215730625 3.2230610296264941 -3.90353313188944018 -0.00718482051093701033 0.0601379899814682151 0.995695372933970813 -0.0701607071878207478 -151.98457657888838 3.37007669564864676 -4.79389794244406531 -0.00634810232245765476 0.064822835718907873 0.995455954381297525 -0.0694632597355134412 
709 1357847873.87494898 0 1 1 -152.597526729090276 4.45558597341493368 -5.30913453569917504 -0.0272951218544480283 0.0403636854105824672 0.988581748415498951 -0.142589887168696611 -151.796404431590929 3.98942710321460892 -3.4064608194873367 0 0 0 1 -151.881573140004264 4.29838695617352418 -3.82974703909227854 -0.0253123100333361925 0.0383749609601016783 0.988615389354225105 -0.143269889593316019 -152.21504933533248 4.44641979911196472 -4.73008381208390016 -0.0241496964206012812 0.043006080328770159 0.988541794893099013 -0.142661799256417809 
710 1357847874.67505693 0 1 1 -152.930488743203142 5.45577402953272639 -5.2503642012828351 -0.0122536195370819643 0.0510511098479384806 0.979433555588297922 -0.194816691223311356 -152.094366590240611 4.99884241729191547 -3.33626060733848195 0 0 0 1 -152.215589474161931 5.29792387977181445 -3.76612819828409062 -0.0103847216175218492 0.0489690365685929302 0.979419623884246304 -0.195528492463150266 -152.54746499048241 5.44703326706153668 -4.67562510399808851 -0.00897185784975305586 0.0535207484089648064 0.979326634016919328 -0.194870159751459604 
711 1357847875.26526308 0 1 1 -153.250119849422589 6.18212146291347153 -5.20031427507768385 -0.00596238699426103122 0.015037029465376682 0.962111546430127973 -0.272175880474401888 -152.372380389080774 5.69168481361280421 -3.29474395506169593 0 0 0 1 -152.535942379351212 6.02367429452642078 -3.71220413463967613 -0.00423863044882165536 0.0128125266962926913 0.961977873603059863 -0.272793775350007983 -152.866655424402126 6.17375558325641283 -4.62828097935215155 -0.00249543149898397978 0.0172415725984766885 0.962108189260446833 -0.272110883931440117 
712 1357847876.17554545 0 1 1 -153.89929584826038 7.05754645167871786 -5.20361379867157225 -0.0209587462067757357 0.0540346066630672944 0.940367786168992859 -0.335185648523075919 -152.946603129913683 6.68196367200285835 -3.25013479859285059 0 0 0 1 -153.186246532108044 6.89826913935134556 -3.70963518842448536 -0.0194124776661534389 0.0516942678182583729 0.940298397175347689 -0.335841901279556543 -153.515639181240743 7.0493148688612024 -4.63339617988770414 -0.0173529524472021308 0.0560018321970027419 0.940294912005057437 -0.335273244219316202 
713 1357847876.77533102 0 1 1 -154.41670357105022 7.66598660488222095 -5.19767854019949471 -0.000359510332833473027 0.00382466047680225579 0.912021347154976736 -0.410124743289379423 -153.425147105423378 7.2682983411423141 -3.25075965791350185 0 0 0 1 -153.70438947690775 7.50602802657417545 -3.69932080603750002 0.00102821693620314906 0.00137419542094795568 0.911781280287320195 -0.410672559680449745 -154.032864663237348 7.65791810911805371 -4.62836104681980487 0.00339176116167777628 0.00549784841583741014 0.912056886100625519 -0.410012812160119311 
714 1357847877.37497592 0 1 1 -155.016891599564161 8.11655585002035451 -5.18877948822247959 -0.0106767979012782864 0.0172637050807715881 0.871985492408576257 -0.489110694528786971 -153.945976766241387 7.73200044658728114 -3.2338571865062371 0 0 0 1 -154.305093331766216 7.95581568098742142 -3.6861931239130703 -0.00951896761482268899 0.0146945799489402781 0.871750545850550784 -0.489637053729534533 -154.632888300151166 8.10869617605042592 -4.61894191712363256 -0.00679106379305949304 0.0185994720663498134 0.872019940861302856 -0.489069692203127238 
715 1357847878.17494988 0 1 1 -155.796584265751648 8.50256987416901922 -5.16410116142547349 -0.0324414550256688569 0.0313246448008688144 0.818568883873099562 -0.572635399690470503 -154.737687746002081 8.23873517748461737 -3.19130723720546872 0 0 0 1 -155.085140977506228 8.34079324403804634 -3.65668620277689316 -0.0315513987916483038 0.028642502783932499 0.81836559621937377 -0.573115928231864635 -155.412341333111186 8.49506940421707668 -4.59236676831336244 -0.0284436975563551533 0.0322711771867021865 0.818632744697576298 -0.572704074109151029 
716 1357847879.07485056 0 1 1 -156.762337385542168 8.7693671426438371 -5.10274961312570241 -0.0594895962916630744 0.0579676931222876252 0.782018857627987951 -0.617695103429962478 -155.703103769413133 8.56729989284689175 -3.12697767468702503 0 0 0 1 -156.050932873360949 8.60623368011660439 -3.59005849654573961 -0.0587715391143125224 0.0552294132324689033 0.781903673068334637 -0.618160387073111495 -156.377679516894915 8.76250936458781382 -4.52737146454752981 -0.0554497024968583913 0.0586825905027332506 0.782082948748789919 -0.61792228098790547 
717 1357847879.88607192 0 1 1 -157.781107382849171 9.00082085157870893 -5.03175672130081786 -0.0549215304788470207 0.0558232644371704778 0.766585390040854575 -0.637349377040057896 -156.762227405387137 8.80572597163481419 -3.04246343854281864 0 0 0 1 -157.069650041048362 8.83626277566995633 -3.5136663343459924 -0.0542689885626491189 0.0530694440461074515 0.766453497884508117 -0.637798986021165248 -157.395988709443969 8.99468553200366117 -4.45222857584699927 -0.0508638028499239017 0.0564366214545471978 0.766647922785387625 -0.637556855352752416 
718 1357847880.58537292 0 1 1 -158.805790086274982 9.21552404131887215 -5.02271810684282372 -0.0237083127529188337 0.0315659653502538759 0.744474319007915275 -0.666482928570280131 -157.72380265594694 8.97169785432380706 -3.0328104037804926 0 0 0 1 -158.094534231520186 9.0497671466211056 -3.49925622812291071 -0.023140674161100213 0.0288002744051514895 0.744223911729470222 -0.666907656728908615 -158.420552158846334 9.20973856032895277 -4.43890284150995651 -0.0196253743886709749 0.0320277419587400927 0.744531691819495633 -0.666529540456781699 
719 1357847881.27548099 0 1 1 -159.942802776677752 9.27372084980108013 -5.07082874916102533 -0.0047052493747892039 -0.00324786192557956731 0.712612269237449025 -0.701534792974294996 -158.707571515510324 9.09094886079630271 -3.04122248012876861 0 0 0 1 -159.231832099215154 9.10686017510232837 -3.54200474130239495 -0.00424963598141352324 -0.00602976810163484162 0.712251370952114549 -0.70188572222798451 -159.557796936732728 9.2679765065031674 -4.48115086094846315 -0.000607184205057139325 -0.0029820105403546497 0.712731310271825125 -0.701430551301185923 
720 1357847881.98500299 0 1 1 -160.969029794960761 9.27037379681107154 -5.09034255024720661 -4.71453452703315956e-06 -0.0088236217931983562 0.698808045826698865 -0.715254820860435903 -159.807656041867716 9.14447492328190314 -3.06043504070597727 0 0 0 1 -160.258150993091988 9.10246231246244264 -3.55686488819472224 0.000399806555453835813 -0.0116111149693338307 0.698429366352186776 -0.71558468568071687 -160.584117855319903 9.26481875665301224 -4.49503158736536612 0.00409678057010915905 -0.00863824377527466596 0.698935116490091768 -0.715121178591727524 
721 1357847882.78679705 0 1 1 -162.011421854169953 9.25724898383300854 -5.11048201053636575 -0.0168410644975913668 0.00360558561117778949 0.705753532577383824 -0.708248070631704696 -160.876870787575342 9.12829440456073726 -3.06717391505173431 0 0 0 1 -161.300629721846065 9.0882968278545917 -3.57230940670603125 -0.0164149338916379332 0.000814358815479088605 0.705446487851843496 -0.708572607107099239 -161.626610075253126 9.25188918347438083 -4.50938959709339393 -0.0127400426986422188 0.00383382176179452834 0.705889130631876638 -0.70819737953377726 
722 1357847883.6957159 0 1 1 -163.118206560773871 9.30236926320010582 -5.13285314720093044 -0.0313301725255804367 0.0134687503027724979 0.730246432220700292 -0.682332148798323379 -162.040530854256303 9.15941491054979018 -3.08037145013721325 0 0 0 1 -162.407570411714318 9.13234377696016075 -3.58949885344784159 -0.0308095972879738021 0.0106892249634387808 0.730010288967353538 -0.682657664709358625 -162.733490152656344 9.29721482157840029 -4.52598405251520486 -0.0272399323407487397 0.0138450697367191351 0.730388932531555568 -0.682347644068235781 
723 1357847884.50109458 0 1 1 -164.238590251380543 9.40720831777679223 -5.14167329572004039 -0.0283616767330768307 0.020725175861312322 0.728757941642099949 -0.683869830356608199 -163.10246129495539 9.22412310950265457 -3.089271185371814 0 0 0 1 -163.528104458494255 9.23607990494342701 -3.59287696251605126 -0.0278499447088178288 0.017946635677202092 0.728535427955258386 -0.684206422844476303 -163.853877555676945 9.40235081175963394 -4.5293196229390329 -0.0242696507837712148 0.0210922673195719571 0.728871956133997245 -0.683894561954950797 
724 1357847885.30529761 0 1 1 -165.351021387356241 9.46542766705928784 -5.16092521199269338 -0.0236082528411834455 0.00806408922114174032 0.720924082548892287 -0.692564861990455194 -164.212897598914509 9.30322586834596166 -3.09678600768483125 0 0 0 1 -164.640685228879818 9.29326834694451343 -3.60687771554378944 -0.0231224921748691796 0.00528161144647140268 0.720674916969167412 -0.692867317015050999 -164.966382297040099 9.46080678591980728 -4.54284432623753265 -0.0195129817173498761 0.00838280771733258129 0.721066947273172998 -0.692539839741671437 
725 1357847886.1048665 0 1 1 -166.490919367434401 9.53304969650024248 -5.17302996263938031 -0.0201106608566194341 0.00610421247360051506 0.717323430982826915 -0.696423287428710847 -165.333767895330908 9.37490214322576243 -3.1070000000000273 0 0 0 1 -165.780706377303517 9.35983966811893353 -3.61357518024980484 -0.0196382453581028203 0.00332104899475080262 0.717070646678229728 -0.696715865776928345 -166.106311176074854 9.52872340439064658 -4.54912950827591978 -0.0160137263582292855 0.00640084482309449376 0.717465022601133207 -0.696381024366424017 
726 1357847886.90113306 0 1 1 -167.618299638029015 9.53913827265228065 -5.17843622077703625 -0.017508878242559138 0.0107809730332769204 0.702365351512422409 -0.71151958707963503 -166.494533103949749 9.40045388802163728 -3.10700000000002774 0 0 0 1 -166.908122880307729 9.36489802324591736 -3.6138355186746014 -0.0170971578934395081 0.00798992167365049875 0.702117405450085386 -0.711811068548148018 -167.233703962169727 9.535150136772371 -4.54840769508632636 -0.0134058301186731829 0.0109900560184040888 0.702489719565660753 -0.711482744901168362 
727 1357847887.68497705 0 1 1 -168.64481530692359 9.54883573616891113 -5.19788559893380597 -0.025248484217875948 0.00485610270581244684 0.699773605889038697 -0.713901836958179214 -167.549779280952748 9.40176543282022514 -3.12498289445245536 0 0 0 1 -167.934743443048035 9.37373069621810018 -3.62858514370827656 -0.0248437094296167817 0.0020612648250441035 0.699542015247568538 -0.714156502590621689 -168.260309474500957 9.54507094665900446 -4.56230221613414422 -0.0211460985271447501 0.00505208097455160394 0.699939384212609483 -0.713871261098932397 
728 1357847888.5050149 0 1 1 -169.781238728424796 9.53441959436715081 -5.21320094879447016 -0.0192334809793540291 0.0140665953146058963 0.710112771550738597 -0.703684628072974605 -168.636904254240164 9.40367043836175398 -3.13069160573562133 0 0 0 1 -169.071231682651359 9.3583704642513208 -3.63878110556208645 -0.0187916007804481214 0.0112808081001864215 0.709896583345253629 -0.703964814506698566 -169.396805954540383 9.53094648721690874 -4.57131397782751403 -0.0151326179882517089 0.0143211626907845165 0.710233784328268114 -0.703657501751209224 
729 1357847889.31405091 0 1 1 -170.820787861555431 9.56311292532124924 -5.22868514964607645 -0.030223429615311985 0.0109719998430749706 0.70879421879143234 -0.704682137512776197 -169.725328606222917 9.41272040278529687 -3.12862903696889472 0 0 0 1 -170.110882924203651 9.38623182723045169 -3.64944310951840478 -0.0297845114865599239 0.00818245217061508781 0.708607137902408701 -0.704926843343151033 -170.436417048050799 9.55990164792649111 -4.58128857093636732 -0.0261235040994670931 0.0112217184453268764 0.708956619143052302 -0.704678754995460399 
730 1357847890.01595712 0 1 1 -171.837008448283683 9.58026757554573294 -5.24841986510707859 -0.0204786949464709524 0.0193196192131687185 0.701297054605555914 -0.712313004632317281 -170.745330140809529 9.42820977605879307 -3.1330000000000382 0 0 0 1 -171.127214408369611 9.40261497857548356 -3.66449990378694412 -0.0200722098049042202 0.0165294283048066752 0.701108520735041707 -0.712580329890031394 -171.452726569449425 9.57728891969702012 -4.59557036753393078 -0.0163745038537634058 0.0195238089597437013 0.701410265486593576 -0.712302138124878081 
731 1357847890.71650839 0 1 1 -172.848127274810679 9.56689911813043636 -5.25739317326525502 -0.0271348035281937586 0.00277876123353070414 0.700219731727445782 -0.713406131332663396 -171.706774869252399 9.40793424707080028 -3.15648452617804232 0 0 0 1 -172.138371323332422 9.38846981151251114 -3.66891993995896737 -0.0267261232007600796 -1.38755057646129924e-05 0.700028303278625419 -0.71361480418708878 -172.463885256324289 9.56422237149948273 -4.59893191503899601 -0.023032977186724847 0.00297799388055567651 0.700403709918881345 -0.713368948473530606 
732 1357847891.51620555 0 1 1 -173.88007960225525 9.55672084772581343 -5.25480791813981529 -0.0218782543432028097 0.0128367032500250663 0.70308479926232148 -0.710653450060453995 -172.805461869255311 9.38148774977999267 -3.15487497763532065 0 0 0 1 -173.170313561090893 9.37748687608900688 -3.66167623138139442 -0.0214616803721785349 0.0100480063213433321 0.702908846188616931 -0.710885073548711 -173.495813184313903 9.55442877848358663 -4.5906408935941041 -0.0177752798405082305 0.013051282245292643 0.703224746849995919 -0.71062554054586613 
733 1357847892.31674409 0 1 1 -175.024158884013559 9.55925225009042379 -5.26750024541788697 -0.0264937808638793341 0.00579987910601762 0.711839174952531573 -0.701818658900425385 -173.902486581946562 9.3696590594475726 -3.14425419399280415 0 0 0 1 -174.314461240116401 9.37921210513161263 -3.66915785866555888 -0.0260399077455076809 0.00301587738568262096 0.711674893312157497 -0.702019710490616733 -174.639945985317581 9.55729690077201965 -4.59709162599164145 -0.0223951145862854722 0.00606637046730910175 0.712013343556565537 -0.701782485239850429 
734 1357847893.11738849 0 1 1 -176.122519004687945 9.60716710310302346 -5.28741635285304135 -0.0208168284017628789 0.00635439126611280717 0.733973774236125642 -0.678828977063078653 -174.992855257981489 9.39492146191406619 -3.15067278534500606 0 0 0 1 -175.412954941939432 9.42640915504321697 -3.68392049748252282 -0.0202744359719811383 0.00358846364562114125 0.733814542073356835 -0.679037766266613385 -175.738384716848515 9.6054920942627291 -4.61129407458548801 -0.0167279950030052096 0.0067506018354802251 0.734128028705746116 -0.678771420307789142 
735 1357847893.91607642 0 1 1 -177.228220415133819 9.70624992558352062 -5.30397040736918957 -0.0244765398329451454 0.00862158275415892371 0.73037604300723824 -0.682552124829824636 -176.135010405133926 9.48845582988111325 -3.15815969047616107 0 0 0 1 -176.518805406214113 9.52478900289794161 -3.69511823815015816 -0.0239488649644710831 0.00585265625491142912 0.730237416777430925 -0.682748499390441799 -176.844128341154686 9.70488294570989396 -4.62240804750528955 -0.0203856657988401059 0.00899727616399444499 0.730535687247821253 -0.682510866806470995 
736 1357847894.72503543 0 1 1 -178.309038486254281 9.81024915655147822 -5.3162395148042183 -0.0247570332748430696 0.0115553826102602984 0.72247723306588929 -0.690854695386530326 -177.21912595656903 9.56911942358228629 -3.15758516739963957 0 0 0 1 -177.599751407086671 9.62811747791316463 -3.70212813433098109 -0.0242615798641819119 0.00878124557513125341 0.722351447991055329 -0.691044608584618802 -177.924963020239971 9.80921210726605963 -4.62940341807412192 -0.0206617435864729845 0.0118842380029767058 0.722631880362448853 -0.690821990619064685 
737 1357847895.5258975 0 1 1 -179.337264839450853 9.81668731698695751 -5.32144431214263136 -0.0238696441818032692 0.0154764941180658318 0.708068441561365947 -0.705570549471352448 -178.286063056922842 9.61269405202838989 -3.15399792236186283 0 0 0 1 -178.628013633170696 9.63392341445339184 -3.70263638995442035 -0.0234320149952139123 0.012693664760384778 0.707952969724002346 -0.705756618252483037 -178.953201866175846 9.81601002428049974 -4.62902432143853915 -0.0197679021242605328 0.0157207957987956469 0.70821316478558316 -0.705546738245912852 
738 1357847896.32607007 0 1 1 -180.472536240524335 9.86227413128843011 -5.33994973462072853 -0.0281060822819375264 0.00552535816025842303 0.70961890636038305 -0.704003214688580736 -179.361335779838555 9.6292520652401592 -3.16004693203305376 0 0 0 1 -179.763403331306392 9.67888849427730413 -3.71582877943521339 -0.0276593279357973711 0.0027431527413128271 0.709507192803346065 -0.704149827843118636 -180.088543192192702 9.86192082085051602 -4.64159993109414692 -0.0240067184105779881 0.00577963428913943339 0.709807077860748037 -0.703963198979481453 
739 1357847897.12619495 0 1 1 -181.576048710047331 9.86141982704921816 -5.35715498526607181 -0.018187136609657685 0.00890700038643106595 0.714280258470375906 -0.699566727171576419 -180.455155504433804 9.63842584639531275 -3.18191967071887571 0 0 0 1 -180.867003677220453 9.67745931770479295 -3.72801935650725458 -0.0177230423724597727 0.00613031967094090392 0.71416283779393086 -0.699728343047440027 -181.192135654371384 9.86139236868890201 -4.65276442103267929 -0.0140880277555896563 0.00918580525448404323 0.714431712877407699 -0.699503020787500263 
740 1357847897.92505646 0 1 1 -182.704592550378351 9.94193998734827744 -5.36861226000014291 -0.0245057970764267566 0.00295327945352388474 0.738906028280842175 -0.673356239608982721 -181.56863870545223 9.68082781040790152 -3.18112072521209122 0 0 0 1 -181.995650876760322 9.75740433429167275 -3.73407895321194694 -0.0239406628954476099 0.000194628750708039183 0.738809259755158321 -0.673489186609414703 -182.32069806017995 9.94228739865981481 -4.65854300152984635 -0.0204207303813476911 0.00338054712633415518 0.739089343590290437 -0.673289319581925727 
741 1357847898.72679043 0 1 1 -183.746671526343334 10.0650224369814794 -5.37481416190799344 -0.0235475313718285922 0.0147150086399964377 0.738472136490094133 -0.673712020016544955 -182.695651608201871 9.8052406431964183 -3.16042541855965675 0 0 0 1 -183.03782731084047 9.87996990670565367 -3.73513569014195124 -0.0229862902660757339 0.0119571469983756444 0.738402434591145962 -0.673862375923549695 -183.362751829689245 10.0657467064473973 -4.65980012166227908 -0.0194602264785146521 0.0151397315553093055 0.738618462573715773 -0.67367266150488736 
742 1357847899.52530694 0 1 1 -184.787697748928935 10.1308699868176859 -5.36410411233090478 -0.0367474449189112221 0.0159450376242199175 0.708605195287633216 -0.704467215900405841 -183.7561364789062 9.88553785693182263 -3.1505044353980356 0 0 0 1 -184.078843401426212 9.94527531685715616 -3.7194752952205512 -0.0363047514742171132 0.013164723452292677 0.708571426392492376 -0.704581569995219703 -184.403680953210909 10.1320802669756489 -4.64380078640431559 -0.0326471853092003828 0.0161967987138927419 0.708791865902309359 -0.704475631823792137 
743 1357847900.32519388 0 1 1 -185.889987781932689 10.1463724086845843 -5.37429386903464312 -0.0306018575100135866 0.0118810640736947762 0.714863626246709627 -0.698492922299731145 -184.833974059373048 9.92666065204773318 -3.15481516407591922 0 0 0 1 -185.181194338941623 9.9603091921252016 -3.72460272210461563 -0.030133931786864316 0.00910604877154143171 0.714820723117691292 -0.698598854731623531 -185.506006051741224 10.1479718558802094 -4.64805689831473856 -0.0265036152474572607 0.0121672085734143252 0.715046360326101915 -0.698468481750422532 
744 1357847901.02485609 0 1 1 -186.905349355051612 10.185134065437552 -5.39110683996471529 -0.0186490504229323423 0.0021302235786984057 0.705860373921325057 -0.708102257864974605 -185.824345693166833 9.9485165923833847 -3.16900000000003956 0 0 0 1 -186.196656046643795 9.99869209274235438 -3.73667165996765505 -0.0182155251869627194 -0.000648845949477651991 0.705782964201624674 -0.708193604238180896 -186.521431158467607 10.1870506926298159 -4.65955395709198861 -0.0145480508431441845 0.00236019174519968211 0.706043998327784084 -0.708014587517027949 
745 1357847901.72507906 0 1 1 -187.923794034330399 10.1961760777703319 -5.41840244805207671 -0.00963590518909304694 0.00686290303052069194 0.696488128970521481 -0.717470791110218609 -186.818625001759131 9.96335862460961152 -3.18952446647752463 0 0 0 1 -187.215237273272407 10.0094184039368663 -3.75930097018025489 -0.0092397505331158758 0.00408007209864304828 0.696407213250423207 -0.717575761404003476 -187.540007250580231 10.1983521993624393 -4.6813465152375775 -0.00553091509508073231 0.00703665313972563766 0.696636302816348252 -0.717368633332383432 
746 1357847902.52555394 0 1 1 -188.973639343005345 10.1658531092236188 -5.41740079730593571 -0.0248615350450091602 0.00507917374581113353 0.696033669071969507 -0.717560615967374416 -187.904503414627669 9.94509682020777142 -3.202987602588796 0 0 0 1 -188.265076890892004 9.97870502157476658 -3.75362779783466793 -0.0244659908235161268 0.00229528670612226711 0.695995130411204865 -0.717625895154188509 -188.589844980109461 10.1684810117632658 -4.67441748237117949 -0.0207577331496958811 0.00525450490929092393 0.696230676738939458 -0.717498676974586913 
747 1357847903.3255899 0 1 1 -190.048707350365476 10.145385470246751 -5.45775903325565359 -0.0236852540014359757 0.00779147149828879945 0.71241459291712228 -0.701315727410636414 -188.977016331886603 9.92340787284115677 -3.21062476391146845 0 0 0 1 -189.340332313772478 9.95800682242573565 -3.78916682782381642 -0.0232257970154302502 0.00501833813496725071 0.712390646752450118 -0.701380741862069557 -189.665127795535454 10.1482274106634183 -4.7087693887784603 -0.019585841842852468 0.00806120530731053997 0.712598194247616723 -0.701252611633879197 
748 1357847904.1267221 0 1 1 -191.11639647846809 10.1786332751737518 -5.45367632206217934 -0.0317387940509732402 0.00573052843994950514 0.715694718345288527 -0.697668173366570388 -190.048076287420201 9.93532837167096616 -3.21658031257480248 0 0 0 1 -190.408023262260514 9.99091078740164029 -3.78012194393716872 -0.0312653494993635483 0.00296014143683383897 0.715696674380664977 -0.697704798438288698 -190.73276730687536 10.181962373564696 -4.69905144457738189 -0.0276419338930855088 0.00602207952846630073 0.71590751793937013 -0.697621734041230734 
749 1357847904.92599702 0 1 1 -192.201322386794544 10.2431330113538195 -5.46915555764397787 -0.0286845665612071379 0.0116968223124823203 0.726724590310707796 -0.68623009976735927 -191.183290638404571 9.98556860407785329 -3.2124161908271085 0 0 0 1 -191.493046056508575 10.0551587903287114 -3.79045745826041669 -0.0281675546116899184 0.00893536592877708022 0.726741131860925593 -0.686275509809593398 -191.817737418591037 10.2468414821645641 -4.70899206466778075 -0.0245912973233730209 0.012052808861901361 0.726909839477912545 -0.686186624151686297 
750 1357847905.72523689 0 1 1 -193.331133275380125 10.3142175378089433 -5.47072236779906174 -0.0315173298357164441 0.0127000724729645041 0.727762635518991119 -0.684986797260837998 -192.273122385258119 10.0687547401107462 -3.20704465655466331 0 0 0 1 -192.622889183203426 10.1259683515417382 -3.78665550519621208 -0.0309956863600883738 0.00994035316142131628 0.727797898893761008 -0.685018740745039878 -192.94751264533204 10.3184156755809404 -4.7048156035028974 -0.0274247509246659422 0.0130633109614379257 0.727953912529134661 -0.684952797042956751 
751 1357847906.5358181 0 1 1 -194.411186410922227 10.4218880820498612 -5.47705138664279989 -0.0340157210424917658 7.10543022462619415e-05 0.741615486533590884 -0.669962234612362928 -193.381270189065447 10.1572238543670164 -3.20397955292766934 0 0 0 1 -193.703001404691946 10.2334231240146334 -3.78772134643775304 -0.0334367036486043351 -0.00267660487580972722 0.741647023329347066 -0.669951129129709777 -194.027541353735899 10.426528913575817 -4.7058975594268615 -0.029934028774254974 0.000518561354765282537 0.741850474267135351 -0.669896677738507473 
752 1357847907.33671498 0 1 1 -195.545212803519178 10.5013819082244169 -5.507117605879702 -0.0238754224427450423 0.00668758891210177991 0.720488285989988819 -0.693023715401523188 -194.480614784148429 10.23574383419691 -3.21147266235241258 0 0 0 1 -194.837187574793148 10.3128042921968568 -3.81237228955837759 -0.0233827191484664992 0.00392383285986560703 0.720517101998713327 -0.693031714792539444 -195.161683895205783 10.5063503026632112 -4.73024800901614206 -0.0197794497947697372 0.00700502340629603239 0.720682206804824199 -0.69294794884451627 
753 1357847908.13171458 0 1 1 -196.644065074851284 10.5867810604384687 -5.51672154702446793 -0.0368843809073847242 -0.00383468236971363455 0.746300886912219519 -0.66457491966687765 -195.577140390459817 10.3075784613981956 -3.23144529382005841 0 0 0 1 -195.936105739212195 10.3980635273607671 -3.81670206294917147 -0.0362855439263540178 -0.00657599176462434799 0.746353562674831106 -0.664527256865260041 -196.260538035736545 10.5921915971431844 -4.73436542597437438 -0.0328072254042068995 -0.00335725777721585872 0.746557630560106822 -0.664502911230623661 
754 1357847908.94520497 0 1 1 -197.766039296320798 10.7463542453184289 -5.52794476913887411 -0.0205919266297394689 0.0127470628417107133 0.750511117870596767 -0.660413920885388417 -196.747564906018027 10.4523959030377114 -3.23567677070833026 0 0 0 1 -197.058156174736155 10.5575332855152553 -3.82230183982254967 -0.0199770094407039633 0.0100094935737017436 0.750564684066979959 -0.660419097364422503 -197.382490106453389 10.7522115700077645 -4.74043026041920168 -0.0165123519257085009 0.0132449812952739401 0.750673091495843492 -0.660334629114998295 
755 1357847909.74673295 0 1 1 -198.849865909046741 10.8821340138377565 -5.53384834008080961 -0.0327333791352035358 0.00477570152371357276 0.730453482049651437 -0.682160852824967634 -197.821668752227595 10.5880918728218951 -3.2294341146071357 0 0 0 1 -198.142027031205089 10.6932303726991389 -3.82283443976491055 -0.0321995340484196174 0.00202261845007234171 0.730531987438978625 -0.682115909761769279 -198.466275374232993 10.8884586743982066 -4.74123840127702767 -0.0286437318776173316 0.00515558896954992126 0.730679868496814544 -0.682099616111882856 
756 1357847910.54497695 0 1 1 -199.900176004769236 10.9362089737778803 -5.54733287133252251 -0.0284459239006608425 0.00730234799780555936 0.711632844263512032 -0.701937461667762053 -198.186717718432192 10.634296303614974 -3.22700000000003229 0 0 0 1 -199.192407267903405 10.7472825533648546 -3.83137012453658166 -0.0279872455132285924 0.0045362890600838179 0.711716934249750355 -0.701893967542307928 -199.516621308186075 10.9429451905887198 -4.74930972310205757 -0.0243465849580051102 0.00756951615350261089 0.711846162692561957 -0.701872486200990187 
757 1357847911.34512043 0 1 1 -201.032577926695069 10.9364818865613103 -5.56446512698217433 -0.0248689519556918592 0.00604040950177902203 0.703931940665457057 -0.709806221156619399 -199.98553332696207 10.6757945121182694 -3.26231117460671882 0 0 0 1 -200.32489662059362 10.7475770423985626 -3.84335866455679875 -0.0244405865114063446 0.00326997826591456054 0.704017283315370723 -0.709754626449425774 -200.649101515901293 10.9436525994475264 -4.76024988450542796 -0.0207668698281823216 0.00626168201252525706 0.704142939757131936 -0.70972688327700939 
758 1357847912.14612198 0 1 1 -202.146190562711041 10.9830646741525015 -5.56098178085436068 -0.023856319813384326 -0.00157846345234858958 0.718898869976888677 -0.694703389371351676 -201.079535585974128 10.6964555988123138 -3.26550156180900908 0 0 0 1 -201.438499866453924 10.7941502694236888 -3.83466512561318229 -0.0233692913448550477 -0.00433843545410326787 0.718979998039597223 -0.694624226916129572 -201.762659018047799 10.9907918986116382 -4.75096175267624332 -0.0197613789231614254 -0.00127014560152864404 0.719128420311974326 -0.694594982513414672 
759 1357847912.94674897 0 1 1 -203.19840334567121 10.9660735076233777 -5.58186633484172301 -0.00747449731958356196 0.00108643639702218735 0.689378418901612888 -0.724362027648114082 -202.170486769614058 10.7205500872492596 -3.28552574972300349 0 0 0 1 -202.490817865291632 10.7772628452175638 -3.85082791303438432 -0.00710318611633273863 -0.00169240342908348195 0.689439890587434601 -0.724306093985420119 -202.814979680611941 10.9741845093634947 -4.76598680351003789 -0.00336891918378946862 0.00121925407921826337 0.6895640408581446 -0.724215849977346671 
760 1357847913.84509206 0 1 1 -204.309967183457331 10.9090236951369661 -5.58678419537929383 -0.0344544185278212178 0.00225689540910845553 0.678614158056683792 -0.733682917854873051 -203.269185868315816 10.6435379889874255 -3.28220444158040303 0 0 0 1 -203.602418582634016 10.7203032344431328 -3.85088735920195058 -0.034122597391654845 -0.000522653427759026319 0.678751249142087398 -0.733574888452908747 -203.926581664776023 10.9176514040532577 -4.76447554934155271 -0.0303492011172265749 0.00233779005390137443 0.678874081831936205 -0.733623501358875219 
761 1357847914.64554095 0 1 1 -205.35251652845983 10.8868711225658075 -5.6085225003883199 -0.0310271286402057783 0.0138015161874788361 0.714682943445999808 -0.698623736918974725 -204.370546136349475 10.5937648469374182 -3.28537184389134751 0 0 0 1 -204.645080364103421 10.698323649645932 -3.86796574376724456 -0.0305545756608876715 0.0110427762330020125 0.714839622755816029 -0.698533312546777307 -204.969246466162929 10.8958827408582302 -4.78037551628855173 -0.02692786325536492 0.0140879645165261393 0.714890953614235936 -0.698575224207679812 
762 1357847915.34499407 0 1 1 -206.370777472468973 10.9165449811702047 -5.62046953988941844 -0.0331754676021389847 0.00319147877796186353 0.703387569855073336 -0.710024738573215908 -205.315218281378009 10.579964632083275 -3.28613444264865073 0 0 0 1 -205.663401650732936 10.7281655994076957 -3.87519306131099217 -0.0327482156296495172 0.000426732882573690379 0.70354423959962975 -0.70989638342387662 -205.987545446047363 10.9259919685880913 -4.78693505515792062 -0.0290747365345580926 0.00341281690962924383 0.703638546158101841 -0.709954793445822241 
763 1357847916.15054703 0 1 1 -207.492392051922764 10.9199367811019101 -5.62758981195669961 -0.0241225245062900336 0.00671241435818334571 0.713264688608217012 -0.700447379386596736 -206.433429261971327 10.5888633732440951 -3.28069778916899857 0 0 0 1 -206.785058676447136 10.7317620655919299 -3.87721182424120236 -0.0236566059158559751 0.0039529926293580776 0.71341696401634247 -0.700329189952495712 -207.109182521088627 10.9299065913264073 -4.78794162779331067 -0.0200233045059405104 0.00698799006899931095 0.713479332210841366 -0.700355251125762468 
764 1357847916.94518709 0 1 1 -208.594844806809562 10.9162605224025668 -5.64487232178734377 -0.0304841470028529571 -0.00244710300597043504 0.7182835011380998 -0.695078082276502363 -207.586888412762477 10.5853066809708416 -3.27076280005150766 0 0 0 1 -207.887602345325917 10.7283574382589073 -3.88950350513121457 -0.029999174581313539 -0.00520077041563215495 0.718445801270680362 -0.694916277078076461 -208.211717110158361 10.9266867383850954 -4.79917155937723017 -0.0263898892245360041 -0.00213972883036534726 0.718543885716626196 -0.69497746697752838 
765 1357847917.74607038 0 1 1 -209.66499900948466 11.016482647896197 -5.64473326581846813 -0.0252947994857533262 0.00551805589030380204 0.728928071245340536 -0.684100570916816975 -208.674244261344597 10.6387351337291207 -3.2845782021967711 0 0 0 1 -208.957739885377606 10.8288217784397744 -3.88417919870312911 -0.0247663982275244006 0.00277190525675481908 0.729101352290311699 -0.683951869760235476 -209.281807821121163 11.0274587029058999 -4.79379401604252831 -0.0212030738755240658 0.00588674777016005586 0.729148626985564929 -0.684001502647461512 
766 1357847918.54493594 0 1 1 -210.73121046413678 11.0443967593361663 -5.66148420027175625 -0.0247305969150723587 0.0080851592698461764 0.70993315666668233 -0.703788278419785529 -209.745957791581617 10.6904230630750376 -3.28013938003055427 0 0 0 1 -210.024028657685136 10.8570690772846721 -3.8960011346578729 -0.0242770965592845923 0.00532642594262006976 0.71012423511006928 -0.703637564715435149 -210.34808299953022 11.0558237165379083 -4.80488422286687911 -0.0206298282698645329 0.00834167836525669115 0.710151167278068929 -0.703697482019939313 
767 1357847919.25488901 0 1 1 -211.730867870360214 11.0754886658572644 -5.66698579477707565 -0.0261128545945215132 0.00816740229182635717 0.709969974078755284 -0.703700254562509397 -210.69386964645534 10.7266074162699354 -3.28014482644506256 0 0 0 1 -211.023711782878507 10.8884704314725411 -3.89686594227317507 -0.0256589594662031788 0.00540998693546905669 0.710175909624989887 -0.703535732730604102 -211.347741991320845 11.0874052927108089 -4.80510893667695171 -0.0220121966705286547 0.0084246831386634146 0.710193165324022324 -0.703612219790700544 
768 1357847920.05516696 0 1 1 -212.798649451313736 11.0778852027307408 -5.68395154288827431 -0.02408530788813186 0.00681124655871961047 0.708262173244142312 -0.705505633440112856 -211.781167593575219 10.7515372529458855 -3.31301952247613851 0 0 0 1 -212.091582183110461 10.8912706221090936 -3.90898075379932353 -0.0236384076426330858 0.0040530701385296181 0.708473388774696899 -0.705329891401654918 -212.415601339885797 11.0902627390837836 -4.81624893307117219 -0.0199841371968310887 0.00705788930726240944 0.708486146282343188 -0.705406408381026195 
769 1357847920.74671698 0 1 1 -213.813832110343213 11.1504035206115333 -5.69311652677013669 -0.0210085830164339835 0.00589598008156357219 0.745004577489893238 -0.666702374660256725 -212.776562942025947 10.7914184211033799 -3.31445962644107217 0 0 0 1 -213.106792760340397 10.9641811413180204 -3.91330350535740923 -0.0204147556729168921 0.00316556403627860734 0.745210116514186005 -0.666509639240169371 -213.430784850866047 11.1632652234186285 -4.82030592100809585 -0.0169260521632486477 0.00636059355522399037 0.745214042803939325 -0.666580139229785984 
770 1357847921.55533409 0 1 1 -214.869138919085941 11.2974361459806971 -5.69557929811740582 -0.0125278364922826093 0.00447910298823707507 0.74776343167396464 -0.663831937466418887 -213.798626239374585 10.9016318071125156 -3.33228222031652166 0 0 0 1 -214.162061729069222 11.1116336432931284 -3.9104980822169626 -0.011923350953970565 0.0017494697651759207 0.747957953046533897 -0.663636702972347781 -214.486016966367089 11.3108482129573922 -4.81789822405096757 -0.00844698404555988165 0.00495781168551852336 0.747954850317265496 -0.663677339111937936 
771 1357847922.45514655 0 1 1 -215.952501997147209 11.4482264394935243 -5.70913602142901677 -0.0385857049372349895 0.0256506290727765152 0.741527680418058166 -0.669320467172849654 -214.966132064537305 11.0738167653375044 -3.33540943586213912 0 0 0 1 -215.245428639375433 11.2629281862948556 -3.91864778061555663 -0.0379987078742590884 0.0229262519954246159 0.741828690083224607 -0.669119331463929767 -215.569362721736979 11.4621411907749291 -4.82645368739786385 -0.034499152354647282 0.0261020779871300526 0.741728629215240631 -0.66930346675782626 
772 1357847923.2552371 0 1 1 -217.004735141359021 11.568936079400018 -5.72414776914822099 -0.020895611723815679 0.0256712900456528212 0.729925421283893816 -0.682724862328603077 -216.002222502067497 11.2088008154152163 -3.32374840052512743 0 0 0 1 -216.297680412152374 11.3841684347316932 -3.92849327485200561 -0.0203565808916569106 0.0229318854261032247 0.730201456698632234 -0.682543457136907339 -216.621601571141639 11.5833332067092609 -4.83644999017678234 -0.0167998006643890127 0.0260457975574188254 0.730083256139630099 -0.682654980375731246 
773 1357847924.06506705 0 1 1 -218.101248645802002 11.6199409940399505 -5.7390712611964485 -0.018822781884644816 0.00995711442760702226 0.711764436807578726 -0.702095396118211923 -217.089649243895934 11.3010494312709344 -3.34713714115044025 0 0 0 1 -217.394242962526704 11.4357635732203828 -3.93827970288084028 -0.0183609253324100649 0.00720401516663478521 0.712027382310488899 -0.701874622298377049 -217.718155218191129 11.6348521612710893 -4.8456885856758376 -0.0147215535831100881 0.0102225933430194222 0.711971858028895621 -0.701979236032181375 
774 1357847924.76538491 0 1 1 -219.114982109957566 11.6391295637519363 -5.75106575703881351 -0.00741349413079043975 0.0120384669305935946 0.703352324350032587 -0.710700797276983764 -218.10469770804599 11.3210019682220455 -3.35075646738200295 0 0 0 1 -218.408029242798278 11.4555248037386104 -3.94561751341195688 -0.00698407011479879481 0.00927699948326509913 0.703607492677559176 -0.710493952326983425 -218.731930562200716 11.6545322079032854 -4.85225599268370544 -0.00330840075495148151 0.0122514945379025818 0.703526286557242919 -0.710555922844225196 
775 1357847925.5652225 0 1 1 -220.217241011883118 11.6589594773561203 -5.78103706712702792 0.00323072105799114464 -0.0141246531438598815 0.708831170624894091 -0.705229344373554445 -219.186734590595023 11.3304111271262187 -3.36985698196579841 0 0 0 1 -219.510421517227684 11.4760728108323136 -3.97052947459673833 0.00367304705910884372 -0.0168854407720488951 0.709029691438294418 -0.704966869628745441 -219.834328121850859 11.6747983872715011 -4.87631936899938534 0.00732668118016831585 -0.0138826078343061987 0.709056322220415036 -0.70497710945949299 
776 1357847926.36514044 0 1 1 -221.221939847771523 11.6570319180483892 -5.78494977647942221 -0.0205002881802708037 0.021143921174033551 0.699546682405143949 -0.713979769964015909 -220.252481308483993 11.3337717056205989 -3.38293802459982906 0 0 0 1 -220.515152954852084 11.4747551123050311 -3.96989732238468829 -0.0200813239218953325 0.0183871246384652298 0.699871909632576283 -0.713749230601564033 -220.839036459711338 11.6734168039711594 -4.87472523008081193 -0.0163928187809580274 0.0213399420136304169 0.699732905394586435 -0.713897572117541457 
777 1357847927.16091299 0 1 1 -222.225983223682192 11.6676989122539538 -5.80036441636808675 -0.0326018354241859737 0.0162627475320345528 0.722673619565009417 -0.690228572977453547 -221.273776899807558 11.3459436058771761 -3.37964528174288992 0 0 0 1 -221.519274446838949 11.4861012946936345 -3.98072921942941793 -0.0320929777126447435 0.0135270680891532748 0.723021702986367809 -0.689946864781006086 -221.843145752475209 11.6845631787706647 -4.88471341540862181 -0.0285051072097335101 0.016598119730145855 0.722902668236351409 -0.690162077733302515 
778 1357847927.96724606 0 1 1 -223.356302578503062 11.8079327996020851 -5.81348022569188583 -0.0201058041919533886 0.020918051203427785 0.763972480768480788 -0.644596183978852766 -222.391114460338827 11.409632424498751 -3.38380076331958746 0 0 0 1 -222.649568789998824 11.627125869513554 -3.98826636598554973 -0.0194267308522408158 0.0182142245660542566 0.76429437235021791 -0.644317434612504125 -222.97344570097539 11.825365931194602 -4.89250643308313293 -0.0160346573472019104 0.0215012528801944783 0.764141335477172889 -0.644490966037152946 
779 1357847928.76507711 0 1 1 -224.445493441918302 11.9869740361469326 -5.80853244707155358 -0.0170901459259611074 0.0167131767005855338 0.74511286687946654 -0.666509874080997156 -223.436741806838739 11.5817883053228634 -3.38903379575123864 0 0 0 1 -223.738617416254385 11.8069080269202367 -3.97780021386648963 -0.0164910838495431027 0.0139904393083301343 0.745440999007991878 -0.666220705742019415 -224.062496518904055 12.0050674096646386 -4.88269929468988906 -0.0130046259542759245 0.0171778507964955168 0.745294382749428275 -0.66638733795590066 
780 1357847929.56578255 0 1 1 -225.591844014863568 12.0992879754252698 -5.81682943448294587 -0.0177823496622837827 0.0185425556281087166 0.711246769164444848 -0.702472771731692092 -224.585821399061729 11.7009031837983049 -3.37907743595489007 0 0 0 1 -224.884927245095952 11.9200884156527138 -3.98053980615069847 -0.0173178750835411462 0.0157951640705677465 0.711606166864596545 -0.702187487267361354 -225.208814457672986 12.118000719971576 -4.88541482849543751 -0.0136786926164082206 0.0188053010770239983 0.711436926705500405 -0.702365113982422296 
781 1357847930.36543012 0 1 1 -226.702542745288071 12.0798217724319414 -5.83572688154273234 -0.00988755039106361741 0.0062577294597831977 0.703321192646640503 -0.710775897975852611 -225.690534678140921 11.7470546763651242 -3.37497299427892283 0 0 0 1 -225.99573504692313 11.9015377976136829 -3.99447405184647097 -0.00945970319006114897 0.00350207539411695598 0.703658465780315212 -0.710466757152776962 -226.319612353752348 12.0990759980129745 -4.89811766016929884 -0.00578375385947412987 0.00647129954604134996 0.703531584194564408 -0.710610990988856828 
782 1357847931.16671658 0 1 1 -227.799316224146821 12.125368751170555 -5.84152706838691316 -0.0152607628087320958 0.00979729585894807166 0.718464887411041975 -0.695326777615954406 -226.782440432572542 11.7511623595881698 -3.38990391273866987 0 0 0 1 -227.092505432441186 11.9479835210524055 -3.99516208146727037 -0.0147717078275032641 0.00705490494633231099 0.718825501077667406 -0.69499778702129511 -227.416376986505156 12.1452403932318465 -4.89819835152455241 -0.011161766580067416 0.0101011047370398854 0.718676136416883993 -0.695181985953896797 
783 1357847931.97498488 0 1 1 -228.883866762162427 12.1296139793579698 -5.84780313359353787 -0.0153121511678865202 0.0154235748792772107 0.698453803742363655 -0.715325055763027962 -227.875175578524988 11.7611088742412893 -3.40929221031441099 0 0 0 1 -228.177090891090671 11.953156756190678 -3.99651752235297542 -0.0148983692968455948 0.0126696232424676619 0.698845335097793119 -0.715005396379105651 -228.500944959559149 12.1500987288685547 -4.89856857945933477 -0.0112049131640824823 0.0156113569312153738 0.698655748246743036 -0.715199888770639669 
784 1357847932.76673698 0 1 1 -229.947068443852885 12.0990964115679134 -5.85405050677979943 -0.0258804269423149741 0.0182311900355183569 0.696844482827639444 -0.716523268264089297 -228.994885740647447 11.7334390541126687 -3.40874816782769186 0 0 0 1 -229.240361472709424 11.9235857163619219 -3.99805556352902336 -0.0254706387282834651 0.0154831337356956585 0.697277590615351661 -0.716181178723754197 -229.564184522323558 12.1201872484825088 -4.89881378404959289 -0.0217729452847152706 0.0184139435522242927 0.697068816938143709 -0.716436968608503033 
785 1357847933.57553196 0 1 1 -231.061373231941445 12.1309065543989476 -5.85662549783698694 -0.0181202287825988038 0.0169260627322164424 0.72524149827159734 -0.688047916132314308 -230.095051270422573 11.7419197003641855 -3.4146225101081189 0 0 0 1 -230.354659276738602 11.9564145474634618 -3.99548702195446559 -0.0176000927816878094 0.0141929776524651816 0.725653125542747524 -0.687689128538087502 -230.678470229437863 12.152661200903621 -4.89548929313300363 -0.0140227302212019705 0.0172714389775366871 0.725441456665290696 -0.687924235206268775 
786 1357847934.37533545 0 1 1 -232.188756859712925 12.2098289509387001 -5.86642228690556244 -0.0142921285667428587 0.00774438466231664943 0.720482994490042716 -0.693282059639433568 -231.201501761820538 11.7817911176720997 -3.42035306252544835 0 0 0 1 -231.482017816272531 12.0364320427785323 -3.99992789184866115 -0.013795909729443414 0.00500622861258536323 0.720885840875109873 -0.692898416057939559 -231.805845967768335 12.2322158734625521 -4.89960361335486905 -0.0101943994954161298 0.00805980644061710279 0.720703905353916818 -0.693121197588618121 
787 1357847935.17484403 0 1 1 -233.237491169125292 12.2192289480958465 -5.863869397040677 -0.0197840651747839616 0.00999848014567293608 0.687219163733462146 -0.726111866145580542 -232.29097636206626 11.821673418724199 -3.42028451554488777 0 0 0 1 -232.530737613479317 12.046848252915634 -3.99260344652846477 -0.0194154292933763559 0.00724443121765785177 0.687668055251030808 -0.725729429683647287 -232.854546256465113 12.2422815385899408 -4.89137265921096009 -0.0156759739384770037 0.0101238648116169245 0.687460224895454997 -0.725982238342679276 
788 1357847935.97529459 0 1 1 -234.322075270015091 12.1447555334469968 -5.87004733691870406 -0.0210067461577397967 0.0178180932503834502 0.661405142189184669 -0.749522828241067973 -233.404444945990463 11.7844864453479161 -3.41615735379414565 0 0 0 1 -233.61543377219229 11.9734933977590572 -3.99412307598504723 -0.0207302560868039693 0.015055034747316615 0.66189544477776785 -0.749158209321484803 -233.939193332980807 12.168449280352073 -4.8911620310655346 -0.0168950743326565164 0.0178006891164711537 0.661634793999405613 -0.74942450673809502 
789 1357847936.77518511 0 1 1 -235.414686045629338 11.983769312411809 -5.86955352989323309 -0.0246210948482332992 0.0104953748793549344 0.66637335543061671 -0.745137705371803793 -234.503750491671923 11.6305437748093272 -3.38072636999231291 0 0 0 1 -234.708225522403751 11.8136512942848988 -3.98921870467317419 -0.0243301413890258736 0.00773715425179912018 0.666870453302375932 -0.744736180923390889 -235.031882978541489 12.0081569953704985 -4.8837056635639744 -0.0205114789161004868 0.0105064221824751405 0.666635703002691926 -0.745027337624402097 
790 1357847937.57498598 0 1 1 -236.520219654186491 11.9415906361591766 -5.8814417418172118 -0.0213619215923000934 0.00753582076496312099 0.704530241281092873 -0.709312356322437054 -235.566848903772438 11.5497092859905344 -3.37711184792014718 0 0 0 1 -235.81387102634983 11.772708804486772 -3.99624997135153182 -0.0209278982272844381 0.00479515004578083374 0.705006921542204013 -0.708875355890872805 -236.137492460150355 11.9666075173037036 -4.88928848879406264 -0.0172586264292760756 0.00776083841017192414 0.704782909824932746 -0.709170613618222756 
791 1357847938.37527108 0 1 1 -237.635394954944672 11.9453294640116781 -5.87758746576994007 -0.0217093378101340037 0.00224635270701658554 0.70995902706587255 -0.70390470835123764 -236.636188799120021 11.5245329406681556 -3.38462523082622813 0 0 0 1 -236.92903621291137 11.7776829475332008 -3.98734632364617392 -0.021257402124434218 -0.000489782100340959412 0.710437052215567633 -0.703439462788141734 -237.252629695309452 11.9710827095390631 -4.87935809074556026 -0.0176094126369923075 0.00250299516748064702 0.710228781460966907 -0.703746205379639722 
792 1357847939.17528391 0 1 1 -238.715026320182687 11.971973682757266 -5.8840169393587658 -0.0191889502080260371 0.00741138322505463173 0.711428927881083473 -0.702456928332675479 -237.744564563237191 11.5437354216809585 -3.38986582647966594 0 0 0 1 -238.008677586244232 11.80559456055183 -3.98881291558668938 -0.0187281755029976328 0.00467550135813576875 0.711921250645659587 -0.701993965792085062 -238.332265835785364 11.9983822984362281 -4.88004589579442083 -0.0150878002825301626 0.00767568388211008548 0.711677161798758728 -0.702302683701009345 
793 1357847939.97488308 0 1 1 -239.791978502159907 12.020588385787903 -5.87619797586066994 -0.0239942521818847336 0.0115883700443898431 0.728426477477996825 -0.684605618185349041 -238.87845460050525 11.5887586937413225 -3.38903283520033938 0 0 0 1 -239.085547598834268 11.8554647562965432 -3.97597263422965863 -0.0234632249703374471 0.0088689836723462763 0.728937373931923815 -0.684120693363270416 -239.409131129848731 12.0477426265894874 -4.86663507122806571 -0.0198998920808879896 0.0119551368191122519 0.728670842440276356 -0.684470505117776074 
794 1357847940.7759316 0 1 1 -240.890461633210634 12.1099323510522936 -5.89811180504083055 -0.0132500981225359572 0.0152500995601287086 0.721018415132624657 -0.692621335509373215 -239.972593559232848 11.6560143687003617 -3.40040688858825568 0 0 0 1 -240.184026268923759 11.9462261424496372 -3.99263548983852745 -0.0127464298132884402 0.0125186665558828705 0.721528553585655263 -0.692154143146791911 -240.507663808152103 12.1376685285885468 -4.88308793653793405 -0.00915031420723248258 0.0155687718956040635 0.721226460648635714 -0.6924639178699592 
795 1357847941.47876692 0 1 1 -241.899505664289251 12.1500733838857542 -5.90010752845442088 -0.0147020599394681491 0.00675818336659042215 0.707151687871287571 -0.706876698393651304 -240.931541028366411 11.6914485512297119 -3.4103179055041748 0 0 0 1 -241.193033706521476 11.9876441004533767 -3.98994610251664295 -0.0142585646709510929 0.00401914510630229076 0.707673178657385771 -0.706384606298219531 -241.516679665342679 12.1784605801722172 -4.87981092346821743 -0.010599251456605497 0.00699593735988263132 0.707396138701067323 -0.706703201973669315 
796 1357847942.27673101 0 1 1 -242.97266158902778 12.0964709912914259 -5.90667993665111712 -0.0143190510479568062 0.0102436925323948838 0.655964923318916981 -0.754586012933976424 -242.017520164993329 11.6730888750482631 -3.41607709099579671 0 0 0 1 -242.266291715228277 11.9354543418588168 -3.99185136717523914 -0.0140664313075568974 0.00748135989231428662 0.656537159531288217 -0.754125402648007426 -242.589889917106291 12.1255303843983206 -4.88018514982513096 -0.0102089217549176658 0.0101939571189770782 0.656215451043627884 -0.754435645344562533 
797 1357847943.08546805 0 1 1 -244.032452705843752 11.8618879660496788 -5.91044140662048711 -0.00872262396908306606 0.0103276606904249783 0.591186586329129016 -0.80642152463849115 -243.084250991982401 11.543445140844705 -3.40917580465225933 0 0 0 1 -243.326418130972087 11.7022990764537447 -3.99159813247927531 -0.00870049075151257609 0.00755123063145557265 0.591796905783307459 -0.806004778324506344 -243.649835206590495 11.891636745956415 -4.876712221477562 -0.00463086929091028211 0.00993580059059226244 0.591441058253454055 -0.806273718738412692 
798 1357847943.99534345 0 1 1 -245.050951276974956 11.4797483460965424 -5.901137448432352 -0.0362414681526789101 0.0267460346530671265 0.5272633223412444 -0.848507274294185709 -244.218283235675528 11.2052697119481763 -3.39023668110485898 0 0 0 1 -244.345407266666598 11.3215279186999016 -3.97894855037025108 -0.0364197738808702126 0.0240000599015182184 0.52800751275487634 -0.848118897130348715 -244.668512593598905 11.5102468218098597 -4.85949562455430595 -0.0321898907709575882 0.0260522298208469005 0.527559247482283999 -0.848508298515366244 
799 1357847944.79520893 0 1 1 -245.941418359064699 11.0052542670561024 -5.90400447737679102 -0.0311641278027099573 0.00890190447782083019 0.482137084152631401 -0.87549607955704889 -245.084771297598792 10.7490994078320323 -3.40560212575745425 0 0 0 1 -245.236563832671635 10.8482973775724734 -3.97934918724370768 -0.0315010446694378443 0.00616636828435472226 0.482875440266728906 -0.875100548093833974 -245.559288114645142 11.0363475111860847 -4.85458370717652077 -0.0271592814150484023 0.00799451452262272232 0.482485190385553708 -0.875446458802125682 
800 1357847945.59495902 0 1 1 -246.834196939173609 10.3759347767862664 -5.92537558627150673 -0.0177167336751085508 -0.00785504937969284944 0.424366814284228733 -0.905282951613131326 -245.951416809858472 10.1394506770618733 -3.44481098964848265 0 0 0 1 -246.130358520860483 10.2203385684148031 -3.99874896321823403 -0.0182450456514883542 -0.0105723873574535224 0.425085282302884782 -0.90490764484792352 -246.452579217602192 10.407518294721914 -4.86721351740827135 -0.0137844215027176087 -0.00902528625016846969 0.424742044441622502 -0.905164476554117137 
801 1357847946.29606247 0 1 1 -247.594837562724564 9.64301892624266088 -5.96563091308755311 -0.0130640572466737236 -0.0223110670203166134 0.385017013096231209 -0.922547259669187492 -246.68631375149667 9.5126500776552696 -3.4821893235659318 0 0 0 1 -246.892279386181201 9.48868111897228239 -4.037966550488715 -0.0137205072455617565 -0.0250056609672290008 0.385730088089109135 -0.922170680374996832 -247.213908555609095 9.67489227509001104 -4.89881455754943751 -0.0091914752197175785 -0.0236505355042472484 0.385432073104389594 -0.922387275484706781 
802 1357847947.09672689 0 1 1 -248.379122919041123 8.8174070265599056 -5.9972220923482995 -0.000480816334550573238 -0.00402437372628231677 0.317303549326852841 -0.948315364642134839 -247.4789236353717 8.70604979497402276 -3.51452761448528062 0 0 0 1 -247.677973135490987 8.66436579598315149 -4.06871629056700268 -0.00131741729785594822 -0.00667570426806414485 0.318054150575352024 -0.948048129941713502 -247.998899371793328 8.84964551530050691 -4.92105418669395789 0.00329158940045901809 -0.00564626496329459233 0.317639641317413457 -0.948188980844498208 
803 1357847947.89599299 0 1 1 -248.959640889969705 7.92468802037996056 -6.02681606534584091 -0.00356384782688209077 -0.0219195174290322363 0.245218761066986229 -0.969213388766951289 -248.158885487836926 7.8207033156917376 -3.52285544539107942 0 0 0 1 -248.260025892807136 7.77265147163520265 -4.09860589712095091 -0.0046112177149153161 -0.0244969947942824638 0.245979601182069907 -0.968954420867950139 -248.580163292879377 7.95716723978758012 -4.94199976899292803 6.92286976239189414e-05 -0.0238182440675753157 0.245628040381240448 -0.969071489744382397 
804 1357847948.5948441 0 1 1 -249.357923400277173 7.12564585886256907 -6.05822160266519383 -0.0132330131782773183 0.00455760000300466615 0.159045888858385276 -0.987171981410373323 -248.252337610116228 7.69902368448674679 -3.52400000000000091 0 0 0 1 -248.659728926969592 6.97435068662624325 -4.13082235510386298 -0.0144816374708262325 0.0020889396498920982 0.159901969227437907 -0.987024457014359036 -248.979145430163356 7.15822761326489942 -4.96632779030561 -0.00977142838881351478 0.00234883707865481519 0.159409548857311179 -0.987161383910821755 
805 1357847949.39671612 0 1 1 -249.677291786245831 6.11044177296631119 -6.09383108459479139 -0.0145490448973869466 -0.0165047046148375995 0.116154603914704155 -0.99298742590607314 -248.940057748145421 6.03330540644303959 -3.61471743563977643 0 0 0 1 -248.98091658695688 5.95978497962898768 -4.16830242412577423 -0.0159210962901741269 -0.0189144289641673229 0.116999441461505066 -0.992824200836973203 -249.299386470119259 6.14305037489003336 -4.99396613965477165 -0.0111943189179175492 -0.0188601378332765718 0.116590911557758234 -0.992937833787697288 
806 1357847950.19495511 0 1 1 -249.88142612115962 5.02875837286750027 -6.12870320943720248 0.00247023665321777219 0.00433087282940355141 0.0728311828005393236 -0.997331820550857118 -249.166606219485402 5.22263077646493912 -3.65500000000002956 0 0 0 1 -249.187011807388842 4.87855792320033821 -4.20577994102572816 0.00101158105761445325 0.00196817465682668467 0.0736905019669371608 -0.997278703729376215 -249.504440865941945 5.06131880851348814 -5.02108988008017221 0.00572689570228199045 0.00182467563083242427 0.0731610851370800563 -0.997302024888159111 
807 1357847950.99593496 0 1 1 -250.075464612619015 3.92447122009221516 -6.16415818698349227 -0.00346972688392415459 -0.0148884557198794704 0.109719310499906256 -0.993845042139393731 -249.382910111847934 4.10292788745651027 -3.71466624580301197 0 0 0 1 -249.383087039391427 3.77471698951678514 -4.24395876243380155 -0.00485625919056312336 -0.0172975355202138505 0.11057198840601197 -0.993705714681938357 -249.699423032065624 3.95697388951122209 -5.04871309893213027 -0.000129571099202910572 -0.0172698299671635962 0.110124883507748017 -0.993767702341266768 
808 1357847951.79504156 0 1 1 -250.352854218315827 2.87614404952215352 -6.19717259056110059 -0.00486233168997037522 0.00654852599074821212 0.079797921144933559 -0.996777691523457188 -249.665491115498327 2.8339280591202729 -3.75977604140401711 0 0 0 1 -249.662438359774626 2.72697796170578366 -4.27913934615883029 -0.00630176745078479122 0.00418351985252548523 0.0807055181343254713 -0.996709288223657452 -249.977708039325591 2.90866394445091414 -5.07378298029930175 -0.00158744369251667444 0.00406776601649765524 0.0801449482287248799 -0.996773655638818146 
809 1357847952.59514809 0 1 1 -250.454183510992351 1.80319708714900173 -6.23783694108125708 -0.00925226412099042217 -0.0140488327953040976 0.0536870040914451327 -0.998416111397152028 -249.8602475869925 1.76578004803703026 -3.80700615618382887 0 0 0 1 -249.765839793540607 1.65434711123977607 -4.3228413582379952 -0.0107712369930199024 -0.0163701502927683998 0.0545862827481567864 -0.998316751521665546 -250.079998640660421 1.83556165359969659 -5.10731454933532625 -0.00605110477390480121 -0.0166123268603494134 0.0541119675466028155 -0.998378339957120553 
810 1357847953.39588094 0 1 1 -250.620849080732313 0.729765020360687799 -6.29403367110215495 -0.00123195127280090796 0.00461450598662551358 0.0341732682706725466 -0.999404510879484564 -250.001750428736898 0.693604478279614689 -3.86236757724022883 0 0 0 1 -249.934677029686185 0.581401291724940927 -4.38178277418408779 -0.00277919251853022894 0.00231616568524768826 0.0350994267484262823 -0.999377276961706529 -250.247714175796347 0.761927237090896159 -5.1560176471976753 0.00192546690259244981 0.00198549216123623633 0.0345216062737258647 -0.999400124623950004 
811 1357847954.19611549 0 1 1 -250.64870325934649 -0.400781757213096057 -6.32205601676498752 -0.00719286034675204779 -0.0117270964972509516 0.0231179577027874235 -0.999638083507940589 -250.093968821608485 -0.389419920355962235 -3.91704479199708899 0 0 0 1 -249.964712022057967 -0.548995959288716695 -4.41335950703481217 -0.00878011089262432237 -0.014001616489286604 0.0240442899507095909 -0.99957427763481721 -250.276510506344977 -0.368749201432620799 -5.17695638372390121 -0.00407081972592257535 -0.0143883262080657538 0.0235348057493862811 -0.999611183117730118 
812 1357847954.99621201 0 1 1 -250.734092905925678 -1.46757300848466343 -6.35939102710116799 -0.00767581842646007911 -0.000478623691079968386 0.016105596234691405 -0.99984071856509793 -250.146096165002433 -1.51785148711713624 -3.95455314308739458 0 0 0 1 -250.052237313064694 -1.61550201387616665 -4.45378202642136323 -0.00926839067473261835 -0.00274095967450382937 0.0170643357802582815 -0.999807677765449987 -250.362852194999476 -1.43568588992292456 -5.20728360894005782 -0.00456827066931585809 -0.00316179869376002811 0.0164913485758686647 -0.999848573212094638 
813 1357847955.80487108 0 1 1 -250.751358356823715 -2.5688213663873114 -6.37964109954165615 -0.00349018482821690556 -0.0027029140939013349 -0.00460914703309690116 -0.99997963410706181 -250.158086333622748 -2.62511539331038124 -3.98662531223608818 0 0 0 1 -250.071655130245915 -2.71664393422604666 -4.47753740752458462 -0.0051313020710302467 -0.00493499889712995833 -0.00365075752980940698 -0.999967993234983421 -250.381005717833716 -2.5370243628317688 -5.22068782624730954 -0.000439730624340805556 -0.00545143404102710252 -0.00422591697987374695 -0.999976114779524861 
814 1357847956.60498691 0 1 1 -250.752602276007252 -3.68433396004969893 -6.41908933459123254 -0.00905073603300194165 -0.010610795638194323 -0.0059434471132496277 -0.999885078711347575 -250.164728693375991 -3.72106180025798983 -3.99674359758944675 0 0 0 1 -250.075193472182548 -3.83201668281919927 -4.52060828240919932 -0.0107020414290291254 -0.0128343091514665688 -0.00497344277334395898 -0.999847994289550179 -250.38325746747438 -3.65275623268915561 -5.25328973089873141 -0.00600708285789025489 -0.0133610261503338702 -0.00551894016539590006 -0.999877462109832416 
815 1357847957.40510702 0 1 1 -250.772968149361247 -4.78631520009244582 -6.44947616158252313 -0.0090320971621692548 -0.00355821478037896943 -0.00440226303043232074 -0.999943188590552201 -250.164165484377804 -4.81741000556585597 -4.0365302556813889 0 0 0 1 -250.097815156422286 -4.93385123275437287 -4.5544873060853206 -0.0106729629508526443 -0.0057835660415773019 -0.00340902766994810071 -0.999920505218308886 -250.404575887068518 -4.75488718384850273 -5.27680888744229204 -0.00598146561104774977 -0.00630392793143167394 -0.00399758500283825969 -0.999954249891426006 
816 1357847958.20520091 0 1 1 -250.715790662931028 -5.85868387313432493 -6.47511685619692479 -0.00682552892252392528 -0.00624117030849921303 -0.0183231543846370491 -0.999789338791680193 -250.150804688646417 -5.90604208424894761 -4.09587072080529602 0 0 0 1 -250.042842322105287 -6.00623885997851481 -4.58387123270986674 -0.00849973988428976562 -0.00844484350096703397 -0.0173279615969078246 -0.999778065766117829 -250.348308951991839 -5.82743539896822593 -5.29618768818863117 -0.00381447148294420746 -0.00902989191758681378 -0.0179144446322562698 -0.999791470024014806 
817 1357847959.0048399 0 1 1 -250.747008611407011 -6.97934849539662139 -6.51368690821280527 -0.00681501583406167195 -0.00906574372150155058 0.0183832517572694101 -0.999766684734386679 -250.112271322222057 -6.99084642943708179 -4.07128669392770703 0 0 0 1 -250.07644209170121 -7.12671011628616835 -4.62594389263953865 -0.00840955554090131417 -0.0113282523280077707 0.0193846797266799854 -0.999712550819830237 -250.380545684795464 -6.94829154616160949 -5.32771588464615142 -0.00370467094126325589 -0.0117418940119529483 0.0188020255451912255 -0.999747411686385479 
818 1357847959.80512905 0 1 1 -250.810732565714602 -8.07500036267077803 -6.53085467580986467 -0.0087757992735023084 -0.00208899835578192639 0.0290943887017135819 -0.999535961323580691 -250.085795655306015 -8.11965901814940061 -3.85246653845524945 0 0 0 1 -250.142428082481842 -8.22217422069093828 -4.64638680320525399 -0.0103387257479795706 -0.00436561329805387408 0.030121978905697476 -0.999483225750810056 -250.445156728619907 -8.04397960233515974 -5.33781805681540256 -0.00563424449670172842 -0.00473100504447787704 0.0294986983864213605 -0.99953774299609488 
819 1357847960.60500598 0 1 1 -250.905590921504711 -9.18795943101028456 -6.5687833208631341 -0.00605206031211247622 -0.0146307187927705081 0.0530794700453648891 -0.998464763771505726 -250.198276875394072 -9.21825410144494484 -3.95291260884245288 0 0 0 1 -250.239700352839037 -9.33481419656741984 -4.68750627915132956 -0.00757213750566558628 -0.0169457863413480965 0.0540896785532683222 -0.998363565908167994 -250.541031850848952 -9.15707781889508965 -5.36840401894798003 -0.0028529121768183412 -0.0171971973327223297 0.0535158435209555916 -0.998414829511386714 
820 1357847961.40543509 0 1 1 -251.061954122559342 -10.284933182995502 -6.59079708591771407 -0.00185343940915978279 0.000121582993884091634 0.0610414342505669338 -0.998133504740005284 -248.492018609341642 -9.60357581128613624 1.21871517189666623 0 0 0 1 -250.398397360150625 -10.4313937878809568 -4.71238303399037051 -0.00333985329709608628 -0.0022092186343210694 0.0620758138766332526 -0.998063403829903661 -250.698315920909209 -10.2540459882695458 -5.38283724115618156 0.00137198834552908666 -0.00242128600594223925 0.0614225842751889295 -0.998107970694059987 
821 1357847962.20694995 0 1 1 -251.205332711953446 -11.3599672005657055 -6.63360454881051087 -0.00492190326351341079 -0.00942448284020079748 0.0712842370366531392 -0.997399374143357664 -247.269777439012103 -10.131563309899299 5.21816217720332709 0 0 0 1 -250.544181258374266 -11.5059894460158727 -4.75803962399916447 -0.00639390346575036649 -0.0117662110920272352 0.0723187660139140293 -0.997291667646548308 -250.842717033703849 -11.3292116536164329 -5.41826895876110726 -0.00167429654723929015 -0.0119327008777105597 0.0717042902619128703 -0.997353148157096192 
822 1357847963.00492644 0 1 1 -251.369883051822342 -12.4444431699241704 -6.67057917453720695 -0.00745660639856782735 -0.0177712482272806074 0.0727126785082776728 -0.997166710305560255 -255.247942078742199 -14.0775604872033 -16.5 0 0 0 1 -250.711152041290745 -12.5899998670256057 -4.79779884081545482 -0.00893365585173349838 -0.0201111942243387375 0.0737483514603859691 -0.997034056748749786 -251.008268465706692 -12.4137666583170851 -5.44769436241003646 -0.00420897532846716601 -0.0202733994210411266 0.0731667331966478901 -0.997104760271421919 
823 1357847963.80554748 0 1 1 -251.536215863918585 -13.5452752277420245 -6.70360736544229763 -0.0067534280313309011 -0.0130514229696099965 0.0687920543714923977 -0.997522784112545247 -251.403167947141981 -13.5750589928559915 -4.72265031336526153 0 0 0 1 -250.879944955424889 -13.6903733156402794 -4.83365631677734342 -0.00823474728794655088 -0.0153856531661581732 0.0698431298393395183 -0.997405337777976575 -251.175596233261786 -13.5146513920842271 -5.473063427850831 -0.00351365826544126512 -0.0155668482330810973 0.0692314578612890641 -0.997472973410348906 
824 1357847964.60671306 0 1 1 -251.734195167890704 -14.596961100742412 -6.71755790680930964 -0.0067668366185693685 -0.0250787858928197688 0.127237304787652578 -0.991532113796973258 -249.324353560690611 -13.846687216007048 1.475483403821642 0 0 0 1 -251.080209414228818 -14.7415929727091388 -4.85013451556754571 -0.00812058204086027122 -0.0274936189925038092 0.128270870154277739 -0.991324740401386961 -251.374432618815632 -14.5662490866493393 -5.47948367941708003 -0.00339017214553916568 -0.0273986125495889604 0.127712328639709299 -0.991426943287605056 
825 1357847965.4110055 0 1 1 -252.071343398703306 -15.6137896722487426 -6.73928255758635064 -0.0164308792531028466 -0.0127954280768484349 0.161735125076015313 -0.986614439659153852 -249.720506357551301 -14.972966532950764 0.931444453386360616 0 0 0 1 -251.419626800699518 -15.7576355636950343 -4.87365074203963289 -0.0176863401262689554 -0.0152440587644484746 0.16281298278373732 -0.986380628703943385 -251.712455686745585 -15.5829285375755635 -5.49313034204669393 -0.0129701271020277991 -0.0149924555867996818 0.162198250368161018 -0.986559035058694578 
826 1357847966.2066021 0 1 1 -252.431112963808715 -16.6284456744679474 -6.74218768392250656 -0.0255785432785462369 -0.019388348775475097 0.195820673494272179 -0.980114326947503556 -251.645209218023382 -16.531951642701781 -3.42030526880066921 0 0 0 1 -251.781598681605601 -16.7715146610466448 -4.87823945148808491 -0.0267543948174936048 -0.0218669091479123702 0.196908815862692016 -0.979812716225819891 -252.07299839680573 -16.5973015810108997 -5.4878477138595434 -0.0220469524030072958 -0.0214595227695970718 0.196327673108048661 -0.980055542071070596 
827 1357847967.01564503 0 1 1 -252.942375905888355 -17.6135563042906469 -6.7412396593831847 -0.0257200034381077636 -0.0126199483436780398 0.272828881431054049 -0.961635908119089833 -252.137816432106774 -17.564256607554853 -3.45400000000000773 0 0 0 1 -252.294996362028058 -17.7555301851486824 -4.87820156349387446 -0.0266866001858268205 -0.0151811595379257314 0.273915341399072643 -0.961263618115153373 -252.584992190383161 -17.5819860348506403 -5.47806467121982266 -0.0220317617441085079 -0.0144045663464027369 0.27330912266153351 -0.961566031748629202 
828 1357847967.81508255 0 1 1 -253.553669024909453 -18.4691952162706556 -6.72484090055896555 -0.0286421535996934824 -0.0223965051338489395 0.344042441807581978 -0.938249871745281738 -250.634132988869084 -17.4238221630504171 8.19300441017753478 0 0 0 1 -252.908089810867949 -18.6099018855969014 -4.86184620674300838 -0.0294226670757555923 -0.0250168829313653848 0.345100625285614804 -0.937770771914984258 -253.196835209348961 -18.4370262217591367 -5.45307805399977052 -0.0248345587685864962 -0.0238976734249892811 0.344552279421701635 -0.938134250862290964 
829 1357847968.61518002 0 1 1 -254.308831264348186 -19.2031960045518133 -6.7226219922647612 -0.0326564230363502392 0.00663021295119749741 0.405593324678772016 -0.913446031950827964 -253.064101543897806 -18.9898872611128127 0.536178729385135 0 0 0 1 -253.664859998536599 -19.3422674519100077 -4.85863343709213069 -0.0332274057960434063 0.00397060536559767484 0.406686625812936853 -0.912954633145582006 -253.9525330231819 -19.17040164271123 -5.44222969463054262 -0.0287450891883111771 0.00538686949098176118 0.40601629264824074 -0.913397761979315104 
830 1357847969.41528893 0 1 1 -255.176321773492617 -19.8402151773193509 -6.71006858896336844 -0.0384613105670632699 -0.00486034139580027343 0.498128784798534396 -0.86623600619352914 -254.288145415835743 -20.0054655074117242 -2.90033218362004241 0 0 0 1 -254.533710108764012 -19.9774291148441669 -4.8442712709778446 -0.0387621390179189659 -0.00755731674527248837 0.49916977658421452 -0.865603787934891566 -254.820428899522113 -19.8066422945326295 -5.42102742081047495 -0.0344459443015056044 -0.00568856671222168868 0.498584786799973756 -0.866137591553191477 
831 1357847970.21496701 0 1 1 -256.118138320540083 -20.3769730760580501 -6.68217114498287579 -0.0412893552848982784 0.00946260354777677185 0.487881797110234772 -0.871881299445482316 -252.715781557869178 -19.6766860146454796 5.82976057458939767 0 0 0 1 -255.476601846144263 -20.5122012916104772 -4.81390951628276387 -0.0416062858940609223 0.00677387068283883276 0.488964637169573446 -0.871284462875186017 -255.762490475379195 -20.3424675249970903 -5.38468979485917032 -0.0372790611933366892 0.0085885877988258353 0.488305150314736147 -0.871834036920025479 
832 1357847971.01535296 0 1 1 -257.066200172009928 -20.977813698692195 -6.6597086167452284 -0.044617862717171948 -0.0133349990329262504 0.48794223200578779 -0.871632836894385088 -251.160875567351468 -19.2147588087245822 16.6209999999999809 0 0 0 1 -256.425914118117305 -21.1110103977065329 -4.78916359387423007 -0.0449600222784201572 -0.0160183229440357955 0.489001018732705905 -0.870976471212145054 -256.710877853309398 -20.9423998027884259 -5.35335990947859575 -0.040617136329980659 -0.0142065780999423227 0.488445631802579938 -0.871532722362173051 
833 1357847971.71726346 0 1 1 -257.915106658525815 -21.5109928195713422 -6.64508119506517581 -0.0245791133411518495 -0.00241753024893165891 0.482276668231404804 -0.875670736072911016 -253.534472452186037 -20.3649472390619231 10.7301787975249283 0 0 0 1 -257.275964427566123 -21.6423421423193645 -4.7724766913459149 -0.0249283562549575018 -0.00512233569736485293 0.483318775890627994 -0.87507445374837356 -257.560104058145612 -21.474797224926359 -5.3308219268874355 -0.0205773686720356619 -0.00332549446695026537 0.482694608679018589 -0.87554064882065552 
834 1357847972.51558495 0 1 1 -258.883072570543618 -21.9822728860106054 -6.62252076018274138 -0.033590417569237585 -0.0150422339529106153 0.54951930693915052 -0.834669962527912035 -255.062333117253928 -21.0994057132193724 8.75191212363209203 0 0 0 1 -258.244905084922664 -22.1115226181611035 -4.7471262763308717 -0.0337379392789596347 -0.0177535345498139908 0.550519514876140148 -0.833951333834737185 -258.528298098814673 -21.9451498534719036 -5.30007956172095973 -0.0295353046041260184 -0.0156282653118809574 0.549984851707776001 -0.834505893326858761 
835 1357847973.31672692 0 1 1 -259.878576781563766 -22.4020467899656168 -6.60978662621520652 -0.0291636415806645899 0.0109103005782319809 0.57133419184949219 -0.82012662959736593 -255.750950811456335 -21.4247567002279951 9.77468701105716953 0 0 0 1 -259.24131664370077 -22.5290902886484794 -4.73131351866963534 -0.0292095429152601851 0.0081917943786040167 0.572355070478336447 -0.819444549927131449 -259.524045113384318 -22.3640326046652085 -5.27932832418058329 -0.0250831049764447048 0.0104289560575270297 0.571703203908762836 -0.8200106836869544 
836 1357847974.11573911 0 1 1 -260.884675442852995 -22.7156395689274433 -6.58874736730140675 -0.0416749152209638998 0.00341443235693441802 0.576024761232793447 -0.816362062775891628 -256.216897122614228 -21.6244654370582694 10.9263429048605154 0 0 0 1 -260.248047401963049 -22.8404672697927822 -4.70680598714620047 -0.041712991536262449 0.000712118277965487299 0.577062007281429645 -0.815634083996605308 -260.530259207526285 -22.6766739937516668 -5.25086524690198786 -0.0375959614402721354 0.00296287529950164941 0.576450488761033553 -0.816261354628838753 
837 1357847974.91539407 0 1 1 -261.887987343729776 -23.0909514101207591 -6.5581678682356408 0.0107147843515834791 0.00441458449387793772 0.553740067626333321 -0.832608937223970447 -257.75412820666628 -22.1673131677934698 8.13554991697819219 0 0 0 1 -261.252094674889861 -23.2135868605851989 -4.6729720759061415 0.0106015582964188605 0.00165254069744455987 0.554686270177709551 -0.83199039522537277 -261.533683426591779 -23.0509743310690105 -5.21249913782422514 0.0147825233323561987 0.00382928635496837403 0.554027190756341992 -0.832358507779295764 
838 1357847975.81582761 0 1 1 -262.863210915280376 -23.4734012490072743 -6.53252854639239278 -0.0673990986463636477 0.0111919397476653304 0.543478243255390736 -0.836638213981633183 -259.355943220469726 -22.9488801845016006 6.30274537363134968 0 0 0 1 -262.22809696887424 -23.5938806142910096 -4.64422771933043155 -0.0675335633215306402 0.00852926952928743584 0.544618753313021675 -0.835916791867566067 -262.509053292471833 -23.4324631994088897 -5.17918288928199377 -0.0633436770118958326 0.0105956015586595505 0.543961059114134393 -0.836649076959780191 
839 1357847976.61503911 0 1 1 -263.846789159096659 -23.8686185497432675 -6.53291744486757331 -0.0450829267189678598 0.020971656281395322 0.548756477206640447 -0.834502275655989667 -260.194404493885031 -22.8878860314897672 7.92434875866940125 0 0 0 1 -263.212603396372685 -23.9868258680263509 -4.64151654098109923 -0.0451909389422662996 0.0182801566327408863 0.549865452901250329 -0.833829478140885816 -263.492931100815895 -23.8268693056643848 -5.1717700210039288 -0.0410158260025290378 0.0203883083438632685 0.549148420402290949 -0.834468711977791711 
840 1357847977.31617308 0 1 1 -264.755232639214228 -24.2980032136286397 -6.48534968658630184 -0.0421831166696199841 -0.00390736989897721466 0.536156866252690767 -0.84305464348321113 -263.032196228820396 -23.1858502056443321 2.00106822878490043 0 0 0 1 -264.1218452028819 -24.4142554088995318 -4.59129533918971688 -0.0423623043452565767 -0.00659977380788305534 0.537233698869094889 -0.842343060133859733 -264.401440741303077 -24.2552079645291307 -5.11660355024328428 -0.038134363972315094 -0.00455363436298342108 0.536621702396107181 -0.842948505672807546 
841 1357847978.12518907 0 1 1 -265.764135083528004 -24.7577260177214882 -6.46387113892354481 -0.0190503576117350519 0.0185485200834214214 0.512915882310146176 -0.858027000712439203 -270.265606157099569 -24.4812405605289065 -18.8703064072602231 0 0 0 1 -265.131741050595167 -24.8716960977736505 -4.56681584214822234 -0.0192791327003149597 0.0158340493961287507 0.514000097031133141 -0.85742725532492281 -265.410575879450278 -24.7139582966401505 -5.08679003586389822 -0.0150103619421915815 0.017780526077693308 0.513255955840913325 -0.857920081196725026 
842 1357847978.9260149 0 1 1 -266.680612978979582 -25.2922407982480806 -6.43268440322622137 0.0439489315168215475 -0.039238396280130497 0.478786955037629747 -0.875951991470815705 -277.425787929833803 -25.7635169003998925 -39.5303875754334726 0 0 0 1 -266.049351676021786 -25.404159492538767 -4.53328266135024016 0.0435464272097793245 -0.0420110758729565145 0.47966368185549485 -0.875363656139601654 -266.327295650014037 -25.2475130427909669 -5.0473155806042449 0.0479263956468763547 -0.0401852068245151101 0.479140419027843323 -0.875507092265158549 
843 1357847980.62503099 0 1 1 -267.307162938960175 -25.7002666278230478 -6.42473830629754339 -0.0236875438102439086 0.00355390169993806881 0.512207144922670166 -0.858527874178300565 -257.447318841333811 -25.8226805498846339 24.3055643798025329 0 0 0 1 -266.676848773956465 -25.8107315542852689 -4.52387070609105546 -0.0239365968357769902 0.000846779490294341129 0.513287074670497501 -0.857882685029030867 -266.954119372196317 -25.6549619026651712 -5.0334419137996802 -0.0196539904930975312 0.00278443287021970607 0.512608173383093391 -0.858393166429076926 
844 1357847990.53582096 0 1 1 -267.953883934413568 -25.9524924224112894 -6.41016208146309907 -0.0324203344592111919 0.0190924600990661116 0.586959613944280312 -0.808741498551484028 -290.296013290260078 -28.0141486105266004 -74.2205054410206344 0 0 0 1 -267.32412177464613 -26.0614734314186585 -4.50723552984569764 -0.032404317358604752 0.016386032791311466 0.588028596649290525 -0.80802464545863395 -267.60095493291675 -25.9065550788587267 -5.01378318466384076 -0.0283283711009137788 0.01869172053633247 0.587316878193668068 -0.808645167896899553 
845 1357847991.24594092 0 1 1 -268.121059249219286 -25.9891953185404816 -6.41273981772441193 -0.0430550022128037557 0.0287160950908658119 0.656954880109697603 -0.752151539363738131 -287.684994354738478 -27.9594866445614763 -65.6498121332911495 0 0 0 1 -267.491418718850184 -26.0977780253804674 -4.50918795337310296 -0.0427805190836114402 0.0260355005213027853 0.657998706068613992 -0.751351903379216757 -267.768173684442274 -25.9431350320962046 -5.01522160505066417 -0.0389408747019613088 0.0286889746788067355 0.657288784445736574 -0.752085104792782788 
846 1357847992.93706489 0 1 1 -269.017016097012117 -25.9967039529969171 -6.38666378412779512 -0.00463526827071539162 0.00289616884006628971 0.711827779861161636 -0.702332783167664787 -288.581985971917788 -27.7191349863367797 -64.1250519529705656 0 0 0 1 -268.38729094355034 -26.1032411607195804 -4.47915528613523239 -0.00418988337360086307 0.000191860694551802 0.712688114261817995 -0.701468502398164384 -268.663982487887381 -25.9497350566878389 -4.98420068012550477 -0.00053462585861951148 0.00315787814027534237 0.712115564083319552 -0.70205495893921166 
847 1357847995.67487097 0 1 1 -270.060744599493944 -25.9614570853125883 -6.38508096156846339 -0.0594365952457998475 0.0575703018675769312 0.722536456414139105 -0.686362892820526871 -290.034149834183154 -27.3300232202680533 -61.6565766739643095 0 0 0 1 -269.430937807287194 -26.065501929631079 -4.47282267666683886 -0.0588752896666337386 0.0549510437084385975 0.723591141019280237 -0.685514364328304482 -269.707660161776687 -25.9136032697017704 -4.97712611414466544 -0.0553324649398247437 0.0579307475635943564 0.722800783929196222 -0.686397387496299971 
848 1357847997.08513904 0 1 1 -271.122762469442421 -25.8133157051393312 -6.32269867315878287 -0.0122855775612028748 0.00947298507418543011 0.750804890719531048 -0.660341838148549409 -290.782172252040709 -27.1295883164429092 -60.3850432784540558 0 0 0 1 -270.492329777846919 -25.9150043229136209 -4.40524778660308414 -0.0116783183246461138 0.00680938885394522225 0.751649136632803638 -0.659424616240328998 -270.769202517546148 -25.7641871817224555 -4.90984620730211763 -0.00820414615806687279 0.00997212579479261202 0.75107741274230666 -0.660087849275588945 
849 1357847997.8862114 0 1 1 -271.703481586609655 -25.7297318246384634 -6.36023408086728459 0.047334666836873221 -0.0559012897864150024 0.755102631586269779 -0.651501719788326938 -291.207070252913752 -27.0157355923702411 -59.6627761579803533 0 0 0 1 -271.07302754650658 -25.8298918006667755 -4.43993542545564068 0.0478851480884876016 -0.0586242272343926937 0.755701724347467296 -0.650526799134346634 -271.350052517190193 -25.6803433591719319 -4.94471694905523407 0.0513730415430051768 -0.0553890681096556106 0.755409453371526318 -0.650883568308108784 
850 1357848007.55588102 0 1 1 -271.62471764690423 -25.7471398801794678 -6.3587631324429541 -0.00893265466444613694 0.0124538668297741566 0.752024125276405275 -0.658957376378692339 -296.335974336926768 -25.6414299936797292 -50.9443572048814204 0 0 0 1 -270.994324670581818 -25.8474978762730068 -4.43886993908059857 -0.00831733762417787535 0.00978868064563097329 0.75287109086566506 -0.658042646159659572 -271.271298200682054 -25.6978090854249999 -4.94357008700933687 -0.00485086997557222614 0.0129591281992770518 0.752279339958514703 -0.658698963661228376 
851 1357848009.6853385 0 1 1 -272.012670077641758 -25.6712780658724427 -6.33435046031127058 -0.0511587512472150355 0.06826765339904807 0.788297732482497016 -0.609351290006976853 -297.465463094441873 -25.3387800127706448 -49.0243844330125214 0 0 0 1 -271.382001637622352 -25.7707742571718619 -4.41249107172688326 -0.0503139769466567563 0.0657062654395415141 0.789270609253553967 -0.608443173825069517 -271.659051391881462 -25.62147050254055 -4.91750170134866771 -0.0471059578601357165 0.0690369997156520254 0.78847714566395033 -0.609359263628583947 
852 1357848010.48978448 0 1 1 -272.497825552712357 -25.520400830428521 -6.3680304651159485 -0.00091025332290935331 -0.000691439896861061293 0.779293826105676435 -0.626657662478751543 -297.892150503733887 -25.224447811217388 -48.2990755687240707 0 0 0 1 -271.866951157467383 -25.6186058641271437 -4.44353114863037746 -0.000199179012407658409 -0.0033376934989971848 0.780068809785273931 -0.625684802540395602 -272.144262412035857 -25.4703902002382385 -4.9494523316672252 0.00314162011362555853 -1.75012726872946846e-05 0.779555180097210143 -0.626325674949042566 
853 1357848012.35584593 0 1 1 -273.498624139992387 -25.3677960618153477 -6.36010035151208619 -0.0116697992637153636 0.010633601040431628 0.737151098172154295 -0.675543485482351991 -298.881930977639684 -24.9592330939051052 -46.6165873213798179 0 0 0 1 -272.867347580162743 -25.4635664816309308 -4.43067138876892397 -0.0111172043051860504 0.00796130990623513703 0.73803293756218924 -0.674626124891661294 -273.144879205632492 -25.3168848824478552 -4.93698486305305106 -0.00757854344043003628 0.0110491017496758531 0.737428942990951963 -0.675291816231393671 
854 1357848013.42671251 0 1 1 -273.908506508427706 -25.3024517602952415 -6.34774700829770033 -0.0280381076436018555 0.0356446303013768367 0.789800116241112793 -0.611685459395569398 -299.449930941580021 -24.8070357594038882 -45.6510668963805628 0 0 0 1 -273.277033374893222 -25.397252463189254 -4.41629021827289669 -0.0272346447344567061 0.0330496141683781219 0.790682121875805 -0.610727254406976727 -273.554636575681059 -25.2511154468686811 -4.92279097019144363 -0.0239877533243962188 0.0364028757525060101 0.790019468884433751 -0.611529767967964877 
855 1357848014.4650631 0 1 1 -274.521133887147585 -25.0722977767614381 -6.32257521438161163 -0.0220799261437334519 0.0306636172945741817 0.842449729988864804 -0.537448296934308067 -300.000684043401236 -24.659459774567587 -44.7148637226141119 0 0 0 1 -273.888994339580961 -25.1656657097333998 -4.38766079882920845 -0.021046454511551814 0.028141012221606785 0.84322034834387527 -0.536418282986766082 -274.166929794936209 -25.0202861624984259 -4.89568066599851903 -0.0181151195177129409 0.0317838352091653412 0.842636864529459628 -0.537238070877536389 
856 1357848015.7759819 0 1 1 -275.403507928903764 -24.5568213753866047 -6.34541490178542666 -0.00905198364714195763 0.0123497641338699907 0.88107288762255298 -0.472732600541094561 -300.696010469911926 -24.4731449234379532 -43.5329061355387381 0 0 0 1 -274.770191439227801 -24.6479234445477822 -4.40492749456658306 -0.00785197757900701725 0.00989220535189997384 0.881706410827129528 -0.471629405177111383 -275.048991285728562 -24.5042000299414049 -4.91685422479131251 -0.0051876647955486771 0.0137600216028429326 0.881253334110685183 -0.472415400953715092 
857 1357848017.28450704 0 1 1 -276.29655152703765 -23.9444367662233262 -6.37695690674497762 -0.047895749101317997 0.0852397029746159995 0.869717501758078937 -0.483768185591517519 -301.49614956604438 -24.2587451956338072 -42.1727816827183659 0 0 0 1 -275.661843956331893 -24.0332064447148213 -4.43053824074805469 -0.0466462829824983091 0.0828257564612041586 0.870571743565276224 -0.482772055587583737 -275.941687569881424 -23.8912489775002079 -4.94726556571167997 -0.0439972289921704562 0.0866009318244144038 0.869786288453116563 -0.483773019986755315 
858 1357848018.08602452 0 1 1 -277.163063417905789 -23.4272538921549156 -6.37063133321155828 -0.0250526680425571593 0.0441562796413050851 0.870430852994314885 -0.48966592381722629 -301.921283667660759 -24.144829207641969 -41.4501132240324992 0 0 0 1 -276.527030765488746 -23.5138672388187899 -4.41870835254035654 -0.0238636078701697958 0.0417000546739851527 0.871178881264845217 -0.488609241109640158 -276.807722884628561 -23.3732862382516409 -4.93937204640006211 -0.0211517735239366948 0.045494195206463646 0.870566186816806753 -0.489486869129860502 
859 1357848018.58526802 0 1 1 -277.755971305122671 -23.0375336215805433 -6.36588211200047827 0.0262265719890336993 -0.056580341946518814 0.882057214806882928 -0.466996682679913178 -302.186088166004708 -24.0738740291727744 -40.9999826465424704 0 0 0 1 -277.118943186102456 -23.122667032732128 -4.41007804477041798 0.0273482433836323632 -0.0590698891180575295 0.88250327646087201 -0.465779764286981035 -277.400272445727239 -22.9830291248751557 -4.93376970143481408 0.0300462081232514659 -0.0551659005615965439 0.882351743102820718 -0.466378977051985555 
860 1357848019.48026896 0 1 1 -278.336692622501971 -22.6257594739079337 -6.39292525571661763 -0.024189027344110537 0.0378672545948589775 0.881727128240136104 -0.469614984121031642 -302.660806964598351 -23.9466716693656423 -40.1930271443033078 0 0 0 1 -277.698749564466652 -22.7093373417200404 -4.43322296731546039 -0.0229510674956444997 0.0354374557799614423 0.882443544314726491 -0.468519824901697302 -277.980790441277748 -22.5709231446279048 -4.96016049921288893 -0.0203212456817579504 0.0392943825696818946 0.881871910654955404 -0.469409130365172622 
861 1357848020.68516159 0 1 1 -279.183262517211119 -22.0529160471966748 -6.41564708090956426 -0.0455092047532722269 0.0771044514841814632 0.860267763223471871 -0.501919506895809886 -303.299895888612355 -23.7754258297190866 -39.1066654388453117 0 0 0 1 -278.543961080492977 -22.1342683922304815 -4.45035242391726715 -0.0443199837711568956 0.0746661902321890253 0.861139837162399613 -0.500898073390835585 -278.826992493032833 -21.9974908604679946 -4.98176368770125411 -0.0415839567926704345 0.0783863439686047353 0.860365402218687292 -0.501894142505944663 
862 1357848021.48672509 0 1 1 -280.211618621922412 -21.5381248095058524 -6.40736975399687925 -0.0199181053258494362 0.0230263527048686807 0.827766909154081687 -0.560245482151206287 -303.725054397000804 -23.6615033018577208 -38.3839554920635919 0 0 0 1 -279.570959557890717 -21.616871787233972 -4.43586830505000052 -0.0189652970279893876 0.020479603781985857 0.828574958927867478 -0.559181938885060736 -279.854855269019936 -21.4817578540202376 -4.97101867915035189 -0.0159265762780026882 0.024038517142905582 0.827986466224875373 -0.560006165689338253 
863 1357848022.18672705 0 1 1 -281.234122587018931 -21.2034345914666034 -6.41367985684339637 -0.00233575935767021264 0.00167353565193707667 0.78818452507053427 -0.615432285427065739 -304.096343492083577 -23.5620152487090024 -37.7528160067808756 0 0 0 1 -280.592630399784582 -21.279527232181124 -4.4365795695759358 -0.00158766802715262908 -0.000953301291622409203 0.7889958476192801 -0.614395738076377596 -280.877096735477437 -21.1462139572722769 -4.9737884391310061 0.00170719832218486044 0.00240599051306420418 0.788446483238847695 -0.615096284943937421 
864 1357848022.98579001 0 1 1 -282.317688320623802 -20.9770431428143453 -6.41234895104136182 -0.00433172419960682013 0.00997563098662488171 0.753565963299281716 -0.657282330440049911 -304.520175688422796 -23.4484481102339686 -37.0323606048139453 0 0 0 1 -281.675607040185753 -21.050331381992919 -4.42973077157208017 -0.00371690552493126767 0.00731559051806534612 0.754454823502674787 -0.656300682646482225 -281.96044834395957 -20.9188631536385934 -4.9679195311671247 -0.00025158968636103152 0.0104883058267144658 0.753827307416123027 -0.656988829994295309 
865 1357848023.78532696 0 1 1 -283.336245603464477 -20.857508483811003 -6.43181453713553708 -0.0224338352150560624 0.0181157640163323655 0.74621806290279713 -0.665076796113986735 -304.944259287160378 -23.3348136077143096 -36.3114778539633605 0 0 0 1 -282.693946039970399 -20.9280785837095173 -4.44431111567116677 -0.0218371752911124123 0.0154750478209154073 0.747175039430920229 -0.664088187759463433 -282.978996890325107 -20.7985491288132316 -4.98254680786357618 -0.018346181817945003 0.0185924437276696573 0.746508343024113841 -0.664863168211571431 
866 1357848024.58511806 0 1 1 -284.332528859584897 -20.7224969924276508 -6.4401987200736146 -0.0242595742715924802 0.0255893544520214428 0.745446902530162658 -0.665631710109333863 -305.368477692214128 -23.2211429834282654 -35.5903659512465822 0 0 0 1 -283.689919599755399 -20.7904299875780687 -4.44786007637134961 -0.0236557242820078471 0.0229518856854786998 0.746425473054967314 -0.664652263087129436 -283.975197488061895 -20.6627079206040136 -4.98630974649893055 -0.0201690015205034656 0.0260629138981487291 0.745720421773861886 -0.665443452478283182 
867 1357848025.38518143 0 1 1 -285.424806323223606 -20.5917060512063017 -6.43081551745153579 -0.0242517675354960369 0.0222522992531258117 0.732434690079042272 -0.680041257364706553 -305.792840514541012 -23.107433662090429 -34.8690085593823582 0 0 0 1 -284.781816272578794 -20.6567915749871247 -4.4332331795881732 -0.0237044283015415032 0.0196049086983790845 0.733432051424074083 -0.679066398504372892 -285.067296630615317 -20.5308901660427061 -4.9717550128004504 -0.0201540618369208425 0.0226466139042042457 0.732725764227696086 -0.679848438335403094 
868 1357848026.18490553 0 1 1 -286.540531719766591 -20.5601481094102709 -6.45109691027211696 -0.0121527855109045679 0.0176835244855160223 0.696488502554742039 -0.717247076379645798 -306.217023384346362 -22.9937725595833307 -34.1479570616134325 0 0 0 1 -285.897554550987024 -20.6222104467623808 -4.44848807436168769 -0.011750989166385473 0.0149967005732694336 0.697507064920958708 -0.716324582581720937 -286.183090726637147 -20.4984611686653579 -4.98612722863150726 -0.00804149587013776139 0.017860624473825755 0.696778117984282797 -0.717019237354101002 
869 1357848026.8917079 0 1 1 -287.550183212530101 -20.5870348313328364 -6.46107094884930611 -0.0153718401744378265 0.0105925923152064561 0.701786017546513041 -0.712143166149827422 -306.591919496837704 -22.8933179950438657 -33.5106861516785202 0 0 0 1 -286.907332204094814 -20.646374175449445 -4.45409339453350928 -0.0149598824667708241 0.00791363690516555876 0.702798457498194917 -0.711187671719407444 -287.192807020989335 -20.5245047196401771 -4.99041424244914289 -0.0112647716051560154 0.0108013826305520567 0.702104825757058015 -0.711902555623031397 
870 1357848027.69588995 0 1 1 -288.6643015903162 -20.5566671177523759 -6.44883002533920191 -0.00677380258469507512 0.0130455262028038935 0.731681937502640101 -0.681487690407551194 -307.018466914955184 -22.7790233045556967 -32.7856152527895617 0 0 0 1 -288.02132397049138 -20.6130604668916391 -4.43684038039837603 -0.00624350426962105593 0.0103749516489662543 0.73264269192581899 -0.680505742077468834 -288.306817110487145 -20.4930621280198366 -4.97226669437646063 -0.00267783520652397538 0.0134259732835488865 0.731956799823734405 -0.681213487558631536 
871 1357848028.49504399 0 1 1 -289.718634126757422 -20.4470596579973929 -6.47028982589440815 -0.0228665922338560056 0.0108145323906162476 0.737554301480978114 -0.67481391302765048 -307.442347418998736 -22.6654432218829527 -32.0650777344878506 0 0 0 1 -289.075463310116106 -20.500543966363562 -4.45329767102073415 -0.0223158097041365848 0.00817196055121814473 0.738542731556158016 -0.67378769457713239 -289.361157835058577 -20.3826386265814854 -4.98863149684959861 -0.0187758363764451812 0.0112384211677814642 0.737877928338824929 -0.674579371703897146 
872 1357848029.29172111 0 1 1 -290.755452090868914 -20.3534598275624816 -6.46476014358208673 -0.0204346869726207137 0.0223644515177178725 0.729558539549502338 -0.683247094576362013 -307.864914130528916 -22.5522151739484293 -31.3467734795424242 0 0 0 1 -290.112011668567618 -20.404154655715427 -4.44289606720071539 -0.0198994209843445062 0.0197136449039757612 0.730576858247317884 -0.68225569945773723 -290.397850093183479 -20.2880701679447064 -4.97800535997635585 -0.0163348013878364014 0.0227396054185923409 0.729844867176339895 -0.683039204193564231 
873 1357848030.09115791 0 1 1 -291.854842224690969 -20.2739455327479519 -6.46000727769656535 -0.0256854205403671265 0.020423631629323008 0.738669726102401558 -0.673268275045347364 -308.288944616083768 -22.438594903269184 -30.6259810136672499 0 0 0 1 -291.211172842218787 -20.321662923276449 -4.43304221966636813 -0.0251168308534046036 0.0177881936872135889 0.739687657328362391 -0.672246156232452541 -291.497129943622042 -20.2075323000205209 -4.96772742080083685 -0.0215919679184349879 0.0208563962977357138 0.738972736200369962 -0.673066187538357674 
874 1357848030.89503002 0 1 1 -292.95504066470744 -20.0975742322859219 -6.47365681503803891 -0.0204569163523380185 0.01575658540509026 0.76997287545717108 -0.637553931561825937 -308.715327636254585 -22.3243442637156235 -29.9011895682736473 0 0 0 1 -292.310954792976531 -20.1422372677307209 -4.44127689970723782 -0.0197686481487353329 0.0131428695845647505 0.770926976352867999 -0.636480999450006468 -292.597233688591189 -20.0302483057481666 -4.97644064634392969 -0.0163893603916595888 0.0163807053169466449 0.770260473086472941 -0.637308296635054505 
875 1357848031.70488191 0 1 1 -294.045830760840374 -19.8997133699911402 -6.46400430937316628 0.00842572509857868537 -0.0058311783013756174 0.760150888323102514 -0.649665784459808937 -309.144882398655341 -22.2092437460920422 -29.171006605097844 0 0 0 1 -293.401163539769755 -19.9414078697816421 -4.42618375964643107 0.00904234146620208103 -0.00849521787794576405 0.761028525452815408 -0.648599761625864746 -293.687782136915075 -19.8313381475038177 -4.96203580831624258 0.0124935788481492661 -0.00528310549028763142 0.760432011420181353 -0.649275869943894302 
876 1357848032.60543942 0 1 1 -295.131933740793897 -19.7044990118582248 -6.48070006212306993 -0.0294641713825897732 0.0231472509594215156 0.756025995495793968 -0.653468255933180586 -309.622548473051893 -22.0812516546833031 -28.35904114657977 0 0 0 1 -294.486804435611418 -19.7431307217927383 -4.43746972290131847 -0.0288221791455393443 0.0205352877224698124 0.757044027476080017 -0.652404724392960045 -294.773789356551958 -19.6352361655967549 -4.97398772426337477 -0.0253825252191614385 0.0236891442616429353 0.756324641250442076 -0.653274512662969209 
877 1357848033.40673304 0 1 1 -296.127485280539304 -19.5365222789573423 -6.47017714251980713 -0.0167616791416026409 0.0250630861180001947 0.750555434470515648 -0.660119252569845383 -310.047563828766897 -21.9673674850203895 -27.6365745393032292 0 0 0 1 -295.481848191598374 -19.5724125778793301 -4.4220253308126134 -0.0161399084815327942 0.0224282291399833245 0.751563151608845348 -0.659082170169723258 -295.769120870448944 -19.4662842906436033 -4.95905012291781588 -0.0126738171191043639 0.02556427657044388 0.750817412358463665 -0.659893215166213243 
878 1357848033.90687442 0 1 1 -296.739360631909847 -19.4483177801593428 -6.48471798374145258 0.0524197793257136224 -0.0599250705931722444 0.761944268600223684 -0.642730179933319268 -310.312844575316149 -21.8962846943821567 -27.1856344065336053 0 0 0 1 -296.093553485102404 -19.4824448076913193 -4.43359035957831171 0.052973163465215807 -0.0626372964203452537 0.762643587459192918 -0.64159580076322964 -296.380989579695438 -19.3776069216100701 -4.97078475748802528 0.0564463165969296896 -0.059372125296496582 0.762270286436032452 -0.64205356045827322 
879 1357848034.90838099 0 1 1 -297.231549020505327 -19.3562623966244161 -6.48565265259137469 -0.0113255980615994695 0.0156617962611144967 0.766658674718178834 -0.641763909429151402 -310.844055187383901 -21.7539451796846386 -26.28265072961619 0 0 0 1 -296.585501490633703 -19.3889997681918054 -4.43206423349130585 -0.0106526804502470596 0.013035196534227746 0.767623271888084657 -0.640680198309867222 -296.873094970882505 -19.2851044915572807 -4.96959188095658533 -0.00725416906413081045 0.0162601882579496149 0.766927881940276723 -0.641486248653551638 
880 1357848035.40682292 0 1 1 -297.355733964173055 -19.3262283204196734 -6.50186117722783585 -0.0674508504354192906 0.084944587856159201 0.759560359357579817 -0.641328979746019434 -311.108434527345935 -21.683103923709421 -25.8332428618579861 0 0 0 1 -296.709693571422633 -19.3585713521119338 -4.44762908044092242 -0.0666931176159627076 0.0824114867437095722 0.760763828452247326 -0.640311465018419512 -296.99734125697961 -19.2550567432549116 -4.98530480466544468 -0.0633679702574659748 0.0855475135425005639 0.75977152916819557 -0.641415112651367414 
881 1357848036.5054121 0 1 1 -298.486932735771234 -19.2375210145455071 -6.49825162019694247 -0.0491148341907183261 0.0475450460916431658 0.710847299256228804 -0.700016656083758848 -311.69113887593096 -21.5269665041897511 -24.842727041413589 0 0 0 1 -297.840629575415335 -19.2666572817738526 -4.4387615374321534 -0.0486122328526073927 0.0449364095609801201 0.712040564710541557 -0.699010589418747608 -298.1284246037456 -19.1652793650839968 -4.97605238478020606 -0.0450025910521179504 0.0478301190637148987 0.711151141295718103 -0.699965071087653934 
882 1357848036.80484509 0 1 1 -298.955265398306096 -19.2280392618809799 -6.4890780291931911 0.0351598391785156797 -0.0303241308500158332 0.699631769573653917 -0.712993421989550957 -311.84996158233281 -21.4844094723108334 -24.5727506739489492 0 0 0 1 -298.308910756841158 -19.2558707627172154 -4.42749886633538114 0.0355034473265634087 -0.0330643023998425309 0.700539149856655774 -0.711962889940800037 -298.596692357353845 -19.1553065561748284 -4.96437578854069894 0.0392446767313243752 -0.0301469905920267976 0.699950635101541763 -0.712474647076965506 
883 1357848038.605196 0 1 1 -299.975417881350381 -19.2527748557363623 -6.49478315596718403 -0.0493468467039625894 0.0427049256243606096 0.68659967118126819 -0.724100869756118981 -312.804888426957405 -21.2285338919898479 -22.9495087172609331 0 0 0 1 -299.329168274777373 -19.2776525280362954 -4.42880120580025061 -0.0489430457467064303 0.0400849550331344243 0.687831741867864332 -0.72310806214012513 -299.616883620270755 -19.1791243947425762 -4.96434952788379569 -0.0452292328455588463 0.042850068023987456 0.686932180933579106 -0.724045832088258345 
884 1357848039.90670896 0 1 1 -300.996903631956286 -19.2905615659647367 -6.5039272165355122 -0.0428863242069905948 0.0388747293268645946 0.684965228869380716 -0.726272781987383098 -313.495225881628244 -21.0435558511843794 -21.7760316839124926 0 0 0 1 -300.350812680040121 -19.3124507355036492 -4.43358013579703858 -0.0424951928713460103 0.0362442382643084482 0.686185817648763741 -0.725278937673750956 -300.63843878395295 -19.2160095173193888 -4.96767475859608343 -0.0387682889908048459 0.0390060238018898817 0.68529379858112438 -0.726187275778187313 
885 1357848040.20519805 0 1 1 -301.429885207965697 -19.3060945043956735 -6.50217176079237191 0.0392772999713124835 -0.0376235171204318611 0.683844740939370976 -0.727597508898990553 -313.653547933052664 -21.0011329713440276 -21.5069063598233043 0 0 0 1 -300.783848924704671 -19.3267332222747008 -4.42997309909827486 0.0395504931422118108 -0.0403751092677635398 0.684769746630732645 -0.726564520977391437 -301.071419076818415 -19.231125296742789 -4.96345600387821673 0.0433601732300423759 -0.037536719011949167 0.684184489954614783 -0.727050530437068243 
886 1357848041.30602503 0 1 1 -302.499472397102807 -19.3515512808648253 -6.50730580751555543 -0.00202966399861739637 0.00143513208867920676 0.695987210551154978 -0.71804987543287202 -314.237439234812257 -20.8446775040764507 -20.5143728851424925 0 0 0 1 -301.853601460908408 -19.3690455926632019 -4.43055788225501068 -0.00165688711626718979 -0.00125350559880996236 0.697057042985546826 -0.717012665350510559 -302.141060248545557 -19.2756056437312395 -4.96246122090727582 0.00207567089187803578 0.00160410162877101629 0.696316729366079135 -0.717729845313150983 
887 1357848042.21515393 0 1 1 -303.148131638547966 -19.3406674672143595 -6.51914642604514238 -0.0606271320935347219 0.0614563113096942698 0.717526774603169382 -0.691160473683132159 -314.71965167119231 -20.7154672010136593 -19.6946792476926511 0 0 0 1 -302.502296007432676 -19.3562203274756541 -4.43951657795061738 -0.0600743467189067681 0.0588798417410322378 0.718786677230361604 -0.690123140996578677 -302.78976553906989 -19.2641825598113527 -4.97082041037144684 -0.0565167255400643373 0.0617917020168602601 0.717820904081656441 -0.69117349121583227 
888 1357848043.21580648 0 1 1 -304.187069842771677 -19.2503101828489918 -6.51860333555753346 -0.00920826570288419723 0.00743959443035685855 0.742522379538344213 -0.669716638707873457 -315.25040930368715 -20.5732490635836633 -18.7924655726370311 0 0 0 1 -303.54097354823034 -19.2627979955554736 -4.43412566252289508 -0.00864742757168238986 0.00479416305848954973 0.743556038496274718 -0.668600520200730575 -303.828603301022838 -19.1728403638517086 -4.96514898082895506 -0.00512081976125063933 0.00788671537669365617 0.742832009075880317 -0.669411818851318952 
889 1357848044.21522355 0 1 1 -305.211838750644176 -19.0968769387847317 -6.52212027434495223 -0.00632679604158830743 0.00796781778250626495 0.757446354980567893 -0.652818125405755456 -315.780511620674815 -20.4312065199561061 -17.8913658422067101 0 0 0 1 -304.565309471203761 -19.106313837461439 -4.43265594422266673 -0.00570561949487335789 0.00533178623042203804 0.758454233509131104 -0.65167951758042042 -304.853236062306848 -19.01845907231192 -4.96400165675758398 -0.00225005726997664062 0.00850555852132506979 0.757739290923230779 -0.652498091727233831 
890 1357848045.20507646 0 1 1 -306.221290766471725 -18.9325013003428069 -6.52960054829692105 -0.0319464047631598039 0.0347635978091642359 0.753989206337446705 -0.655187909089215537 -316.305540996410002 -20.2905232865146985 -16.9988894017501835 0 0 0 1 -305.574309917630615 -18.9389018872989787 -4.43518326557374287 -0.0312961060386435716 0.0321673809688586415 0.755105029995623012 -0.654065904189884972 -305.862563220715742 -18.8531713391073374 -4.96696838807688223 -0.0278590098066636219 0.0352960992672140816 0.75427213953447303 -0.65502030538846634 
891 1357848046.11519599 0 1 1 -307.313705558901518 -18.7720079030351741 -6.52682054017100732 -0.0315086666527314985 0.0291952601689176028 0.751368560029605614 -0.658483202297881931 -316.78827887391941 -20.1611721898878145 -16.1783025879363578 0 0 0 1 -306.666235732343182 -18.7751387375902574 -4.42710089831658227 -0.0308779347440595042 0.0265963346255688356 0.75248484734592247 -0.657347505239968433 -306.954798713706111 -18.6916208367374672 -4.95919761691368155 -0.0274209237803627603 0.0297105943754550489 0.751669809651805632 -0.658299225868378968 
892 1357848046.91546106 0 1 1 -308.420490595016304 -18.6288609037933099 -6.53547793010582989 -0.0115228563380612055 0.012874833222536455 0.742135221322067551 -0.670027444008490014 -317.212748681371579 -20.0474342015571523 -15.456763336335932 0 0 0 1 -307.772631681850896 -18.6286234107402002 -4.43045002941914667 -0.0109560556536118566 0.0102358498581959639 0.743204634324358793 -0.668896153181487207 -308.061482417169088 -18.5474696823953167 -4.96267889843769172 -0.00743285569372470478 0.013321000538757545 0.742438199826847889 -0.669740862601911346 
893 1357848047.6152401 0 1 1 -309.319266882281511 -18.5221428730952766 -6.55100022525561165 0.0589735506212523547 -0.0618016950285638147 0.735100822121729114 -0.672554423176799254 -317.583919536392727 -19.9479778311960203 -14.8258248426056305 0 0 0 1 -308.671159569504255 -18.5191265019087048 -4.44169355016118761 0.0594052674093392546 -0.0645424204344413888 0.735905639264969325 -0.671377822292712922 -308.960231338704318 -18.4399853519954426 -4.97393918156269876 0.0630160118696645732 -0.0614168187821036785 0.735441880303217999 -0.671849832414056602 
894 1357848048.71535492 0 1 1 -309.777341418317519 -18.4833060632998354 -6.53115515610190656 -0.00704938020743260153 0.00746790762341432122 0.734144404318282984 -0.678915701838286312 -318.167433102254904 -19.7916235794220476 -13.8339334660714339 0 0 0 1 -309.129044714844213 -18.4789588735952677 -4.41971833823901772 -0.00652312890322102011 0.00481695483994279763 0.735220008731392372 -0.677780041382448295 -309.418154558139577 -18.4005868670468189 -4.9518274850406474 -0.00295657273938904931 0.00786320874667002789 0.734457758029743224 -0.678602409585882693 
895 1357848050.93555498 0 1 1 -310.852623223708861 -18.363491950837286 -6.54217766300501058 -0.0228466108558120877 0.0208150612223509703 0.739937149732311839 -0.671965609272331177 -319.345052773059422 -19.476076772500992 -11.8321448794050408 0 0 0 1 -310.204013346183217 -18.3558083008021491 -4.42565019598367648 -0.0222759523957255789 0.0181952933576271653 0.741063583013868099 -0.670818514335390859 -310.493369011091431 -18.2798038231143458 -4.95770302920316563 -0.0187527269969102843 0.0212545643714449582 0.740250371720628797 -0.671733552750665153 
896 1357848051.73588157 0 1 1 -311.591265014532667 -18.2950668346733636 -6.5580151469418082 0.0363485110887991625 -0.0439655066553277379 0.736546225353116868 -0.673977357100550956 -319.769555207180929 -19.3623300417540705 -11.1105501670339955 0 0 0 1 -310.942526187268129 -18.2850529694451787 -4.43803605892372133 0.0368066461736386227 -0.0466757421363606165 0.73744816215463227 -0.672782917461660857 -311.232022830967253 -18.2107615161758574 -4.96991953895952676 0.0404077952136786336 -0.0435696569461293676 0.736897853292084681 -0.673387294870554709 
897 1357848055.464849 0 1 1 -311.77822231250542 -18.2716324614874139 -6.56248377620927048 -0.0222053722514466458 0.0218400409025369599 0.761355968172625519 -0.647585533952445669 -321.747442457436136 -18.8323490795292017 -7.74841872389239938 0 0 0 1 -311.12945322412105 -18.2610338161483483 -4.44161085106149667 -0.0215475261516591896 0.0192398277087760423 0.762455019615498331 -0.646396067600670365 -311.418980623744346 -18.1871745625506556 -4.97350913707293518 -0.0181270389797011378 0.0224116244215488356 0.761654121975961274 -0.647342357663735268 
898 1357848057.72490311 0 1 1 -312.802090483404299 -17.9591021039623939 -6.56926398859175809 -0.010457238723814313 0.0136165024674101305 0.7819385725974487 -0.623119014076037203 -322.946201174975613 -18.5111380001236014 -5.7106967170086893 0 0 0 1 -312.152380502805727 -17.9453001379505181 -4.44291200773186112 -0.0097284615014744634 0.0110189825274403519 0.782965429063058549 -0.621891530697255113 -312.442576806238435 -17.8736961419873133 -4.97660531043919807 -0.00640158471584156147 0.0143125471117491986 0.782218664164717303 -0.622806657110106077 
899 1357848059.18539691 0 1 1 -313.779987037447768 -17.7477219099161942 -6.55141034349220064 -0.0120694086318126181 0.0103743391562217246 0.773012081559888542 -0.63419163052250882 -323.720863900701602 -18.3035647440004254 -4.39387852746983576 0 0 0 1 -313.129541025678122 -17.730915409891665 -4.42010665419114268 -0.0113832599828301191 0.00777031009901443109 0.774060269605470808 -0.632961880914983954 -313.420161391403951 -17.6612562508822428 -4.95469972039846063 -0.00800577636925067782 0.0110135507657043233 0.77331275508058428 -0.633878531008846502 
900 1357848060.91501594 0 1 1 -314.814482625450637 -17.6739913434406333 -6.57824763699220583 -0.0344652728618114815 0.0161703903130611532 0.718378886890126744 -0.694609558179404063 -324.638273742850004 -18.0577419596967985 -2.83441022302691525 0 0 0 1 -314.163928545296301 -17.6538349025620924 -4.44218663529051749 -0.0339860475807960902 0.0135587517549366383 0.719587620324537158 -0.69343692250727007 -314.45471857101802 -17.5866783772271447 -4.97633002618004117 -0.0303629741705669642 0.0164876706165571728 0.718753616095202608 -0.69440585097421792 
901 1357848061.98597503 0 1 1 -315.435252927312433 -17.5838301909224271 -6.57307832240099987 -0.00993789288874776661 -0.0104032157127355532 0.775845378272904562 -0.63075903513175291 -325.206322773254328 -17.9055314776858658 -1.86880639190750131 0 0 0 1 -314.784404720155976 -17.561721327019896 -4.43401685983925731 -0.00927403916747781935 -0.0130060935611804006 0.776860953619176287 -0.629469532598442849 -315.075365951204162 -17.495877473832099 -4.96831839760404836 -0.00588708891002119247 -0.00974675823766371109 0.776203844166981294 -0.630379199520751055 
902 1357848064.64543891 0 1 1 -315.899482062035645 -17.4165568190853151 -6.59292411817834356 -0.0511464344720577585 0.069277105390643981 0.779356836535824327 -0.620634873540281795 -326.616933031154474 -17.527554127505919 0.529033576721684717 0 0 0 1 -315.248201717316874 -17.3929082805765987 -4.45129939726161972 -0.0503301194555467665 0.0667576439521772869 0.780578912771510591 -0.619440761482477287 -315.539537886168659 -17.3282720648160264 -4.98665002792128753 -0.0470779412792562205 0.0699914014121554295 0.779579734792135493 -0.620596735630065344 
903 1357848065.34548593 0 1 1 -316.135341735128122 -17.3056523911828464 -6.57142549997112813 -0.019995791657067552 0.0197348679212940616 0.733617090783043269 -0.678982081807142035 -326.988246027169453 -17.4280596700290147 1.16021369024335375 0 0 0 1 -315.483630358093649 -17.2813280330157255 -4.42841573685717194 -0.0194530673489945183 0.0171122598596790895 0.734792163304243684 -0.677797333632908283 -315.775170615505942 -17.2170064808687968 -4.96454208845899636 -0.0158979938788410963 0.0201346442072703365 0.73393619533418708 -0.678733755659502336 
904 1357848066.17522502 0 1 1 -317.186107020550992 -17.1415138881316125 -6.55789590029570135 0.0091797423231467952 -0.0182735745838037283 0.699418831980256339 -0.714419419020917101 -327.428349194124621 -17.3101326750139926 1.90832746450185997 0 0 0 1 -316.533811276464746 -17.1138541231471812 -4.40977461594633446 0.00952878874271826173 -0.0209651982804661373 0.700533539847857489 -0.713247798590635584 -316.825688500009733 -17.0517494048853813 -4.94627219258680828 0.0132737512946177923 -0.0180894760169567383 0.699793079325383593 -0.713993154387560058 
905 1357848067.28671789 0 1 1 -317.953592860190497 -17.1719892813863169 -6.65032286824987917 -0.0457674487220562781 0.0480573879378846935 0.710758770534490436 -0.700298363706757021 -328.017897808606904 -17.1521613134303799 2.91047757885031277 0 0 0 1 -317.301809874126491 -17.1415468445212795 -4.49894871009985398 -0.045262333365843746 0.0454689434387513941 0.712082329152886384 -0.699158532000463628 -317.593697683039807 -17.082029107815405 -5.03431143815162851 -0.0416527102452962164 0.0483412342743906043 0.711073998892307824 -0.700215641711431913 
906 1357848068.19555902 0 1 1 -318.473046693274341 -17.1876188949515978 -6.6470793187297561 -0.00646994016512811038 0.0108257216422568692 0.76697458526352591 -0.641553527918775179 -328.499957607816555 -17.0229919099661089 3.72991175447793211 0 0 0 1 -317.821318222265518 -17.155494516358182 -4.49348926461190956 -0.00580994923743152758 0.00821150323647281549 0.76806167449976559 -0.640296868545420894 -318.113141003142857 -17.0971216646957913 -5.02813102156430958 -0.00239996780257254643 0.0114236340323224002 0.767267903848630639 -0.641220480383908775 
907 1357848068.50503612 0 1 1 -318.86651799956627 -17.1328055144220315 -6.65012390613348181 0.0327138895924116435 -0.047065483458219412 0.801141813332156949 -0.595723456500953263 -328.664107819368269 -16.9790073567230593 4.0089441349056818 0 0 0 1 -318.214640674722432 -17.0993827644802039 -4.49464284550422555 0.0334250314584252292 -0.049698706691268163 0.801980271787997689 -0.594340348191226386 -318.50657013720911 -17.0419352909580901 -5.0293594987430712 0.0367080654529220798 -0.0462562738871334783 0.801483252098901366 -0.595094506496028242 
908 1357848069.00607848 0 1 1 -319.271940871242464 -16.9862552686865342 -6.68789986809361015 0.0164783722913420978 -0.0281108374787284905 0.85100622224641842 -0.524143733875310214 -328.929866458102367 -16.9077965134064385 4.46069661748986235 0 0 0 1 -318.619761206880639 -16.9513774775167221 -4.53018258795661755 0.0174434585931657928 -0.0306407977511171936 0.851795935648531954 -0.52268590116639424 -318.912052033636542 -16.8952136457632243 -5.06581528175163509 0.0203990927201434837 -0.0269451453038726425 0.851298967890708025 -0.523591351560511842 
909 1357848069.50495839 0 1 1 -319.508560781663334 -16.8115119616623332 -6.65249090607193683 -0.00568865289362863701 0.0208688403370699618 0.888835868796100881 -0.457714899334424496 -329.194478105008955 -16.8368930100720782 4.91049937453342089 0 0 0 1 -318.85566769546449 -16.775967871494327 -4.49318449217790317 -0.00445337134757137817 0.0184602023179040453 0.889645237566941249 -0.456257317408152285 -319.148305271115476 -16.7200195277337613 -5.03018473782239717 -0.00184356239522067322 0.0223427653384024212 0.889006615056615268 -0.457345209333504754 
910 1357848070.10552096 0 1 1 -319.731732081037421 -16.6230884444696159 -6.65998507044275279 -0.0122171604472302714 0.0348158194921083172 0.930079880785545932 -0.365499678606759526 -329.513023406880393 -16.7515378182752457 5.4519817949033742 0 0 0 1 -319.078267344932556 -16.5867821407446741 -4.49910399495287727 -0.0107214057626413232 0.0325532150176938151 0.930774066423287527 -0.363984858097617103 -319.371331797719904 -16.5314213313328437 -5.0376133073609477 -0.00853478395661939546 0.0366715888352075331 0.930180174013974237 -0.365167353286746876 
911 1357848070.60536098 0 1 1 -319.919729879632996 -16.387954903739157 -6.65593124625442023 -0.0227957747370367385 0.0782002926627363287 0.954132170157626414 -0.288091771406090658 -329.77814430804159 -16.6804978586995887 5.90265021288983061 0 0 0 1 -319.265489281524594 -16.3510392704547165 -4.4934797732674534 -0.0210504999017745581 0.0760857699077378408 0.954790626004317633 -0.286605464996248116 -319.559076926532555 -16.296078334447202 -5.03397305475524881 -0.0192630544681455934 0.0803464886026407643 0.954090166640422122 -0.287898125075233102 
912 1357848071.60517001 0 1 1 -320.354874274029953 -15.4504773615609565 -6.66900081505494491 -0.018403503109039019 0.0895104348227293428 0.976754369601405603 -0.193907438216594535 -330.308454525201739 -16.5383996075824129 6.80410334450964704 0 0 0 1 -319.697551684163386 -15.4120691293459053 -4.50166034343100652 -0.0164389772237704054 0.0875574914464062048 0.977263388488893825 -0.19240508111443988 -319.993372307169182 -15.3582596107789371 -5.05041021607580554 -0.0150917894138289758 0.0919814105058979758 0.976618848726164224 -0.19371959716666734 
913 1357848072.20525789 0 1 1 -320.651508737773497 -14.5624382503523435 -6.69855095507781151 -0.0129621976467617084 0.0222173913550677109 0.991213432580252407 -0.129747061724015872 -330.62674804529496 -16.4531118814862012 7.34515777110327317 0 0 0 1 -319.991327296335555 -14.5229431832279783 -4.52708322331227553 -0.0109789327946972718 0.0203722635214154818 0.991494714915066244 -0.128072886315547613 -320.289295931460458 -14.4701182255316034 -5.08378185363539536 -0.00984113383304098532 0.0249061154971540154 0.99123724632039889 -0.129350527648230323 
914 1357848072.90590811 0 1 1 -320.942678479499591 -13.4807332068372006 -6.75064383776859245 -0.0135470897066834982 -0.00425664924885846285 0.994220333963512948 -0.106415623059455247 -330.998380985006065 -16.3535316941134745 7.97688174411973083 0 0 0 1 -320.279055899376885 -13.4400917198421901 -4.57445523042227364 -0.0115661854694734008 -0.00605427395476144849 0.994421581825500112 -0.104667505560402455 -320.579685896310139 -13.388457261032725 -5.14091282425803442 -0.0105025378633021322 -0.00149432993460861183 0.99431530512916666 -0.105945918573433578 
915 1357848073.60485005 0 1 1 -321.085893043336682 -12.4895269252214831 -6.75148423204191594 -0.0157708677778542437 0.000390167110497017589 0.997808186941646746 -0.0642646837025055567 -331.539495776533727 -16.2129777028237889 8.73625736748511983 0 0 0 1 -320.418898856938085 -12.4484025905093958 -4.57150893811823877 -0.0137074495977581624 -0.00131737906666386478 0.997949556659347148 -0.0625064212807943387 -320.721928656256239 -12.3971290164794699 -5.14704739913679266 -0.0128433119902143112 0.00327991597679940915 0.997873908116050035 -0.0638118718539757712 
916 1357848074.61502552 0 1 1 -321.179569644512753 -11.3840411432638433 -6.74963118825001995 -0.0214432323046035433 0.0551811775355087394 0.998116442080323019 -0.0160870594902447483 -329.923864818674588 -15.0473709509437992 5.76085046911084575 0 0 0 1 -320.508777808884247 -11.3426110676846879 -4.56572075209151151 -0.0192070091009345877 0.0535877978075410127 0.998274159378220838 -0.0144271079999208178 -320.814504315017757 -11.2915570906741749 -5.15146028776065545 -0.0186348036841312223 0.0582061107563040595 0.998005577810646471 -0.0158006145803514901 
917 1357848075.51518393 0 1 1 -321.185660465491878 -10.2427899810950294 -6.76078141888540252 -0.013553369559143616 0.0577746659996414627 0.998235156891173592 0.00222838252489794553 -314.695809299764505 -11.3731396400937719 -14.0170237022480393 0 0 0 1 -320.510979708869741 -10.2013151462562401 -4.57320295058863646 -0.011283197070066156 0.0562074556730858127 0.998347806141595018 0.00388192772994673139 -320.81952828238974 -10.1503894991480195 -5.16957437264476738 -0.0107994321216449748 0.0608461007896819936 0.998085521477525606 0.00253300246303063024 
918 1357848076.21523595 0 1 1 -321.16852039680515 -9.1939088381973022 -6.77512939269225178 -0.0195987515283735751 0.032982160935515481 0.999203580594098084 -0.010966791987024202 -303.605081391158251 -8.4994673147505857 -27.4095677255086798 0 0 0 1 -320.490261907531192 -9.15246036885752012 -4.58427906400213114 -0.0173915475492227266 0.0313960747734792212 0.999313021933682988 -0.00923605740735115172 -320.801427960888702 -9.10163368318433008 -5.19044680219249166 -0.0168141604807018272 0.0360237506857677969 0.99915313066017164 -0.0106110737362858885 
919 1357848076.92555857 0 1 1 -321.220648237999512 -8.1368103467457189 -6.78963369413023798 -0.0149895312037496044 0.0148652199928614084 0.99848057746213259 -0.050900644590632628 -315.212475733606141 -8.9037085852258695 -10.6781242909229519 0 0 0 1 -320.538758687183929 -8.09514610488063546 -4.59518499008750592 -0.0128804157167258793 0.0131861426489518381 0.99862244381384957 -0.0491267263743543764 -320.852585212670135 -8.04459073994257956 -5.21114708885743827 -0.0120937363689931823 0.017793166725221795 0.998493318786794481 -0.0504800663297776467 
920 1357848077.6250844 0 1 1 -321.30468913116016 -7.13289685028584586 -6.8006656351351662 -0.012248604185769757 0.020740119344534947 0.997873163677883479 -0.0605720096791167728 -320.623317669558446 -9.22682294637764144 -4.86869969488498366 0 0 0 1 -320.619317765289964 -7.09091899497180389 -4.60265021711080902 -0.010146271585383785 0.0190366198269140766 0.998036470278390375 -0.0588036076506604569 -320.935686394937306 -7.04067764174977828 -5.2278744982930796 -0.00932184811338841908 0.0236383180903658487 0.99786538563879279 -0.0601581682695964542 
921 1357848078.42089248 0 1 1 -321.486500898916688 -6.11928623722444343 -6.79844377273568412 -0.0181325945300524864 0.0288476040575505084 0.99208634387692729 -0.120845815188855316 -320.910809056867151 -8.12448257733866797 -5.48280080344396481 0 0 0 1 -320.797531097657895 -6.07668397177580655 -4.59640727877739153 -0.0161248337620877973 0.0270339032321190616 0.992385237343344606 -0.119082738107482239 -321.116472272679118 -6.02688543934388754 -5.23087327391541201 -0.0150327576919544858 0.0315660908702681264 0.99210067117173717 -0.120473467468707102 
922 1357848079.22508788 0 1 1 -321.732926826937444 -5.06720611405323496 -6.82670400733259264 -0.0194578189699499346 0.033386878343721331 0.990074030732054466 -0.135130023700794022 -317.152688838108872 -5.93593467454924983 -10.3808334121570418 0 0 0 1 -321.040324755460517 -5.02364356414545377 -4.62024383664027738 -0.0174693062928971549 0.0315484520543786659 0.990410671173905577 -0.133364991416306644 -321.361997290727459 -4.9747440678500352 -5.26423560689532621 -0.0163173481307116765 0.036060776023782895 0.99008552845151887 -0.134773925272733963 
923 1357848080.02673101 0 1 1 -322.076399766235511 -3.98409269089810891 -6.84813215186830426 -0.0133419036459263198 0.0232494912212437219 0.98215983490620129 -0.18612768053698972 -316.483950051595457 -4.83534031733870506 -10.5940000000000509 0 0 0 1 -321.379993675270896 -3.93924083408309578 -4.63672955146247645 -0.0114708883296352863 0.0213027991222269064 0.98256261451101079 -0.184351072781727965 -321.704496790927976 -3.8914271355698018 -5.29042558600144996 -0.0100720122708943798 0.0257565724204192326 0.982212002898104286 -0.185727582520370915 
924 1357848080.82614589 0 1 1 -322.52881116153776 -2.94776115303791642 -6.85825282890471399 -0.025576327858940158 0.0172408471732565759 0.973678792227887779 -0.225827841967376847 -312.647250697662798 -2.74871724643426685 -16.7972880488241785 0 0 0 1 -321.828691824047382 -2.90125055350223349 -4.64158588415425299 -0.0237984895036507278 0.0152450951097736122 0.97417457234298066 -0.224020359728327734 -322.155915563750227 -2.85470797848905633 -5.30442581893554532 -0.0222109337634592632 0.0196196572134328603 0.973803510450549359 -0.225451694396758495 
925 1357848081.62498856 0 1 1 -323.02306720498126 -1.97923968238887937 -6.87171512791563543 -0.0197390508875212138 0.0245585038067159221 0.970218392511374539 -0.240173938206208804 -301.088216838837013 0.811969665706917421 -30.5858484327447222 0 0 0 1 -322.319469445938523 -1.93089246406437698 -4.64981979660749367 -0.0179784303903956326 0.0225271287857976496 0.970743209919674221 -0.238383986257914293 -322.649262914412589 -1.88577343032721045 -5.32112292433706013 -0.016335423386501513 0.0268844218743625532 0.97031237721999597 -0.239800484605318137 
926 1357848082.42643642 0 1 1 -323.552187376686788 -1.00045692731639235 -6.88597497882396947 -0.0201779573261453259 0.0267000601387891966 0.966661119384506273 -0.2538626343064741 -306.1752766525222 1.11517944871490093 -24.2057604309885335 0 0 0 1 -322.845049887062885 -0.950126869827447762 -4.65866886733684282 -0.0184431857340156581 0.0246463271541866417 0.967219552368297375 -0.252068929013990084 -323.177465081055061 -0.906545035410287858 -5.33848980586547128 -0.0167409767587646703 0.0289778547602535484 0.966757095786588416 -0.253497024394641446 
927 1357848083.2352891 0 1 1 -324.076059889459145 -0.033630579662656146 -6.89976074047464216 -0.0289600669078590237 0.0191466425896166109 0.969941107110706802 -0.240850512432700642 -320.482446067622448 -0.40106947801526549 -7.62928787482214332 0 0 0 1 -323.365397563465763 0.0186771184919332402 -4.66710609162658319 -0.0272120147274669509 0.0171332453783239469 0.970485550127040741 -0.239005763846593638 -323.700427736288248 0.0607257199852818397 -5.35533801326824488 -0.0255577767921973953 0.0214747230203510171 0.97007779453640397 -0.240488479690869977 
928 1357848084.03544545 0 1 1 -324.58331873530858 0.956699512049524969 -6.91298764005414856 -0.015417228097898892 0.0191552048245132549 0.968933896170965481 -0.246094477908101461 -308.972563815012109 3.05040311068296432 -23.7370000000000232 0 0 0 1 -323.86901226500504 1.01093586351873932 -4.67498298704984006 -0.0136801895572580528 0.0171071054229321347 0.969462782235414267 -0.244258292015022416 -324.206747286125108 1.05148712787321363 -5.37186238348441236 -0.0120017105554767918 0.0214588743595996272 0.969036488584428035 -0.245690373126264849 
929 1357848084.83500695 0 1 1 -325.055412070395732 1.86794670829833365 -6.92687069674956568 -0.0132030237724293214 -0.0207358611152334837 0.969148207185883237 -0.245249784373937768 -315.22811840962288 2.83034325681324628 -16.2377533293683882 0 0 0 1 -324.337735058973635 1.92399597810267098 -4.68392129993171924 -0.0115414504789808497 -0.0227858300518694254 0.969610851126609941 -0.243315429529694094 -324.677984039750356 1.96312719658801682 -5.38875032702182022 -0.00981019732087474311 -0.0184300083240595616 0.969366816077881222 -0.244728565371376133 
930 1357848085.83553743 0 1 1 -325.559719723819171 2.80414853055678748 -6.92572019796024563 -0.0287378237008439896 0.05332013570149189 0.965823358214567551 -0.252024485605762016 -323.058169418851946 2.5548952761709125 -6.85097825231525626 0 0 0 1 -324.838478995383241 2.86209874907853346 -4.67760877805215447 -0.0269513340285814536 0.0512912860509572299 0.966454703569825657 -0.250216177568676146 -325.181324869126911 2.89984839035101105 -5.39058205772516441 -0.0252947125321795058 0.0556047235077657617 0.96586135549709784 -0.251754114561903997 
931 1357848086.63513255 0 1 1 -326.076720879742766 3.70046600662817582 -6.93110740173636586 -0.0196652252733888581 0.0224314224764368582 0.960768294717120108 -0.275743348182666992 -325.247840743847519 3.34960188184638108 -4.07720049870557055 0 0 0 1 -325.352076187205967 3.76040165785422831 -4.6779071176187017 -0.0179878410841813642 0.020342782764277114 0.961381369330373658 -0.273876745027743174 -325.697433242826946 3.79666041792621778 -5.39863730316167079 -0.0161793688751773121 0.024631190355070675 0.960888801448564811 -0.275362023044634696 
932 1357848087.43514705 0 1 1 -326.612696700841354 4.57371105197023553 -6.93708815028326509 -0.0196911598363896795 0.031072795263276852 0.951795772509402505 -0.304518549602571964 -325.842845674629416 4.24861979640195386 -3.47346603804144038 0 0 0 1 -325.88470780789055 4.63572224810308064 -4.6787916374577847 -0.0180622552495406548 0.0289371975313712053 0.952484079479658186 -0.302672218533712178 -326.232540870522996 4.67041785879001736 -5.40704083410892977 -0.0161371320788935742 0.0331662939613572086 0.951905269121266828 -0.30416434461045222 
933 1357848088.23501945 0 1 1 -327.251350801860042 5.37996510282621898 -6.95371890648040747 -0.0170368860549982709 0.020690795860099441 0.942581095885800191 -0.332900154939808568 -326.185453055244636 5.0762299740163046 -3.80256044401291859 0 0 0 1 -326.520295923784261 5.44450417637221928 -4.69009664825284123 -0.0154939537877150056 0.0185042918306459157 0.943308762351582786 -0.331037924489922808 -326.870450264512499 5.47723016643625371 -5.42512166414886732 -0.0134265129404248316 0.0226771210202369455 0.942730400599612106 -0.332512960225295473 
934 1357848089.03685451 0 1 1 -327.905423153110746 6.21156446683676222 -6.95100754234410445 -0.0156316079319939634 0.0279606264940814517 0.934652753691597837 -0.354115922003279127 -327.22689714606895 5.94785092206868349 -4.17191359436393761 0 0 0 1 -327.171093509975663 6.27865056942648625 -4.68191410457521151 -0.014125279915508349 0.0257389784100302728 0.935437285125261919 -0.352271297518256754 -327.523644005020799 6.30952351649231957 -5.42393212232145583 -0.0119740855834401042 0.0298638259419088253 0.934787482803112635 -0.353747275846998555 
935 1357848089.84030294 0 1 1 -328.64817548224886 7.02482240195367069 -6.99093159843638112 -0.0220917458906954786 0.0220173432313467074 0.925844231101777049 -0.376616052626668418 -327.929832654946154 7.01454144351130093 -3.54185375694352178 0 0 0 1 -327.910796339939395 7.09496697500052242 -4.71604317262546502 -0.0206524560987911034 0.0197752023958694886 0.926684962024117875 -0.374749781301669638 -328.265766814017582 7.12331031180413632 -5.4647790794968234 -0.0183924052850782914 0.0238354477438475522 0.926027125706571308 -0.376254373149742638 
936 1357848090.64517689 0 1 1 -329.427387873929433 7.84406946196992294 -7.02706549238468892 -0.0225085309770355416 0.000108528699975386778 0.924021971165596812 -0.381676238529492617 -328.731935854960511 7.49047746893524113 -4.04466383122635165 0 0 0 1 -328.686889541534072 7.91743230538074183 -4.74620750433310246 -0.0211263044645536927 -0.00213966531667731394 0.924845678598629872 -0.379749354007934303 -329.044320331945585 7.94314988438361169 -5.50167332636894724 -0.018810168820447646 0.00190763898199087958 0.924276227991527088 -0.381255810227484171 
937 1357848091.34522009 0 1 1 -330.151860831421004 8.53944010858920421 -7.0839751734493932 -0.00470483217309457073 -0.0307509201490949874 0.915282874670295898 -0.401608646320626983 -329.588101228693972 8.01841497254963542 -4.31436565423085927 0 0 0 1 -329.408807439792326 8.61589413742382604 -4.79777896914301394 -0.00343759866959304859 -0.0330636592267176468 0.916066973600159429 -0.399645189177814664 -329.768375313169486 8.63893135317216121 -5.55888248274608454 -0.00098572280405196484 -0.0290422298391512235 0.91559397415579602 -0.401052679490012942 
938 1357848092.34486055 0 1 1 -330.912136479256333 9.24514596861642701 -7.13326640180453175 -0.0223577586361571184 0.014674141870187677 0.898773956987050981 -0.437595903124080532 -330.483621560757797 8.94535824054470474 -4.22957928383955117 0 0 0 1 -330.166426145238006 9.3248341352426749 -4.84154620018476756 -0.0210900130044280772 0.0123474039433474035 0.899750478096590256 -0.435719898710502151 -330.528178423068255 9.34513406954034132 -5.60834100970697769 -0.0185494044280861969 0.0162427176293674855 0.899013735330305597 -0.437225796822222235 
939 1357848093.65522504 0 1 1 -331.780380369618513 9.85525164803264886 -7.20124111852572479 -0.0214571572604635302 0.0332827450533598745 0.878895173773730387 -0.475368407449692831 -330.95399089826708 9.61614114918239338 -4.52561369087312038 0 0 0 1 -331.032456393752284 9.93870519836753985 -4.90383651592097891 -0.0202537096362595537 0.0309054686347924046 0.879986613409136753 -0.47355907706974909 -331.39614794966667 9.95574127061220793 -5.67530567551333132 -0.0175775737652288482 0.0346864350828052226 0.879096090419326015 -0.475055727184959364 
940 1357848094.75632238 0 1 1 -332.660797266643101 10.4028174514138811 -7.25332059618302694 0.0104498541318282165 -0.0172791030869680409 0.843861335075315799 -0.536181201003950947 -331.254115465155337 9.79055619705468416 -4.49200000000001864 0 0 0 1 -331.910823924360102 10.4900672424712749 -4.950379938618509 0.011373890106373399 -0.0197974935039950221 0.844941189976423201 -0.534371667808121731 -332.276266726870745 10.5039220911908036 -5.72592558701198318 0.0143928758333989517 -0.0161656497890344461 0.844162952574450398 -0.535649536910962842 
941 1357848095.85608101 0 1 1 -333.651821004668136 10.7548446139716276 -7.31617853650767813 -0.00581813543173176871 -0.0378333469686263774 0.79229284331464378 -0.608939108277376961 -332.756938915528508 10.480094491199484 -4.96722818947420031 0 0 0 1 -332.900642572615936 10.846430547072659 -5.00784837356159507 -0.00516550599267141721 -0.0403906113292350627 0.793540396529366476 -0.607153650355744978 -333.267252101359304 10.8566232172654811 -5.78551962668362929 -0.00180405199940209047 -0.0370682017333715252 0.792741648737489646 -0.608426965357062532 
942 1357848096.85614896 0 1 1 -334.48487740104639 10.9368765947640014 -7.36307200500436565 -0.0408848276271440297 0.0167982093689766215 0.748749325547960032 -0.661377878767781091 -333.754675159318481 10.6615260318550398 -4.93293708483503845 0 0 0 1 -333.733133973575377 11.0321290341014393 -5.05057522826502492 -0.0402926509184572887 0.0142736895410150739 0.750283451516035482 -0.65973290538674445 -334.100361922497257 11.0392626471104993 -5.82897133878286855 -0.0367998218808958527 0.0173046415653039555 0.749155604758158233 -0.661144615306869965 
943 1357848097.35725689 0 1 1 -334.916573996328509 10.9822869357807491 -7.40474953936655389 0.0308526681910917706 -0.0696463077979003198 0.736798204798807199 -0.671807941364841121 -334.063228861271057 10.6637998007593175 -4.89390315394612507 0 0 0 1 -334.164827484357374 11.0795208617788585 -5.09024991659906512 0.0312142362861912714 -0.0723278642980386827 0.738075455326023477 -0.670103703723862187 -334.532232250289496 11.0848838378929315 -5.86856476342631517 0.0348902090091624401 -0.0692425404748224088 0.737279451981475598 -0.67112379900416641 
944 1357848097.75551105 0 1 1 -335.225834426575432 11.0010718130957912 -7.45586463140789757 0.103013296054312906 -0.140967151798553264 0.721279135668662308 -0.6702782492360152 -334.267398055818205 10.6337954717164624 -4.85782027999323684 0 0 0 1 -334.474240864634737 11.0998149156300769 -5.13997461952643153 0.103185575107385366 -0.143778017066572145 0.722297160445849129 -0.668556228682394282 -334.841747849326168 11.103691101964424 -5.9181018213233223 0.106964860531389552 -0.140644762743047519 0.721781508207067102 -0.669185343335300442 
945 1357848098.26518989 0 1 1 -335.259550216063246 10.9951610067664376 -7.4206802036077022 0.0421813969513858689 -0.0782276246266256359 0.733618874468259685 -0.673724361679484907 -334.392840125128373 10.6662848809844419 -4.76350431789669848 0 0 0 1 -334.507855192346938 11.0939430478462597 -5.10466452801535286 0.0425104963628759533 -0.0809326296307082138 0.734887046681981682 -0.671999848049890214 -334.875276596513515 11.0980330533747438 -5.88269792294101368 0.0462112909642183947 -0.0778448961946754669 0.734097870073593839 -0.672982173521166738 
946 1357848098.56679296 0 1 1 -335.105083608400889 11.0038048373089197 -7.38991155124362642 -0.0230549084149500282 -0.0133438420214689549 0.740350395940565065 -0.671693162320961101 -334.395455180590375 10.7333114027197141 -4.66753817483303912 0 0 0 1 -334.353245521925544 11.1018113287490241 -5.0745327542813996 -0.0225652353749812053 -0.0159103040112445922 0.741869358292212233 -0.669975766431773812 -334.720634701206507 11.1066975548692763 -5.85282816139869233 -0.0189774980898223221 -0.0129005010285379307 0.740808608449602835 -0.67132409258600767 
947 1357848099.06673908 0 1 1 -335.031711824981869 10.963532132402193 -7.40017074935870944 -0.0856960576490534837 0.061570326867830788 0.749191022969106668 -0.653894556985529563 -334.406167341327546 10.828139106957261 -4.5372599929980364 0 0 0 1 -334.280121552730691 11.0612408907963022 -5.08523428817557743 -0.0849913929720378103 0.0591693464741277 0.750935545770706314 -0.652204919987996345 -334.647362671996063 11.0662827200224534 -5.86324135958070691 -0.0816081736866454271 0.0621225430599321865 0.749582109272871611 -0.653917087320196933 
948 1357848099.76573491 0 1 1 -335.443368451632409 11.0351825824615588 -7.42026325286879285 -0.0236278073171893796 -0.00729876967582800129 0.74861021041723852 -0.662549022745984484 -334.571963938668603 10.8154304009457416 -4.68570904932341659 0 0 0 1 -334.69156207484474 11.1347764950489392 -5.10333030403629095 -0.0230937735039163615 -0.0098549637195952354 0.750143799014865831 -0.660797879926214748 -335.059047252882635 11.1382573765612172 -5.88152099523263949 -0.0195525627953249265 -0.00680477962699795481 0.749047858778554843 -0.662192341787206873 
949 1357848100.76675749 0 1 1 -336.182439200325803 11.1693457025422873 -7.45707828413297769 0.0424672601673580508 -0.0679305094893803141 0.736216804364217436 -0.671987198290362353 -335.263116880698988 10.6200537874324894 -4.96250026317693571 0 0 0 1 -335.430196729057513 11.2723679122813216 -5.13654581132774624 0.0428203252912370963 -0.0706363136094832894 0.737546358173302274 -0.670225559410348337 -335.79816599240695 11.2730000895030091 -5.91511514234106706 0.0465042128605791874 -0.067535465270920178 0.736665295490620209 -0.671267876139306718 
950 1357848102.27673411 0 1 1 -335.913499748802565 11.1000568472811523 -7.4479617044001829 -0.0230760823223860566 -0.010371304201765583 0.739071700707987667 -0.673151507230287383 -335.508120538434014 10.5512271132320166 -4.65800000000001546 0 0 0 1 -335.161562702699086 11.2018244267533635 -5.12880254328419838 -0.0225877123449235509 -0.0129337320852417059 0.740647567028723919 -0.671389376799932713 -335.529254287304809 11.203473630483769 -5.90704493980117107 -0.0189961072149163086 -0.00993577301579379527 0.739524422620963851 -0.67278827031421129 
951 1357848107.18519497 0 1 1 -336.641360074002193 11.2023518587822508 -7.47167742497255283 -0.0717291664625129277 0.0689932858072006966 0.72586201489691371 -0.680602077958855411 -336.080417804585011 10.9749988951166912 -4.31058950182590284 0 0 0 1 -335.889061966865654 11.3074790467778623 -5.14906935712615876 -0.071097449162469073 0.0665493780640354499 0.727697210298059782 -0.678950000461227998 -336.257124114492171 11.306418073698751 -5.92740612168798009 -0.0676190779181268936 0.0693936586672802141 0.726209460640717896 -0.680611489554936222 
952 1357848108.29581141 0 1 1 -337.70704332890989 11.2433336096840293 -7.50216435363854384 -0.0288457575308576214 0.0189790388065918039 0.683855464720909967 -0.728799987465557964 -337.012831698925709 11.1308885333492285 -4.15446501597380546 0 0 0 1 -336.954680719527289 11.353426753973423 -5.17485479534307213 -0.0284967681478694931 0.0164011615023485074 0.685644449400315437 -0.727193664104025861 -337.322913576321241 11.348381982725412 -5.95231458047711559 -0.0247303501426796128 0.0190960084363088235 0.684266055418615404 -0.728562775363571058 
953 1357848108.99510694 0 1 1 -338.723009844078945 11.0350685497183321 -7.50971877749000249 -0.0223454234674163831 -0.0226565193458455119 0.618746136970742433 -0.784946228836712501 -337.881621683814899 11.3726712430191341 -3.68845724618667248 0 0 0 1 -337.971640923326561 11.1498768708022045 -5.17871336843161156 -0.0223229265646084155 -0.0252645884727321808 0.620600630910443152 -0.783401713319836102 -338.339127404693272 11.1411923432781972 -5.95303479565454019 -0.0182587878556561348 -0.0228958745580140378 0.619298376831382447 -0.78460940349213304 
954 1357848109.79516196 0 1 1 -339.727452521689656 10.7864495775744587 -7.4952108203368546 -0.0080855478587306389 -0.016682123212247147 0.620639781823428383 -0.783876643292248487 -338.870639850987004 11.1596552003746687 -3.6839003940883055 0 0 0 1 -338.977182333780377 10.9058932748823878 -5.1606892694274773 -0.00804402718157956088 -0.0193234173001048219 0.62248473237412405 -0.782352003340991864 -339.343740475771654 10.893774505926638 -5.93150893393407941 -0.00399388715547495474 -0.0169205446922752398 0.621134882080028428 -0.783510818238098983 
955 1357848110.79500508 0 1 1 -340.71215113254749 10.5756939455914818 -7.51130119221746195 0.0535457099855140076 -0.0599622319782349006 0.616389319447299466 -0.783327258908836033 -339.986329082410862 10.6219888328691319 -4.0938334378174126 0 0 0 1 -339.96294288013496 10.6998169037683049 -5.17322964272203123 0.0534746071806664197 -0.0627414151120294639 0.618046324462939944 -0.781807343297863833 -340.328737391263417 10.6840122768014325 -5.94092053703565881 0.057599892254909614 -0.0602454405081171845 0.616848918524306344 -0.782655831784060396 
956 1357848111.19548392 0 1 1 -340.979392541193079 10.543407306073405 -7.49472463140857403 -0.031980591836033169 -0.00327596730013743516 0.621755552263570266 -0.782551303758091121 -340.364291484601608 10.4533263314565801 -4.19809480239597566 0 0 0 1 -340.230279557361484 10.6687273492965957 -5.15561066729034412 -0.0319035049612104299 -0.00585670086599181499 0.623696478923598807 -0.780993321101058569 -340.595918173747464 10.6521228862165902 -5.92268486616023537 -0.0278824137644099884 -0.00349436688101602754 0.62227573641486289 -0.78229359467664783 
957 1357848112.40512657 0 1 1 -342.068176059358336 10.2866578276903766 -7.52807499386232415 -0.071776473546235009 0.0282314623361812102 0.633245007083038769 -0.770098619258617889 -341.596567117916834 10.1834990731516246 -4.15391916450173682 0 0 0 1 -341.320430687483963 10.4172577831055762 -5.18511332446612538 -0.0715789889661340162 0.0257567520797700629 0.635304252948567294 -0.768506046980991675 -341.685143173046356 10.3963800351514024 -5.94850452156293041 -0.0676674075925339652 0.0281039183331792779 0.633771380114452887 -0.77004229070347141 
958 1357848113.10526395 0 1 1 -343.135900059776759 10.1510899860091826 -7.51752320941641194 -0.0169624177995002408 -0.0119440221562818211 0.686615143249858395 -0.726725024873302372 -342.471195833873423 10.0410275740566011 -4.18204490669153461 0 0 0 1 -342.388765535410073 10.2867706285988305 -5.17042309460141425 -0.0166805488037594617 -0.0145422353716574016 0.688400831495899257 -0.724992812293856814 -342.752938878827649 10.2620645082730064 -5.93128181210218308 -0.0128627180777322863 -0.0118189772181522199 0.687091132182311215 -0.726361231301340449 
959 1357848113.8154459 0 1 1 -344.214846452056634 10.1799203102245173 -7.52391810412094131 -0.00679776816220490493 -0.0354527300328828024 0.743550905153351871 -0.667704235217105535 -343.509437502641276 10.0068084561010817 -4.2182787927204286 0 0 0 1 -343.467607177160801 10.3208279286237943 -5.17211311371416471 -0.00635936637371694452 -0.038039115405284922 0.745144753948826177 -0.665786662393481388 -343.831872776789623 10.292054931547101 -5.93195197115711004 -0.00273616295770320568 -0.0349970495983916996 0.744038884520851207 -0.667213502750539367 
960 1357848114.61488652 0 1 1 -345.091536514103097 10.3478839498118731 -7.52130799733943167 -0.0264005784567376278 0.00470249802062627613 0.793375024625450287 -0.608142225363509814 -344.451176174184639 10.1249815260064757 -4.27122370888596681 0 0 0 1 -344.343479420190135 10.4930394951533721 -5.16522436241505289 -0.0256631692886211925 0.00221315470996834946 0.794938058893910338 -0.606143535979948744 -344.708353832770115 10.4610078333227339 -5.92557689563797663 -0.0223629132406392185 0.00548432936584243667 0.793760976751196168 -0.6077938252646089 
961 1357848115.6155901 0 1 1 -346.119333018319537 10.7023631251774844 -7.52576886272974832 -0.0447787379180265011 0.0313469985374038168 0.809810104273869569 -0.584140244572405098 -345.626442321938498 10.4718566273000597 -4.30281399584480084 0 0 0 1 -345.369558370840195 10.8525560054607215 -5.16417276462019004 -0.0439022617191406339 0.0289295685037852419 0.811405120187368767 -0.582114595604551699 -345.735775243075125 10.816599625024832 -5.92658987334719178 -0.0407547876282380317 0.0322548214977552358 0.810151878270174097 -0.583911472665878062 
962 1357848116.4060111 0 1 1 -347.162908757229104 11.0255991636923767 -7.53226494698582627 -0.0178247190905888968 -0.00929906134483182538 0.796096903520770449 -0.604835123857806134 -346.573583952976264 10.7875158755453722 -4.30724974244746939 0 0 0 1 -346.41156157394505 11.1809477370758525 -5.1651899171459803 -0.0171124876905044063 -0.0118045841679312556 0.797632138692880965 -0.602785854082430572 -346.779019723550277 11.1409559035346319 -5.92936011079926573 -0.0137975252212164216 -0.00850439505085736312 0.79650159161495393 -0.604419157636018278 
963 1357848117.2149806 0 1 1 -348.2200908121456 11.29960098691474 -7.5277333909389883 -0.0358810805383568687 0.00632405060075698962 0.779889900602316555 -0.624855421183098891 -347.615480570392378 11.0831685895318977 -4.31863815920748273 0 0 0 1 -347.467356450882335 11.4601765123278909 -5.15527948713619821 -0.0351962596308625988 0.00384823548358415772 0.781549436363829453 -0.62283777415233943 -347.83586270823821 11.4161637833437286 -5.92072674095023821 -0.0318280750529777515 0.00702414486547466889 0.780307902143376864 -0.624545605124184 
964 1357848117.91596055 0 1 1 -349.214152663586333 11.488295057118691 -7.53981757855001788 -0.0279514490223839243 0.00212351614445052597 0.763777457030040741 -0.644870687277269483 -348.580789257894821 11.3151845621815497 -4.32959678108299784 0 0 0 1 -348.46052389380236 11.6538727056697002 -5.16252561701214852 -0.0273438398986583647 -0.000388038506888835214 0.765475125836322934 -0.64288412297363462 -348.829769915220936 11.6058949482746723 -5.92853064500134952 -0.0238835743800290441 0.00271513608677541969 0.764198441580866694 -0.644533121566486122 
965 1357848118.72674108 0 1 1 -350.275583712381604 11.6966851572340858 -7.5520982933377292 -0.024413219858185585 -0.00452948262910557713 0.777508211615857925 -0.628382414898108754 -349.626576844681949 11.6421451072375106 -4.16856316712923558 0 0 0 1 -349.520956829016825 11.8676402972107411 -5.1696207043641893 -0.0237678675250868748 -0.00703546825400476125 0.77915654029894621 -0.626339106530267253 -349.891024703898438 11.8153981590111776 -5.93628337996370625 -0.0203620188094081507 -0.00385253735369415866 0.777931215668288267 -0.628007619249004834 
966 1357848119.52534103 0 1 1 -351.302978101549115 11.9864144281446983 -7.53838709647509564 -0.00268355137791433974 0.0231734227695199156 0.79006658894012527 -0.612576996033692533 -350.645856918282675 11.9558324549192072 -4.09050966822555395 0 0 0 1 -350.546824236590567 12.1625270012822675 -5.15061438126095883 -0.00191585640837950736 0.0206261207554461722 0.791682633225280541 -0.610581281146327148 -350.918011937376718 12.1063618731772564 -5.91873006485756026 0.00136880321360141155 0.0239198099044429166 0.790336893771927396 -0.612203857726198009 
967 1357848120.32674599 0 1 1 -352.30584002859905 12.332428441515944 -7.509357482115389 -0.0138783642671378212 0.0398932650820493021 0.825268139437715487 -0.563159317098965828 -351.644014482487478 12.2966719844316632 -4.07521572972814283 0 0 0 1 -351.547796266743148 12.5135589951755239 -5.11621864352270883 -0.0129142974767904144 0.037424873324444205 0.826816554750928301 -0.561076629852942266 -351.920321116099217 12.4536773257881919 -5.886338207900641 -0.00987169641785540404 0.0408888714673086087 0.825490546871806563 -0.562846343885477718 
968 1357848121.13677907 0 1 1 -353.299346798558815 12.7585209989088213 -7.48514470113184416 -0.0292414430111955642 0.041150828540852058 0.839615460483827181 -0.540830311500340666 -352.627381844671675 12.7110510675001382 -4.05670798597539317 0 0 0 1 -352.53900698243109 12.944669499065963 -5.0864285750403555 -0.0282080604331535131 0.0387481841454914155 0.841149781655657569 -0.538674232140972431 -352.913213211922653 12.8810315002350837 -5.85930528979639487 -0.0252630714484627511 0.0422600917096397841 0.839863970018375872 -0.540559315648759697 
969 1357848121.9351759 0 1 1 -354.27643519415733 13.1727547921243655 -7.40013478902888178 -0.0327114437401837543 0.0391930174061904668 0.831610927165677527 -0.553007354972493426 -353.654559809274986 13.1705006868905894 -3.97524732334234976 0 0 0 1 -353.513588241771117 13.3636768696596331 -4.99595165028907928 -0.0317193461906707733 0.0367875345592341141 0.833190887226752719 -0.550847987942759354 -353.889366458395955 13.2968828031603135 -5.77149437914662045 -0.0287186764596136269 0.0402464142641743433 0.831882282412376273 -0.552745268609022178 
970 1357848122.74025798 0 1 1 -355.267795528724093 13.6035197810048061 -7.35872326383604758 -0.0217815465719045399 0.0400713880920978774 0.820165932134499287 -0.570304911298558315 -354.5385427093629 13.4049001788962947 -4.33086255424844957 0 0 0 1 -354.502524099956133 13.7994603131038112 -4.94896143003897571 -0.0208387952493460406 0.0376196647007805765 0.821779497766511047 -0.568180396081189643 -354.880011231762296 13.7290157171476537 -5.72730371289439866 -0.0177666444018535243 0.0410362817856304019 0.820414948866571736 -0.570017264300099025 
971 1357848123.45536709 0 1 1 -356.296386474537258 13.9806622678142247 -7.38281564740710028 -0.00929423544118625558 0.0154910574386236694 0.812309910881933606 -0.582946183631029902 -355.417465598024478 13.7024759719919942 -4.49048111901983127 0 0 0 1 -355.529232019119547 14.182060831017143 -4.96748708870070654 -0.00845365681835266204 0.012992966115324996 0.813901674633188632 -0.580795818293498689 -355.90830292905531 14.1071698560676175 -5.7480822719230904 -0.00527593484356801614 0.0163905157381312762 0.812607740622494745 -0.582556585565530249 
972 1357848124.1549859 0 1 1 -357.355893858812067 14.3186059391199905 -7.42119217463984349 0.00969153491360498845 -0.00789991459229144252 0.799032280722005828 -0.601158115527556269 -356.402528030979397 14.0737255350309205 -4.52124972581168105 0 0 0 1 -356.587107320062273 14.5257078035375073 -5.00029103126669661 0.0104119328098211793 -0.0104654625082941499 0.800605757303406995 -0.599009588506135171 -356.967631222014916 14.4460753486452163 -5.78273501095590081 0.013716040193012112 -0.00710143418518759985 0.799360686720172242 -0.600652921744489587 
973 1357848124.95497108 0 1 1 -358.408246016562487 14.6158187554412251 -7.40592845432992952 0.00492657633454848289 0.00968589806027554678 0.770143638691441534 -0.637777930009727156 -357.548887718245851 14.435346338204452 -4.53041438085327997 0 0 0 1 -357.637803066759204 14.8284525439155619 -4.97961657616881492 0.00557458958334340008 0.00710176328486060177 0.771864425472897464 -0.635723051020345764 -358.019554904839424 14.7445730833266975 -5.76353866844574636 0.00899419445208146824 0.0102981536428258229 0.770452537812982174 -0.637350719365124996 
974 1357848125.85691643 0 1 1 -359.481530035021535 14.7487194340450714 -7.35859380455873335 -0.030945732740229822 0.0395740284742465975 0.726767523565260642 -0.685043958141598575 -358.678478549861154 14.6308365354956962 -4.47524299387646973 0 0 0 1 -358.710166365831412 14.9669353277016643 -4.92730326210793468 -0.0303833213009532706 0.0370563008650729303 0.728751184894053772 -0.683099842532870927 -359.092415761911525 14.8789840345524418 -5.71115031277585317 -0.026834790947964527 0.0399439462115024277 0.727110514463737423 -0.684831858861801979 
975 1357848126.75497651 0 1 1 -360.561856872053966 14.7956458008124088 -7.30799425124916802 -0.0462078418091710769 0.049685272567013064 0.715158716702975816 -0.695660994284596379 -359.752987542087226 14.7201945578295383 -4.43311255603360088 0 0 0 1 -359.790022038319592 15.0195108151343817 -4.87196832172863736 -0.0456588481175309799 0.0472063393522702615 0.717231415686620188 -0.69373332590103054 -360.172396666299733 14.9274522396454579 -5.65493138270588869 -0.042090252751310335 0.0499991094413118273 0.715519141593104036 -0.695529192552170383 
976 1357848127.55502057 0 1 1 -361.699383567985308 14.9133687674216873 -7.25905647979321245 -0.0233072111840605424 0.0236328777107890527 0.754886518872008305 -0.65501496519028457 -360.852743114234897 14.8343329364305099 -4.38182518713666536 0 0 0 1 -360.926697284347995 15.1432359941037404 -4.81783090033637684 -0.0226812149784440253 0.0211158040399431653 0.756769257904341242 -0.652947146098182496 -361.309507040613994 15.0467727895068961 -5.60049550534509422 -0.0192203482732069483 0.0241670347872957603 0.75524139784203892 -0.654718995926840019 
977 1357848128.26383638 0 1 1 -362.729455334227168 15.0708201601684522 -7.2347365205015457 -0.00856862758576676549 0.0217511892394431951 0.746606348114592477 -0.664855191258185485 -361.826305074971856 14.9689552236654606 -4.33964405868191427 0 0 0 1 -361.955800074211538 15.3062198286441689 -4.78864349529350797 -0.00798111089670255208 0.0191867155099353093 0.748493247549384955 -0.662816739521393195 -362.339254509433488 15.2055490736441463 -5.57150798797097213 -0.00447542946743722126 0.0222247422868235844 0.746932835211095991 -0.664512882527404591 
978 1357848128.96507049 0 1 1 -363.738840570165792 15.1838319377411466 -7.21687655953288498 -0.00862826626102596896 0.0203444308272335318 0.723131976532765952 -0.690356286037477895 -362.86264300771694 15.145532466856384 -4.31257556836275135 0 0 0 1 -362.964480045377286 15.4247057050227223 -4.76614558749798789 -0.00813475276483446343 0.0177641822838256434 0.725099038685342756 -0.688367375550900107 -363.348400185016374 15.3198249461637133 -5.54882086155905174 -0.00452191986448519795 0.0206763100643202052 0.723478124602082273 -0.690022786337608718 
979 1357848129.76541305 0 1 1 -364.806172951628866 15.2218195197398387 -7.18697407884243145 -0.00565909069052799186 0.0270033978959452192 0.691482898764836706 -0.721865771394106459 -363.952997170105334 15.1885701415868972 -4.29826895199764003 0 0 0 1 -364.031466314132388 15.4684840439175986 -4.7315978483855865 -0.00526379233427631561 0.024399090122498409 0.693554157295577567 -0.71997194930738595 -364.415509577955675 15.3592199996714172 -5.51331457010734205 -0.00153900322532346989 0.0271503184081131402 0.691819214431192431 -0.721558498129720949 
980 1357848130.5750289 0 1 1 -365.886661168650164 15.1599077173974166 -7.17498106431628457 -0.00801001270949357712 0.0217634447107131271 0.687440709097731251 -0.725870142412488373 -365.049412180261641 15.1839077431958742 -4.2906968184588834 0 0 0 1 -365.112242257117202 15.4125312228894309 -4.71522015709452624 -0.00764428480013500545 0.019164536741338032 0.68953181930933749 -0.723961432399088278 -365.495984293489187 15.2986247413903289 -5.49503251376653257 -0.00389164216488171663 0.021888407505319972 0.68780239995817527 -0.725557448690257734 
981 1357848131.36682439 0 1 1 -366.982295474322939 15.1826088755691302 -7.17005842956445782 0.00100513238999445031 0.0218046137035325625 0.725914313265276334 -0.687438694231507941 -366.117154097019636 15.197832871979351 -4.28699572081651592 0 0 0 1 -366.207724001884856 15.4413338726644618 -4.70558348533862958 0.00151293168827391932 0.0192013295020723243 0.727889181517809791 -0.685424218577365796 -366.591549232130376 15.3226167085228973 -5.48425667788750903 0.00511096658699604443 0.0221475454202654173 0.726229584217818136 -0.687076382405347297 
982 1357848132.165797 0 1 1 -368.06800699831183 15.2777554508068505 -7.17189086770105089 0.00378368160159736882 0.0205554917477979264 0.74679168272198615 -0.66472952253514983 -367.178131342075289 15.27408405589631 -4.28546860344483438 0 0 0 1 -367.292902129110814 15.5425831485241428 -4.70251719532488544 0.00436782664747951271 0.017959904745644819 0.748705065912599443 -0.662645522273194731 -367.67714740330365 15.419001642708638 -5.48073426341819125 0.00787633284728404132 0.0210229872614637464 0.747090597289964631 -0.664343011424374796 
983 1357848132.97513795 0 1 1 -369.155620099561929 15.4524382804852536 -7.1751375123515917 -0.00598707076790359026 0.0244597609996164908 0.750621247054474416 -0.660252692948576692 -368.270724785878883 15.4348428231552219 -4.28871675104103733 0 0 0 1 -368.379530847147578 15.7234177745004278 -4.70060811423106539 -0.00537661032033467327 0.0218961519027039662 0.752559364586988355 -0.658138323884687293 -368.764565441165701 15.5949165198153938 -5.47910340289715503 -0.00189532768782372119 0.0249567870191495025 0.750932858149869875 -0.659904090808281163 
984 1357848133.7748735 0 1 1 -370.233687603806004 15.527788655056284 -7.17424517340905687 -0.00206369475110818696 0.0308011367530990829 0.715202444193014597 -0.69823527192417667 -369.380393661163566 15.5722964241393722 -4.3032840460862376 0 0 0 1 -369.457156893279887 15.8048896538456258 -4.69491521352235619 -0.00156982478286358368 0.0282027803730158441 0.717262638267944452 -0.696230167813985501 -369.842526564126388 15.6715168557079085 -5.47277671231939333 0.00205115220207705787 0.0310833786530967451 0.715506385324928051 -0.69791133312578324 
985 1357848134.575315 0 1 1 -371.292798591992778 15.5876450064852889 -7.16584641796021771 -0.0103235854413798005 0.0191617348415436262 0.72412059123765804 -0.689329834583649603 -369.715300319658127 15.6130491197109222 -4.30800000000004957 0 0 0 1 -370.51587985288171 15.8707698356392726 -4.68184662975937638 -0.00983041586294912048 0.0165928021880484 0.726165028333606521 -0.687249877020550848 -370.901507644855712 15.7326491462641336 -5.45895251995216846 -0.00621818568949143204 0.0195005111902832873 0.724478163760230442 -0.68899379856763121 
986 1357848135.38517594 0 1 1 -372.441441142148165 15.6784886354960094 -7.16674402457154258 -0.00331918573263819197 0.0258818499886465866 0.736437755127806626 -0.676001882889059935 -371.584871023245512 15.732327634130014 -4.30699077845494038 0 0 0 1 -371.663993780269607 15.9682169724410237 -4.67759971510261519 -0.00275955218997747534 0.023301915005724573 0.738450083717790307 -0.673899754775118986 -372.050034871678861 15.8248166045800929 -5.45412473058899572 0.000782879586408906348 0.0262907932458023436 0.73674833956681518 -0.675655285952534101 
987 1357848136.18516803 0 1 1 -373.555645075979442 15.7648729484520089 -7.14991244732471465 -0.00294094279939919722 0.0220681621374898239 0.7209373044178643 -0.692642584724638355 -372.673579083976676 15.8425610730563466 -4.29585658461176845 0 0 0 1 -372.777615511206704 16.0609882319541555 -4.6557853554082067 -0.00245146758761022624 0.0194772799763153481 0.723002385005459214 -0.69056656243102954 -373.164031758788838 15.912595319142854 -5.43172937328620797 0.00116754343145492458 0.0223838819429834981 0.721268720205485936 -0.692292591268055424 
988 1357848136.98610401 0 1 1 -374.624005805396791 15.8137138642423878 -7.14716991555303238 -0.00462522851194177315 0.0171351278606953275 0.707559408564618297 -0.706430943550817037 -373.833536392237932 15.9230411615673848 -4.2950205467520215 0 0 0 1 -373.845670289764428 16.1160308787729782 -4.64837351280577415 -0.00420030689791408771 0.0145420376898741394 0.709671792231600818 -0.704369813288855728 -374.232305535714033 15.9626934577099249 -5.42344307454560415 -0.000513886106774133662 0.0173731283346971847 0.707919091931559441 -0.706079648206724531 
989 1357848137.685076 0 1 1 -375.638571884867588 15.800751069078089 -7.14931391023076923 -0.00605434893193328161 0.0212590074855023049 0.705631576194362897 -0.708234056041645577 -374.805530638858386 15.9422938843148678 -4.29980168606781543 0 0 0 1 -374.860313473271674 16.1090047496011763 -4.646271506566368 -0.00562423607168423614 0.0186700954662843456 0.707769734907255477 -0.706174056343903955 -375.24688206460047 15.9508980836818957 -5.41995832417047918 -0.00194035402674981269 0.0214869586276455193 0.705984092986021494 -0.707899008394480833 
990 1357848138.4859159 0 1 1 -376.692312806056236 15.8494609878920159 -7.13698798734833861 -0.0122214714925941333 0.0212837339088195049 0.717371992103618683 -0.696257899955713411 -375.873412341111873 15.9764110848926322 -4.29457740404956123 0 0 0 1 -375.913705974082234 16.1638650069960228 -4.62934160491724001 -0.0117476470199299847 0.0187205901425805572 0.719498288905802363 -0.694142452639104346 -376.300483800172174 16.0009099479399168 -5.40216812309303052 -0.00811196715059722337 0.0215840010317078293 0.71773482003127631 -0.695934662883723854 
991 1357848139.2861464 0 1 1 -377.774224622345116 15.8617864697772717 -7.12286181347609038 -0.00512283789117313169 0.026151923051589282 0.70255760732788064 -0.71112772540407132 -376.949062253907925 16.0157535564543956 -4.28349500806894845 0 0 0 1 -376.99547496406143 16.1825352739850565 -4.61060859574614845 -0.00468923661997131588 0.0235604310859076002 0.704731856873466733 -0.709066941166095921 -377.382287278496392 16.0145834914701126 -5.38220050528337168 -0.00100553204691564146 0.0263619718499554859 0.702895278959990155 -0.710803954801351945 
992 1357848140.08672309 0 1 1 -378.900133238444596 15.8752287029789301 -7.11256845598315035 0.00387019897709604127 0.00420516328723985911 0.702948608634011429 -0.711217682415948516 -378.024864539481143 16.0436125507959559 -4.27565838641031881 0 0 0 1 -378.121248104790141 16.20263021570522 -4.59552072596131111 0.00423843478887789196 0.00158671325287564622 0.705080279990657144 -0.709113049365113657 -378.508106569965321 16.0294032580698698 -5.36583178604123567 0.00797613273019531083 0.0044111715451894979 0.703329484479737532 -0.710805570556207744 
993 1357848140.98525643 0 1 1 -379.994152841091534 15.8762884295542932 -7.11029339225983215 -0.015252822557562478 0.0354290893419987735 0.70017444775692439 -0.712929080442585406 -379.25617867285905 16.0603025089110005 -4.26817179508193512 0 0 0 1 -379.215240579463114 16.210212329086648 -4.58862613491714999 -0.014798912031059732 0.0328695380294006592 0.702411429389774078 -0.710857770257204979 -379.602095300172721 16.0317559396359997 -5.35757956594983131 -0.011131022626834991 0.0356326921517437847 0.700513454524587353 -0.712662130055560783 
994 1357848141.79507446 0 1 1 -381.104202516995315 15.8571526579755897 -7.09201309868813023 -0.0182331083154790331 0.0323509027327012824 0.702631222166712588 -0.71058450481983304 -380.317705953962616 16.0597959241767825 -4.28126922940338694 0 0 0 1 -380.325316869102892 16.1976782329627191 -4.56572400298292447 -0.0177794874434227604 0.0298023260069219635 0.704872966279377011 -0.708484165383629905 -380.712049187201785 16.014031883536795 -5.33311112026881062 -0.0141134967816557398 0.032570216470305266 0.702986927761248936 -0.710316386974475078 
995 1357848142.59492993 0 1 1 -382.215006349898204 15.879891503701927 -7.07905569629663045 -0.00902418599180543173 0.0189563254482524902 0.708071312066616332 -0.705828760267634414 -381.399333434088703 16.0828694903275817 -4.27130264178412311 0 0 0 1 -381.435916295185791 16.2270723629375588 -4.54801127756700563 -0.00859245201722572821 0.0163820484701214866 0.710268365166606519 -0.703687890829315488 -381.822738699897684 16.0381514336211595 -5.31421808743044011 -0.00491207278831410406 0.0192001264504607708 0.708440549870576031 -0.705492178542246107 
996 1357848143.39671445 0 1 1 -383.3615925426746 15.8790088226349866 -7.07320387167054765 0.00189919757249424996 0.0209118574747434519 0.694041518441704697 -0.719628694497842836 -382.526443462090242 16.1024200774767081 -4.25459173494699883 0 0 0 1 -382.582469144888762 16.2331188977391534 -4.53732907132615537 0.00228548518345147002 0.0182979689325127315 0.696271366400479153 -0.717541737616168906 -382.969275802372977 16.0386499279127577 -5.30208980978316635 0.00601627267850150457 0.021068552737582253 0.694383463161643677 -0.719271524972484921 
997 1357848144.20535398 0 1 1 -384.484532450958 15.8526524910720497 -7.06945164586940766 -0.00720222027670226923 0.0190784432141761114 0.687546369249522282 -0.725854070154193676 -383.646786152353457 16.1049368399821589 -4.24138618413726398 0 0 0 1 -383.705540065003333 16.2135898687878317 -4.52892779217887664 -0.00684502208497339212 0.0164903697812126791 0.689822002568863057 -0.723758812139112306 -384.092207542406925 16.0136362268620971 -5.29203416133921678 -0.00308480510206134194 0.0192034956363039376 0.687922984643903224 -0.725523036802728227 
998 1357848145.00538945 0 1 1 -385.539163496209653 15.8350207379550483 -7.05121791572426293 -0.00341204175398404728 0.0339889383607838921 0.695985748637246049 -0.717242600334104585 -384.78779943780097 16.1011430179269688 -4.22900769876049409 0 0 0 1 -384.760190384578038 16.2023529583434893 -4.50630697498237964 -0.00297747695786635845 0.0313944767028906599 0.698260470427901292 -0.715148821505931953 -385.146742242714083 15.9973567825648875 -5.26792462342225409 0.00071072228219037567 0.0341611013248963938 0.69630168449706864 -0.716935477010764544 
999 1357848145.80494094 0 1 1 -386.65767709855686 15.7808835154217064 -7.04277663931250864 -0.00603415127730210811 0.0297778758003702029 0.683351412095076993 -0.729457136999045908 -385.858674069851531 16.0832398199412197 -4.23374362221112222 0 0 0 1 -385.878988268222827 16.1550653731122154 -4.49332558635191326 -0.00565831752840647868 0.0271865398144982562 0.685673078040056838 -0.727379753324724265 -386.265253944807682 15.9445891715315433 -5.25303390999841913 -0.00191092366841630031 0.0298794557019628933 0.683695104883773386 -0.729153324106565415 
1000 1357848146.60488105 0 1 1 -387.749116824217367 15.7709873767647792 -7.02344235261073813 -0.00334552621985081348 0.023503250252215304 0.698118297944515853 -0.71558874135703554 -386.940466775662969 16.0580516397443418 -4.23790823527538318 0 0 0 1 -386.970395477222098 16.1518485008993764 -4.46942768784085143 -0.0029363374630885313 0.0209100496657966643 0.700391114873466614 -0.713446868345204321 -387.356581974488677 15.9360981037243672 -5.22766997702674896 0.000771950730522875895 0.0236865391654253014 0.698466125966989981 -0.715250601419599841 
1001 1357848147.40514994 0 1 1 -388.850212143749729 15.7371709671138404 -7.01998431856083016 0.00352302512234908306 0.0302085444977618425 0.701411498008106205 -0.712107395408402288 -388.049225162625817 16.049093567094026 -4.23922714003467949 0 0 0 1 -388.071674442244785 16.1248532303643159 -4.46144175930332576 0.00396558110645867275 0.0275964848521845565 0.703679357440687325 -0.709970471288878913 -388.457679879170257 15.9036027676101419 -5.21798224271535371 0.00764271302549849804 0.0304073982637009139 0.701718369209146875 -0.711764223168668497 
1002 1357848148.20537591 0 1 1 -389.984384219262154 15.7865278009118839 -7.01259569291104423 -0.00338151996818424234 0.0222737345077506851 0.715245507573571526 -0.698510064329503466 -389.135456559256852 16.0680488432523489 -4.2407732272258345 0 0 0 1 -389.205493104283562 16.1812546381567408 -4.449126157334371 -0.00291335201809716452 0.0196907122677591646 0.717482078504187881 -0.696292506965081048 -389.591737051227881 15.954343668634273 -5.20469326437697877 0.000729800567004370388 0.0225562999518425858 0.715587981591347067 -0.698157948694732577 
1003 1357848149.00602388 0 1 1 -391.020683412026813 15.8178439596645006 -7.0152408814446785 0.0120282906803991594 0.0325789166231769192 0.706383101922947509 -0.706977261114304034 -390.268181880179327 16.1149218063801527 -4.25400000000001999 0 0 0 1 -390.241594155069947 16.2190666115194908 -4.44731405681243785 0.0124969516559789735 0.0299439030851634987 0.708639856952243963 -0.704823908509095376 -390.627998428635863 15.986868479507212 -5.20186243001579651 0.016147217625045944 0.0328020619450714174 0.706657270170202856 -0.706610780140466188 
1004 1357848149.71505904 0 1 1 -392.02905163564742 15.834161811532951 -7.02518153383534294 0.00493159152884263541 0.0220528100941940752 0.70949179570495402 -0.704351293602348716 -391.227600858967094 16.1517936587234807 -4.26236529472193926 0 0 0 1 -391.249887243790567 16.2417553016921161 -4.45296316433610073 0.00537763267803099965 0.0194414393210726004 0.711747836494748487 -0.702145375794037463 -391.636386375856887 16.0043187498059964 -5.20638759545312357 0.00904490625587421257 0.0222969074827353703 0.709816512457031368 -0.70397553667074686 
1005 1357848150.52515697 0 1 1 -393.144687472885778 15.819997926359278 -7.01077634253726512 0.00414640844120248674 0.0372047283467791604 0.6804168490404644 -0.731868517581899525 -392.322555799763904 16.1390123381777357 -4.26151348588495082 0 0 0 1 -392.36553583294716 16.2345918067846426 -4.43391297153927155 0.0045364311360717299 0.0345844289494614612 0.682795779001822756 -0.729776172702344073 -392.75194202656769 15.9915654452962475 -5.18579409176306516 0.00827339610705289837 0.037284736067559561 0.680714055438125021 -0.731552987897807538 
1006 1357848151.3161006 0 1 1 -394.158050440762111 15.7678047955722462 -7.00246044915069543 -0.0104609156231003485 0.0226649284559457161 0.690001825913553191 -0.723377045874677993 -393.375100834966076 16.1014869860762886 -4.25021581884795729 0 0 0 1 -393.379183337849838 16.1888004443194937 -4.42150257813966885 -0.0100836879125648701 0.0200947212658497826 0.692370641117521668 -0.721191664354103534 -393.765303674599352 15.9406263586613868 -5.17161581345773502 -0.00634209371556392759 0.0228062389354477084 0.690378945104623387 -0.72306055449675144 
1007 1357848152.02509356 0 1 1 -395.161800586397476 15.7214884339473002 -6.99671248170659155 0.00141447684411592951 0.0300378797956222313 0.688265908811178995 -0.72483499073993618 -394.369585465406999 16.078529522754252 -4.23200000000002774 0 0 0 1 -394.383193917056701 16.1488582100548612 -4.41168312941327301 0.00180936503059189778 0.0274297879559535079 0.69063542893408969 -0.72268045305785289 -394.769060056880221 15.8955379362364635 -5.16009399675879532 0.00553725720717093955 0.0301628600072150893 0.688589221617937342 -0.724502880967639706 
1008 1357848152.8260901 0 1 1 -396.245017706076567 15.7506366888003271 -6.96678904285003764 -0.00339565802292533629 0.0211852091887194394 0.727002080621960256 -0.686299957153985618 -395.470722032609331 16.0993722941766748 -4.24256412860914089 0 0 0 1 -395.466084991837931 16.1848365076131167 -4.37711899718052599 -0.00288736540148365256 0.0186128413609593195 0.729252161091629936 -0.683985753360914384 -395.852062634336278 15.9261564270346714 -5.1244257389140726 0.000709876103218667681 0.0215372766412596679 0.727343147232003773 -0.685935556714652117 
1009 1357848153.62484908 0 1 1 -397.318568193602005 15.8341834385056899 -6.96452893053217892 0.00199187922235447663 0.0352784453559312275 0.718220735204682326 -0.694917577294226874 -396.544978038633303 16.1593049640375774 -4.23052351357064094 0 0 0 1 -396.539072858968666 16.275265412166199 -4.37008885621417775 0.00251378041361151328 0.032684864275948404 0.720518384534764467 -0.692660550416080878 -396.925487239498864 16.0109926295616738 -5.11680639585795216 0.00610804943045037147 0.0355767322194376762 0.718509390299806094 -0.694579904624185507 
1010 1357848154.4252131 0 1 1 -398.435058142635114 15.8251720722897318 -6.9418264782178154 -0.00371596574148111338 0.0288802650638562419 0.68772035414420718 -0.725391505591439834 -397.626730228774136 16.2002572101842901 -4.2142856990393609 0 0 0 1 -397.655508919274098 16.2733790718727391 -4.3427283965235004 -0.00332656586735160294 0.0262901227794272996 0.690127921968163416 -0.723202056636786161 -398.041845701716966 16.0034501795475386 -5.08794285685246273 0.000406454112328284093 0.0290050866011231333 0.688062820774984485 -0.725071096109538571 
1011 1357848155.22513247 0 1 1 -399.528119630564447 15.8154109503371245 -6.93421545919479421 -0.00017223651597609091 0.0249556191487524046 0.707682556728170598 -0.706089644669970151 -398.713785281377 16.2122526945058425 -4.20400000000000773 0 0 0 1 -398.74858594312343 16.2706678102486748 -4.33056110601352628 0.000276564775429417864 0.0223634138121426712 0.710022175584223092 -0.703824062826242547 -399.134859635473219 15.9950388844948481 -5.07429378654149499 0.00394332636824353509 0.0251924006489123546 0.708016217158335293 -0.705735665364518261 
1012 1357848156.02674007 0 1 1 -400.610664762020974 15.8432080734256857 -6.9173549670397998 0.00802462190219359328 0.0315867830893431234 0.710664569373299582 -0.702775746888619213 -399.829168715164997 16.2331834221258759 -4.20400000000000773 0 0 0 1 -399.830864051461845 16.3054428208059576 -4.30907189871629637 0.00850655532041093808 0.0289703831155543982 0.712995112526311092 -0.700518611410369307 -400.217263187286676 16.0242304271531211 -5.05168343769254147 0.0121420425528298518 0.0318368888705271511 0.710953876512943062 -0.702412676979074724 
1013 1357848156.83512211 0 1 1 -401.702413932427703 15.8991412726249308 -6.90651602365776718 -0.00361148582207284144 0.0250398738252661027 0.720111340949271539 -0.693397157857756019 -400.936974359108092 16.2800924541840502 -4.19415635121418617 0 0 0 1 -400.922185462473749 16.368458973488142 -4.29347846407986911 -0.00311637506842898232 0.0224669342001655864 0.722433354230450409 -0.691068429151136088 -401.308870887974422 16.0815327966437671 -5.03521666842626381 0.000499298204393755301 0.025351520281538819 0.720447320437630823 -0.693045964994354224 
1014 1357848157.63536739 0 1 1 -402.803983241104334 15.9009433200992731 -6.90195458861516986 0.00523998853944855191 0.0378453801268129678 0.693163801259735313 -0.719766777745623476 -402.028092478617623 16.3307382519239006 -4.19568490706920549 0 0 0 1 -402.023706518436256 16.3774567254449508 -4.28429241316944065 0.00567942088089335839 0.0352309793148579478 0.695582983032966284 -0.717558942519660792 -402.410395792793736 16.0846795562583722 -5.02464147821133711 0.00936535765258467851 0.0379969353089328749 0.693452476362324655 -0.719438799349970792 
1015 1357848158.44623351 0 1 1 -403.939381946419189 15.9251498528491737 -6.88168174054084414 -0.00141187571863165932 0.0304901102203839723 0.709199224461579347 -0.704347087598719779 -403.138030821185339 16.3652272658820088 -4.19341254115413342 0 0 0 1 -403.158842444934749 16.4090586781359775 -4.25918431677146003 -0.00093878309482824389 0.0279051960717451725 0.711577905483157247 -0.702052208277063605 -403.545637455993017 16.110368349677394 -4.99830779877944664 0.00270584513610188379 0.0307370082199083065 0.709519773654213148 -0.704009662946087023 
1016 1357848159.23484802 0 1 1 -404.988910678522871 15.9281246830672814 -6.86242975182252479 0.00317396178574938428 0.0325322971900471325 0.704867821678046957 -0.708585160421078997 -404.216663460332256 16.3848712785261199 -4.18070025309965398 0 0 0 1 -404.20825462708865 16.4188937175667853 -4.23552479326435538 0.00363814965874929494 0.0299305750963217605 0.707262359496511617 -0.706307921080382206 -404.595040760864492 16.1147179815093224 -4.97333438378544557 0.00729400726420156072 0.0327515950333062897 0.70517246754682239 -0.708241428818400909 
1017 1357848159.946105 0 1 1 -405.991768680004384 15.9479040591635766 -6.84768414592267938 0.00339637031979839448 0.029533856656138658 0.718092099931136429 -0.695312844693779852 -405.24168512743438 16.4108037544502672 -4.15697972916900405 0 0 0 1 -405.210905323689758 16.4452618144752627 -4.21651544535452683 0.00389917700205696547 0.0269387328698441619 0.720445068885856243 -0.692977635864338581 -405.597779199617435 16.135789332135154 -4.95322553485199446 0.0075101654358937283 0.0298299051899163399 0.718397714340642812 -0.694952155332743904 
1018 1357848160.74515891 0 1 1 -407.078094156583234 16.0052290330646514 -6.83913375485100694 0.0021275568422442887 0.0325540904226351846 0.717432584106792892 -0.695863630290078805 -406.319539167008031 16.4609723752119663 -4.15427148243126965 0 0 0 1 -406.296796507530757 16.5097713420955436 -4.20323484147413939 0.00263829467366183011 0.0299634970952312625 0.719802634494837501 -0.693526780749907701 -406.683973947800723 16.1944687437228083 -4.93908546204236565 0.00624305373355532513 0.032847337588813301 0.717733092589894373 -0.69551512168661922 
1019 1357848161.5453279 0 1 1 -408.140867214392074 16.0231183742111085 -6.83026738384507048 0.00659969517851551231 0.0311129045713128827 0.703005966478078004 -0.710472407830811226 -407.396898086913097 16.4909157382468976 -4.15296088476663261 0 0 0 1 -407.359396505052189 16.5347129961986035 -4.18986172267529433 0.00705250977026711939 0.0284999576782269948 0.705421304208143085 -0.708179919291391791 -407.746660883965887 16.213688041294084 -4.92451636319450881 0.0107196172135610012 0.0313193167753457249 0.703307782670206993 -0.710114323921886004 
1020 1357848162.34500194 0 1 1 -409.258529300203122 16.061858371379671 -6.81732075838194174 -0.000991501069067042551 0.0305793680687065708 0.736082044004071845 -0.676200520311051378 -408.468954945264102 16.5382567738591995 -4.15200000000004366 0 0 0 1 -408.476726524249898 16.5808828105358685 -4.17211427258531486 -0.00041732619594636144 0.0280118087277654096 0.738404333964490123 -0.673776078525427535 -408.864189274665307 16.2538496063938283 -4.90569482842397875 0.00311365251101713937 0.0309854606105807034 0.736385987423358923 -0.675844570833646352 
1021 1357848163.1459589 0 1 1 -410.344638986542066 16.2058814691196034 -6.80731590543134146 0.00582036281277198767 0.0380577159407446824 0.730748779193248765 -0.681559942588821799 -409.543148788305643 16.6331513329447525 -4.15390042433585371 0 0 0 1 -409.561807042044165 16.7321556771968467 -4.15711158083992771 0.00640024260963178819 0.0354647157834917584 0.733094099729409199 -0.679171798421328132 -409.950058679948881 16.399237375672449 -4.89063330273474328 0.00993174960217223235 0.0384286881504633457 0.731014709642283211 -0.681206349473845285 
1022 1357848163.94526696 0 1 1 -411.463027325725079 16.2330518751486039 -6.80554221598644205 0.00352370131314847911 0.021774497089459912 0.692789851365834819 -0.720802106441193247 -410.70797851042289 16.7502374426646519 -4.17072203018873289 0 0 0 1 -410.679983682864304 16.7668468268881838 -4.15057244647590284 0.00390752914033441843 0.0191677180722098633 0.695254979919049165 -0.718496932977228719 -411.068387871887296 16.4277642134650392 -4.88290940141695629 0.00764185761396326321 0.0219232361327177175 0.693135949701340848 -0.720432876096931962 
1023 1357848164.75533104 0 1 1 -412.598772107389948 16.2011029257770787 -6.78100732475117063 -0.00176527819459016333 0.0240211569875392328 0.707482974033016521 -0.706319834963788806 -411.828132898029423 16.7400978337072317 -4.14099911730043502 0 0 0 1 -411.815821477083205 16.7424905291006354 -4.12138632238354941 -0.00132032485710935625 0.0214398064624563012 0.709920816737060645 -0.703953851757704974 -412.204017823610513 16.397334317402688 -4.8519675289142743 0.0023500904168765914 0.0242576928889030562 0.70782825036902175 -0.705964028396822707 
1024 1357848165.55492258 0 1 1 -413.681069412012221 16.2413638938373737 -6.77450612552816978 0.00105413787120881702 0.0299958919270750107 0.708907934526755379 -0.704662100318909967 -412.928462423615315 16.7627756700484554 -4.12522708822146988 0 0 0 1 -412.897799318548607 16.7900620127306865 -4.11023186434342858 0.00152503402851405828 0.0274065178207297568 0.711350943663764168 -0.70230078456515066 -413.286215322262308 16.4389391056043728 -4.83979397323944482 0.005171870902938875 0.0302396059320736849 0.709226503366593319 -0.704312845905022411 
1025 1357848166.2560699 0 1 1 -414.684613278122811 16.2734408997013276 -6.76699996636890422 0.000364463367186164053 0.0281479813260562955 0.717077154836848085 -0.696425094554190438 -413.877152787150521 16.8032215592979135 -4.12143543936104173 0 0 0 1 -413.901076220850541 16.8289338139223439 -4.09842845462711747 0.000859098528052301734 0.025565692739133894 0.71949760970144705 -0.694023664537738671 -414.289664662302926 16.4722722166056528 -4.82699603254543863 0.00447822467869687241 0.0284397057843263114 0.717398612488161613 -0.696067783652345784 
1026 1357848167.065346 0 1 1 -415.785600721704839 16.2922195963422354 -6.74818433316754884 0.00366917904291148064 0.0166567202039639047 0.707477395954306365 -0.706530130292340575 -414.976570981627617 16.8555484200754258 -4.12289822741555412 0 0 0 1 -415.001836492360269 16.8551570625452669 -4.07495095741271385 0.00408845944991531422 0.0140576454254967113 0.709914674214050079 -0.70413551425842491 -415.390509690774707 16.4924951361815175 -4.80227447963670606 0.00778077917170765833 0.0168894980683012841 0.707831448533795426 -0.706136562427574055 
1027 1357848167.86715293 0 1 1 -416.839725938121944 16.309917747761645 -6.73136085060898282 -0.00809754829349338193 0.0183927538852153884 0.70969971730528858 -0.704217613790613872 -416.099252089881418 16.8825359783357136 -4.11872316287814755 0 0 0 1 -416.055750440169788 16.8800059624105749 -4.05366576845331483 -0.00766397962212302802 0.015835841024311282 0.712163105513728856 -0.701793559888124197 -416.444505352273779 16.5115695914453973 -4.77979469430716453 -0.00398580847189542418 0.0186456787057353614 0.710079549287223055 -0.703863257799753339 
1028 1357848168.66716194 0 1 1 -417.911805847230028 16.3098918180725292 -6.72496192182793173 -0.0112923091041186273 0.0321082234329352692 0.690456712320329347 -0.722572539026276495 -417.168305536002322 16.8960002445244371 -4.1063705128552126 0 0 0 1 -417.127782403765082 16.887310266911598 -4.0427865133128833 -0.0108803983612896643 0.0295547348858219289 0.69301871522692049 -0.720231348194840137 -417.516533316775565 16.5128791483151467 -4.76753220116458287 -0.00716874019059413319 0.0322537309108380937 0.690814670245772477 -0.722276538023792991 
1029 1357848169.46582747 0 1 1 -418.998991106712197 16.2586282687702379 -6.70252610938111371 -0.0111670810039675335 0.0166210957567265727 0.684439679297411896 -0.728794457224362202 -418.243216716825486 16.8758102532460263 -4.10872976113841482 0 0 0 1 -418.215205766009944 16.843455122972756 -4.01596910032198373 -0.010831020006254596 0.0140643312336608504 0.687005606344673447 -0.726435255507028477 -418.603638864772051 16.4630696457853816 -4.73883648042299743 -0.00705014516428937189 0.0167311993770123436 0.684848840874939024 -0.728458940210648831 
1030 1357848170.26540804 0 1 1 -420.093970807776429 16.2291723042182667 -6.70646379352018851 -0.00166603260826407931 0.0181324157446829948 0.688734233983973487 -0.724785205956302359 -419.282605588345007 16.841232745277793 -4.12474678585576982 0 0 0 1 -419.310383027896137 16.8215679528663493 -4.01542493653123955 -0.0013096209558067669 0.0155447470856911879 0.691275769553806985 -0.722422629877266465 -419.698657546032791 16.4349161908174999 -4.736604498323854 0.00245119725603360405 0.0182609681324240256 0.689110634402377742 -0.724421881384342936 
1031 1357848171.06538391 0 1 1 -421.11840033086645 16.1469615255266916 -6.68777922503333855 0.0536640576646463599 -0.0420156064150521563 0.678871033749272046 -0.73108753051104336 -420.275150620528791 16.8323123246910491 -4.14146005148308749 0 0 0 1 -420.335283836311476 16.7463901303162395 -3.99271976820090702 0.0537800889576993471 -0.0447924991562926797 0.681231479467027112 -0.728714625511386993 -420.72306542116695 16.3540630302296641 -4.71181331758734778 0.057737159031683527 -0.0419671168713538628 0.67928453971543401 -0.730395574789474811 
1032 1357848171.66537404 0 1 1 -421.61426784849499 16.1076079991053831 -6.69006859380502217 -0.0142295884755874111 0.0224618004417774658 0.676172668400046306 -0.736263206225525213 -420.951397136598302 16.7952881066192639 -4.10674092173800975 0 0 0 1 -420.831430933917034 16.7104824042742699 -3.99306164259496699 -0.0139022399070751913 0.0199145925299495791 0.678800505960518441 -0.733920983374693026 -421.218983980396672 16.3152974603454801 -4.71114914276641272 -0.0101088320690508257 0.0225279300759435239 0.676577737901323251 -0.735957110473851928 
1033 1357848172.77527499 0 1 1 -422.732732156702525 16.0362597431428782 -6.67974496695176345 -0.00536289552916747406 0.0137145996381611845 0.669236074463481878 -0.742903914207629801 -422.074009639670976 16.7139635508470867 -4.11433523678138613 0 0 0 1 -421.950324790768036 16.6468779076301381 -3.97829200333128874 -0.00509111407922130822 0.011134060460312482 0.671861610954954336 -0.740575512004084668 -422.337458253004115 16.2453708307451024 -4.69427094165115477 -0.00124607188391648977 0.013736066173183523 0.669648021679365102 -0.742550533534155344 
1034 1357848173.77492499 0 1 1 -423.805193085060466 15.9322545867570824 -6.68767167236071991 0.0262083086440387386 -0.0116351199675478849 0.66067935348092377 -0.750120350627409893 -423.053632392018073 16.652279090106056 -4.14555622270691337 0 0 0 1 -423.023522778682889 16.5503794035192193 -3.98206782451990193 0.0263616409974500865 -0.0143272690069395688 0.663231322104649079 -0.747812815232557826 -423.410068487360775 16.1426213474736002 -4.69569376269836258 0.0303083750286695687 -0.0116783333546993748 0.661087298983952576 -0.749605631018924634 
1035 1357848175.27560544 0 1 1 -424.813332215813489 15.8225392917288588 -6.70592879266806552 0.0134246966859993076 -0.00585163307999304362 0.667988963209925846 -0.744027070030999993 -424.150430637831391 16.5595519276992817 -4.17991214604835104 0 0 0 1 -424.03248732435884 16.4477801539058177 -3.99646137105357502 0.0136229875606042848 -0.00849754553087975033 0.670561770563858461 -0.741679929476413369 -424.418421399085844 16.0340215422988024 -4.70776342813015436 0.0175296665693751193 -0.00584815487958873902 0.668410737776129249 -0.743562771728145 
1036 1357848176.57529593 0 1 1 -425.412261369169187 15.8177798394301163 -6.72991419427382187 0.023522183486940379 -0.00420830528682345027 0.729782988275563094 -0.683261141200206867 -424.750686109937533 16.4849843774614939 -4.19908501357584196 0 0 0 1 -424.631541031680968 16.4473084437141104 -4.01796289784650895 0.023950040631072457 -0.00686038299884234471 0.732129162255625632 -0.680710085479681259 -425.017478015486859 16.0298440166815723 -4.72844306964657957 0.0276108926697212279 -0.00385520318467185309 0.730135374886241584 -0.682733557366351884 
1037 1357848177.37610888 0 1 1 -425.655583765554809 15.842415276624493 -6.74448746491232498 0.026435402089398416 -0.0140006215606919785 0.787479890833038931 -0.615613981035089242 -425.004272021907582 16.4702145773001938 -4.22492830225380533 0 0 0 1 -424.87475529168546 16.4737118280328438 -4.03144421284970633 0.0270547509960966243 -0.0166128229850645952 0.789571000889219277 -0.612837408384803717 -425.260847206296262 16.0546862755984243 -4.74183613888237332 0.0304687400721531387 -0.0132872167688033727 0.787813455034543586 -0.615016313454764929 
1038 1357848178.27508593 0 1 1 -425.798734414766159 15.8793197686249385 -6.75532629013500596 0.0287649345058764334 -0.0272095068465195156 0.841897380466178902 -0.538183074839991726 -425.161091347050387 16.4686061134561896 -4.2540000000000191 0 0 0 1 -425.017700881533926 16.5116661806662428 -4.04157046241016982 0.0295720105129711995 -0.0297543253348350016 0.843693417032444937 -0.535183701521455557 -425.404011332948699 16.0916982754314617 -4.75211801720876448 0.032701881093246718 -0.0261186993692129991 0.842218285489666152 -0.53750977675114997 
1039 1357848178.87012458 0 1 1 -425.828714049675511 15.8723333348235514 -6.75150461168122629 0.00280379740663824414 0.000260508295350497972 0.888448665227514423 -0.45896736279497985 -425.161091347050387 16.4686061134561896 -4.2540000000000191 0 0 0 1 -425.04773114099811 16.5048845720343351 -4.03764568903906351 0.00392951977702164779 -0.0021008501822805262 0.890064761539773319 -0.455812313971419747 -425.433978024454575 16.0847721366227354 -4.74808964299145142 0.00664205473882702006 0.00172615379097788282 0.888708571805162051 -0.458421179595757122 
1040 1357848180.18518758 0 1 1 -425.99659111374126 16.020012632800487 -6.76530215997869178 -0.00389216494805409881 -0.00399228752190990306 0.927730233151724315 -0.373209762986724258 -425.493736654304655 16.5131528750922314 -4.24041849729815024 0 0 0 1 -425.21463230966242 16.6537949497904094 -4.05028064075062577 -0.00256533876052809093 -0.00621303546118152136 0.929051874576338532 -0.369888404216181299 -425.60175322821749 16.2325687991378551 -4.76187436766125405 -0.000211780510803256689 -0.00216748558575925168 0.927969725695840908 -0.372649225609334334 
1041 1357848185.29595709 0 1 1 -426.661413773776587 16.8082195315530072 -6.8617911031002361 0.0120671433654482938 -0.0277881790566320563 0.911640790886391827 -0.409869820245097272 -426.082359525988409 17.2675411693460177 -4.31426639771806286 0 0 0 1 -425.874243792872562 17.4470055442404153 -4.14152928010721144 0.0132173733577527226 -0.03011619115792738 0.913026237496845638 -0.406572755744915248 -426.266159099368565 17.0209801673117838 -4.85955855946717108 0.0158014033920861781 -0.0261224161764900993 0.911931908163132854 -0.409204264271391061 
1042 1357848186.19495845 0 1 1 -426.933499091380327 17.0448207314234566 -6.85304051641474921 -0.0137451270347612054 0.0333386999306666612 0.884590084904745555 -0.464973100574588571 -426.408114734264927 17.5919100650924598 -4.29784594126049857 0 0 0 1 -426.144609954442274 17.6855136718765777 -4.13090432403314267 -0.0125193252573422183 0.0310307146577374696 0.886326315633267581 -0.461850650599182788 -426.537911377271939 17.2579626854893569 -4.85077139293474069 -0.00987893908297019299 0.0347857792753749132 0.884798058369472895 -0.464569426489099491 
1043 1357848186.99514151 0 1 1 -427.253044320639162 17.2233249784752473 -6.86060110011091417 -0.0465232457246780307 0.0963081517791298525 0.849246813281105073 -0.51704949244730658 -426.750924051911966 17.835273368341273 -4.29702110619258359 0 0 0 1 -426.462915174742193 17.8663181321233573 -4.13657452690335692 -0.0452265514676316871 0.0940649772039742205 0.851341304294561785 -0.51412481238313712 -426.857281073438742 17.4368074628994485 -4.8576789201234023 -0.0425558843550416233 0.097523614797247235 0.849383341075569454 -0.516939146483356704 
1044 1357848187.69555807 0 1 1 -427.806314542260282 17.5248719856416102 -6.85163724588742529 -0.0020991563978034096 0.0208580391381680691 0.852254179652164878 -0.522707708964717521 -427.225594415304727 18.1513102046926917 -4.29363530879954247 0 0 0 1 -427.013985307386008 18.1717833404402 -4.12436193659516714 -0.00107632677907153174 0.0184401072456292087 0.854162579713352299 -0.519677872708532385 -427.410135300738773 17.7390795613242958 -4.84753896441797583 0.00184791340327448419 0.0220411069755399591 0.852503989090376613 -0.522252547532649269 
1045 1357848188.59537053 0 1 1 -428.768292114914914 18.0349166792201885 -6.85938069928198235 -0.02522163350138713 0.0399588376619651811 0.86197471638052825 -0.504744240994322246 -428.102514000450583 18.57862522524524 -4.28859997969285445 0 0 0 1 -427.972313126042309 18.6887328671658004 -4.12650229891681697 -0.0240814200063748964 0.0376464295568993135 0.863900900256420301 -0.501675259593534761 -428.371533730431395 18.2502430690174222 -4.853149280913577 -0.0212912864623116468 0.0412346577461665809 0.86221851412456374 -0.504406203393818364 
1046 1357848189.00526595 0 1 1 -429.281020825705468 18.2440083831749718 -6.84643422579517846 -0.00789700294375689053 -0.00754622605699337319 0.813662206456686632 -0.581235327213375119 -428.587699780847174 18.7850423413773306 -4.28606395575104582 0 0 0 1 -428.483477897158991 18.901460563164175 -4.11076643608749048 -0.0071490871349494051 -0.0100030566391390019 0.815758858032048728 -0.578261458990013355 -428.883934694481184 18.460037269383875 -4.83868148571989209 -0.00389322549731908711 -0.00663786002164182352 0.814051004856778171 -0.580742406839064751 
1047 1357848189.80602741 0 1 1 -430.257457432978129 18.5160824220509568 -6.83082086963945567 -0.0282135612261582916 -0.00220266433090795383 0.76683873108949363 -0.641215645265957868 -429.530378171534778 19.1192279476994322 -4.28521499637260828 0 0 0 1 -429.457863480423896 19.1805080023058565 -4.09023656691635917 -0.0276378658752848248 -0.00463643650974505678 0.769208522275977247 -0.638383036338183496 -429.859946459038724 18.7333968543782099 -4.81939705291751697 -0.0241506568634306078 -0.00158972516486052817 0.767303600710678158 -0.640827124022846917 
1048 1357848190.70498109 0 1 1 -431.283087941577435 18.6266102710906836 -6.82810179994853517 -0.038240676586985746 0.00862571137397554789 0.730881871675631456 -0.681377235761063904 -430.599790928772222 19.3036652320579485 -4.28567948134674381 0 0 0 1 -430.482658510258489 19.298427335595818 -4.082902380366777 -0.0377635533219116346 0.00620199979183182031 0.733440901215018481 -0.678675101697407857 -430.885414228706452 18.8451953502775567 -4.81174652483136001 -0.0341464264169698065 0.00902451167372293403 0.731365800719841475 -0.681070220527536074 
1049 1357848191.50508094 0 1 1 -432.332026450976457 18.6960845848392267 -6.8246655847048503 -0.0329541230674898211 0.00645575597116601965 0.725895728500067561 -0.686984526996823885 -431.600633239139199 19.3951321203587668 -4.28319844912891856 0 0 0 1 -431.531053838595938 19.3754780756652423 -4.07488333394366098 -0.0325042475545338563 0.00400969953790972222 0.728466340064262474 -0.684298317690396951 -431.934234594653844 18.9159747763767996 -4.80299958469021693 -0.0288576826836626152 0.00682076388644844989 0.726375503318806737 -0.686658095057856799 
1050 1357848192.31678057 0 1 1 -433.475389818707981 18.7936723624199971 -6.82055126491926256 -0.030248855655039826 -0.00357577261714319208 0.732852009816464922 -0.67970593074484742 -432.304581181437243 19.4487534174695611 -4.28000000000002956 0 0 0 1 -432.673661128232823 19.481341958525892 -4.065706214110552 -0.0298098770345703729 -0.00602681068913601525 0.73538011681869786 -0.676972032340937724 -433.077441028898761 19.0149877825574691 -4.7932305702963669 -0.0261617814127542252 -0.00317106049261223384 0.733350888474829765 -0.679339370228048467 
1051 1357848193.11514139 0 1 1 -434.581857085214949 18.8428651789365205 -6.79945280304756228 -0.0206545711892078369 -0.00201465524631152691 0.713056751631524821 -0.700799114444308202 -433.770638553469269 19.5514318931205509 -4.29340903105902782 0 0 0 1 -433.779654962982306 19.5385105880070036 -4.03985106712205155 -0.020284407887092671 -0.00451282729053641748 0.715649968628712441 -0.69814991197323728 -434.183716590879385 19.0656663825974206 -4.76638294161592224 -0.016556146223837595 -0.0017341554633416576 0.713537751282959709 -0.700418991904917632 
1052 1357848193.91675711 0 1 1 -435.683574274806801 18.8625361504694382 -6.79623859854183099 -0.0278641019905089896 -0.0090764664961613551 0.696636168305990844 -0.716825821649969552 -434.937977781643497 19.6012031006684211 -4.3010418590009607 0 0 0 1 -434.881186611809881 19.5661976601982808 -4.03199285519335504 -0.0275791585662574362 -0.0115550904607971336 0.699297452311534951 -0.714205112756704286 -435.285375303411627 19.086709012093479 -4.75726386674153279 -0.0237657008488403147 -0.00888571907828590579 0.697168615638854017 -0.716458063551405067 
1053 1357848194.71508956 0 1 1 -436.772776055105282 18.8090738552061936 -6.78419246522916364 -0.0210431941887498086 -0.00354064831777743845 0.687346201037970062 -0.726016423854512261 -436.002961989627863 19.5896460144126436 -4.30809167637483181 0 0 0 1 -435.970700908025208 19.520652229991093 -4.01558446285583592 -0.0207719553895443186 -0.00604826229570001612 0.690041230470384015 -0.723446642568348341 -436.374557779345196 19.0346592617655404 -4.73893302538895433 -0.016938746075156743 -0.00340769960444116784 0.687848885009008759 -0.725648246643420869 
1054 1357848195.51516199 0 1 1 -437.872260556825324 18.7839013492042994 -6.79148875579876066 -0.013692092896159247 -0.00290030106582148811 0.693148995604969231 -0.720658438330998186 -437.105599877825 19.5741088310369449 -4.31246464367286464 0 0 0 1 -437.070371126910629 19.503549133908173 -4.01838779340242613 -0.0133983334869654715 -0.00543246903120525246 0.695815389682300389 -0.718075146778709761 -437.474094984602232 19.0107935624577919 -4.74006124374886273 -0.00958786261767121881 -0.00273935800682659604 0.693626517868432435 -0.720265799908511695 
1055 1357848196.31595397 0 1 1 -438.930956777934398 18.7782214687800746 -6.76047373074732327 -0.0268452503111803811 0.00651609745410226902 0.697005116727714924 -0.716533837487863146 -438.174683784949423 19.5656660961435378 -4.30812884146894426 0 0 0 1 -438.128953216469313 19.5055345152844701 -3.98298973466891004 -0.0265023925023694998 0.00403519480437409747 0.699703518626297427 -0.71393019715972228 -438.532611438654612 19.0066053774467818 -4.70322209191690899 -0.0227372812799229336 0.00670805582485126551 0.697487443449269717 -0.716204778158907707 
1056 1357848197.11506009 0 1 1 -439.966776215283119 18.7396898511106684 -6.74132700514598948 -0.0215485955358309215 0.0174684172217357339 0.677334117332114238 -0.735152369191670485 -439.233315097154104 19.5601989168127268 -4.29378617897362691 0 0 0 1 -439.16495022492154 19.4745538857366753 -3.95965833334718997 -0.0212354930472965359 0.0149606841101884228 0.6801126951280555 -0.73264722321977449 -439.568355778383363 18.9694658541874261 -4.67817445227750817 -0.0174307767128825709 0.0175458274394626919 0.677780055922642677 -0.73484862914490745 
1057 1357848197.91545796 0 1 1 -441.077047644653931 18.6855046401766316 -6.70670748501150626 -0.0294512362446850348 0.0108100574090439945 0.70283500817509359 -0.710660761985625 -440.374032521586912 19.5284823458364194 -4.3029549996176657 0 0 0 1 -440.275448828683579 19.428434110800012 -3.92059458427152796 -0.0290714165906301725 0.00834274688072146262 0.705533721331034092 -0.708030662737625494 -440.678484977476785 18.9168600593361234 -4.63715132451321477 -0.0253426773713143899 0.0110375248216214427 0.703308090784124373 -0.710347556613701192 
1058 1357848198.71535611 0 1 1 -442.180228184185864 18.7131833556367866 -6.70146175204608596 -0.0222998215795983321 0.00657446541414864662 0.707284973323444199 -0.706546149145893643 -441.430016769963004 19.569436254385554 -4.28709465965927539 0 0 0 1 -441.378373818724015 19.4642320913206461 -3.91067846738273417 -0.0219201810624058552 0.00408273993610125917 0.709951725789741861 -0.703897282240081301 -441.781586269734362 18.9459285327068905 -4.62604192287653682 -0.0181943284170952325 0.00682253453622730897 0.707749124786163475 -0.706196570226996001 
1059 1357848199.51611996 0 1 1 -443.325232325224135 18.7461247572087046 -6.6969341403596081 -0.0205904524584099267 -0.00312834841725303202 0.712617551466595667 -0.701243518362553053 -442.560390611358457 19.6129620841056145 -4.29321340284621389 0 0 0 1 -442.523084115524341 19.5056197958794861 -3.90129102309344011 -0.0202275911738360806 -0.00562326899629873693 0.715250470727090137 -0.698552780773060378 -442.926508109062013 18.9803073444491872 -4.61545415681157589 -0.0164925308803036824 -0.00285036921034998673 0.713103687083644133 -0.70085876129805158 
1060 1357848200.31611991 0 1 1 -444.42381353506488 18.7542843890740443 -6.69081186426901819 -0.0101277426017556023 -0.000376668331972248444 0.707206007321985908 -0.706934898104808251 -443.642568801983657 19.6402169324768536 -4.29592494788157175 0 0 0 1 -443.621549586323908 19.5218940771261416 -3.89058000992475872 -0.00977508684181162789 -0.00291337749168673818 0.709847341009992028 -0.70428169958466913 -444.025028697561538 18.9898580923866405 -4.60337367451939894 -0.00602559920829454001 -0.000137231566633516449 0.707658768775651148 -0.706528654972045422 
1061 1357848201.11530209 0 1 1 -445.492192286764009 18.7709078432011296 -6.66968794246427876 -0.020461949405675528 0.00109033565510548679 0.703611385346022411 -0.710289474936895093 -444.705429005146868 19.654392842480199 -4.26300000000003276 0 0 0 1 -444.689688445677916 19.5463751220092732 -3.86496723979304102 -0.0201165944349450225 -0.00140885792833424076 0.706293423385225272 -0.707631922563175975 -445.093254984281714 19.0079277734012777 -4.57650915855341633 -0.0163583762087183733 0.00131585469486366182 0.704090182927199382 -0.709920901481129185 
1062 1357848201.9165256 0 1 1 -446.533287482745834 18.8073893032323411 -6.65916654585625256 -0.017115534472162422 0.0173866314732380317 0.713401431040740719 -0.700330751655794059 -445.852700046466168 19.7070261840273062 -4.26300000000003365 0 0 0 1 -445.73044044672929 19.5905578181568032 -3.85000872060866239 -0.0166736673099165816 0.0148804256536658533 0.716069273422438646 -0.697671382106980764 -446.134232377674039 19.045757001226864 -4.5605178421616035 -0.0130058036068832813 0.0176672425549025992 0.713815147534604955 -0.699990466194501559 
1063 1357848202.7257936 0 1 1 -447.627150439910736 18.8158207787119096 -6.63680981345835441 -0.0283798684712396436 0.0161818232226054459 0.701706446815314466 -0.711716793507483514 -446.93250121865367 19.7193414433455416 -4.26510213500272428 0 0 0 1 -446.824117842558564 19.6070596202762282 -3.82308422962128303 -0.027984517573238353 0.0137128866845290902 0.704442599904129829 -0.709076474687519664 -447.227945539456812 19.0556749332591018 -4.53223093280276856 -0.0242678696740666125 0.0164023038572922858 0.70216188692510384 -0.711414590431931892 
1064 1357848203.52506304 0 1 1 -448.731594004544263 18.8402873888239952 -6.62531188204828769 -0.0306327778678708029 0.00595665429304636715 0.728947273170088894 -0.683858190071320871 -448.01604787987867 19.759267475709926 -4.25476971227746326 0 0 0 1 -447.928300203335084 19.6397228140367019 -3.80692499433003739 -0.0301756085163458268 0.00351155532913942576 0.731571677798489972 -0.68108735260092812 -448.332279354440743 19.0815747561999025 -4.51484295100854105 -0.0265378345023528257 0.0063383433340714352 0.729423183053701796 -0.683518389487445366 
1065 1357848204.3252461 0 1 1 -449.867126932392466 18.853939883396535 -6.59819566712164907 -0.0221005723562858643 0.00802119785805892153 0.705105701797502316 -0.708712335421853967 -449.123998356369441 19.8107158511705883 -4.24832214570246869 0 0 0 1 -449.063586597263395 19.6617688551007959 -3.77505310385378889 -0.0217242234717025945 0.0055305333599717215 0.70781303146364416 -0.706044038148862185 -449.467629481045094 19.0967953134633674 -4.48160084606229869 -0.0179934979047904516 0.00825658150855780246 0.705567446194913517 -0.70836617773926136 
1066 1357848205.12540603 0 1 1 -451.004006597381817 18.8989966290100568 -6.58496960990669677 -0.0230710762543224063 -0.00195900185459391661 0.721024549814457183 -0.692522552930271318 -450.229096422375221 19.8464063339796652 -4.26019965605706474 0 0 0 1 -450.200041186850399 19.7152858332687799 -3.7569681144379512 -0.0226739265062542543 -0.00443704921261620262 0.723661266687081084 -0.689768495038678431 -450.60436464544722 19.1433366182822802 -4.46243370001394002 -0.0189761398440760065 -0.00162983241506782593 0.721509694618513886 -0.69214233386957047 
1067 1357848205.92533398 0 1 1 -452.136731256891551 18.9261964282552384 -6.5720250031453098 -0.0119828013635257438 0.00540236394266415624 0.70182121919726248 -0.712231846535790303 -451.404220161673891 19.8984413745813491 -4.2340189704769351 0 0 0 1 -451.332475102039893 19.7509297414332501 -3.7392382566334903 -0.0116289113910682685 0.00287230436435521441 0.704524648360621009 -0.709578422825723143 -451.736967849331904 19.1720150052129199 -4.44346118866841078 -0.00787560417032142149 0.00561191421558742461 0.702265794255212961 -0.711849166254259536 
1068 1357848206.72520399 0 1 1 -453.236547180816274 18.902832315111354 -6.55638329947005261 -0.017158212159372771 -0.000996510468780742236 0.698736231305500555 -0.715172903418023531 -452.468075131894807 19.9095508743560146 -4.22696768000184697 0 0 0 1 -452.432370079036559 19.7357688116283079 -3.71910647795456306 -0.0168394582867849273 -0.0035079581588103436 0.701455210559312925 -0.712505939942505773 -452.836708868672929 19.150106820641863 -4.42166150252344181 -0.0130542984526716976 -0.000801247465736796075 0.699216556691008351 -0.714790284029922507 
1069 1357848207.52486205 0 1 1 -454.319319657524375 18.9237303582324472 -6.54695815401914416 -0.0214885902617650837 0.00809197358246342008 0.715355723690740297 -0.698383096183606056 -453.604859438671326 19.9175713346732444 -4.22353509531516647 0 0 0 1 -453.514915484117296 19.7647720789308288 -3.70512414761183528 -0.0210749371641893272 0.00560570510087173447 0.718038170114273844 -0.695661993609535068 -453.91938753415991 19.1724012389785869 -4.40644288600211986 -0.0173850779504907023 0.00838669734654071998 0.715809797322623398 -0.698028478236538574 
1070 1357848208.32589793 0 1 1 -455.443868255885945 18.9629568430498097 -6.53739447058329226 -0.0244146835087810168 0.0028689566219823044 0.718666239210692614 -0.694920519869594022 -454.716494360491083 19.9418830786574759 -4.22516476756680426 0 0 0 1 -454.63909601394721 19.8124289028700602 -3.69077329579176272 -0.0240085262995536862 0.000396084495337786899 0.721336991559896945 -0.692167883095794467 -455.043818832968043 19.2130767429581084 -4.39096968060353632 -0.020315886460325637 0.00318514177837417181 0.719142329997283669 -0.694558441626952461 
1071 1357848209.12614799 0 1 1 -456.561473958227737 18.997077595551886 -6.53106124346975214 -0.0264516541043537841 -0.00918268083276995231 0.718425733477949358 -0.69503989370721575 -455.694671706296504 19.9877333538606763 -4.23300000000000409 0 0 0 1 -455.756384777767266 19.8549501729524565 -3.6796981833809963 -0.0260918305924756622 -0.011647258617096555 0.721085670939611734 -0.692256464692537321 -456.161331158996973 19.2486187086014056 -4.37873347922547396 -0.0223604901535545374 -0.00886620470182311257 0.718944553126113162 -0.694651083943998215 
1072 1357848209.92679501 0 1 1 -457.650252321508503 19.0303461760144756 -6.5054030322587586 -0.0259395426683827202 -0.0146135749446364323 0.718151507360799912 -0.695249592613259804 -455.694671706296504 19.9877333538606763 -4.23300000000000409 0 0 0 1 -456.844771187574111 19.896352635718177 -3.64942111276318215 -0.0256013524671027982 -0.0170796946293359717 0.720806016561082785 -0.692453277320981275 -457.249911745644738 19.2833917153860881 -4.34732538601385432 -0.0218518092421987574 -0.014298772178895849 0.71868583742577552 -0.694844378714133626 
1073 1357848210.72540307 0 1 1 -458.668062626412791 19.0710002673660455 -6.47445765369883652 -0.0299900965486903162 0.00992452273971711728 0.701224860102194203 -0.712239983104043017 -457.99590625489202 20.0814888090954007 -4.20280571826119065 0 0 0 1 -457.862119501870438 19.9445984722092611 -3.61412873168765003 -0.0296207112570842368 0.00746525574089147107 0.703994079305351628 -0.709548602792196226 -458.267487579058013 19.3254950333986848 -4.31106375306977707 -0.0258815724316340708 0.0101432145968055661 0.701705714772523859 -0.711924398557663429 
1074 1357848211.5250411 0 1 1 -459.717154557499214 19.0651437833232507 -6.46135831155775264 -0.0327577464742835542 0.0102709150286543482 0.705927179466121713 -0.70745194581781079 -459.040956831446294 20.1066153335217805 -4.21236885829649488 0 0 0 1 -458.911170935534642 19.9466377252363785 -3.59669813994248777 -0.0323698523699090732 0.0078249945937573142 0.708687691805123698 -0.704735920470273891 -459.316498297409737 19.32101845947059 -4.29219117109641246 -0.0286507928159473076 0.0105188199167209704 0.70641170750333071 -0.707142832814422473 
1075 1357848212.32565951 0 1 1 -460.849609437817492 19.0979494100647713 -6.44709331215135606 -0.0221304116048268648 0.00820133143827980575 0.712624871640132218 -0.701148183599391239 -459.72611182462424 20.105993615463376 -4.21800000000001774 0 0 0 1 -460.043283082306743 19.9879754324626866 -3.57763600499922685 -0.0217268250832409401 0.0057179216287651562 0.715339313331080029 -0.698416005864032741 -460.448817661410885 19.3553140714948277 -4.27193419421219556 -0.0180258071434865018 0.00848054483231014226 0.713082874338029415 -0.70079666449119693 
1076 1357848213.0350244 0 1 1 -461.854501340746424 19.1425385875051717 -6.44087619358978536 -0.0138826767012682414 -0.00610518579804506141 0.727352516508540825 -0.686096432524373578 -461.14013545162743 20.1917841974645853 -4.18700000000001182 0 0 0 1 -461.047781815889437 20.0401652040916467 -3.56711414681109806 -0.0134796017817332536 -0.00861154389502659899 0.729973089372058181 -0.68328868748147964 -461.453605915578464 19.4011860112554722 -4.26049478488642741 -0.00979272803714220999 -0.00574455284712097839 0.727822590167708672 -0.685671480981778214 
1077 1357848213.83533812 0 1 1 -462.973994842320224 19.1833081593786829 -6.42510506726758379 -0.0122979504759384 0.00225079111852640986 0.702147920644213719 -0.71192133827301407 -462.273163398716292 20.2604777349637288 -4.16567357564159035 0 0 0 1 -462.166865821587976 20.0893842691542801 -3.5465757535900333 -0.0119558209128824058 -0.000275255524654217064 0.704879807751964238 -0.709225943690901195 -462.572946212720012 19.4434393907211991 -4.23885147756435821 -0.00819271312877822323 0.00246245423871238427 0.702604174922326408 -0.711529471738471919 
1078 1357848214.63495946 0 1 1 -464.019597892015327 19.1541398503030535 -6.39799402312454824 -0.0269418252976977163 -0.000169382236827175071 0.692251006361073062 -0.721153696205855899 -463.333438397980672 20.2810147118318156 -4.18100556737675966 0 0 0 1 -463.212547636217835 20.0680805065766208 -3.5152227204767641 -0.0266437903167155085 -0.00264291352392549824 0.69504753140502229 -0.718465067023754789 -463.618419487871961 19.4157345008757964 -4.2058437608578414 -0.0228367237981127839 -4.33553099545091982e-06 0.692760602459316921 -0.720805959816909647 
1079 1357848215.4249959 0 1 1 -465.078114100548191 19.145660727694704 -6.39633942179249537 -0.0147136777936452585 0.0153990082606165618 0.697967654783353875 -0.715812497171290918 -464.374037936967341 20.2759494238543709 -4.18250707320528115 0 0 0 1 -464.271089359809196 20.0676523833789169 -3.50920805036732419 -0.0143362825998737328 0.0128809986091039715 0.700745758834638299 -0.713150708021324187 -464.676920187361702 19.4085787704513244 -4.19834791220581227 -0.0105998800967865604 0.015588581215314503 0.698392858844915088 -0.715466318838318127 
1080 1357848216.23530602 0 1 1 -466.167385148182575 19.1324907860645652 -6.36033859622458131 -0.0260481665727184883 0.00801839255168507875 0.708230298586402962 -0.705455202378791446 -465.434397743992406 20.2671304229005891 -4.16176298720824089 0 0 0 1 -465.360279065708255 20.0626680936785959 -3.46873523776734327 -0.0256614216213891765 0.00554925223350746268 0.710983307276249143 -0.702718602297210615 -465.765992808208068 19.3969812612694881 -4.15631002122754367 -0.0219424519996015525 0.00827477457789223443 0.708702822162305623 -0.705117271640054111 
1081 1357848217.02484989 0 1 1 -467.244335973025841 19.1762296590449779 -6.34093244251854848 -0.0115480540347039709 0.00638933643346727229 0.719494319782038927 -0.694372913231307454 -466.530488882530335 20.29089461518193 -4.15128334018578915 0 0 0 1 -466.436782598629804 20.1145578086316803 -3.44473060450299595 -0.0111270998148133623 0.00387024587936728691 0.722174949941494893 -0.691610114532417719 -466.842767564692224 19.4421748271028285 -4.13128270831806432 -0.00744660752525193315 0.00670171299607937466 0.719925375764163378 -0.693979170011688073 
1082 1357848217.83670902 0 1 1 -468.345677580424592 19.1973389196225952 -6.32398972244541291 -0.016368272182512085 0.00935550409654594892 0.695350661287207794 -0.718423281955910542 -467.676827565094015 20.352796587677652 -4.15018506194153236 0 0 0 1 -467.537858397084449 20.1440209199735882 -3.4231593709131003 -0.0160235862250584227 0.00684323187524582457 0.698140670735196034 -0.715748572284570228 -467.943973521625082 19.4647547295373222 -4.10844653730637255 -0.0122573114083478017 0.00953098669941781704 0.695800854151297221 -0.718066911904384764 
1083 1357848218.63522196 0 1 1 -469.434432283459955 19.1988738711071818 -6.312280619198539 -0.015197370402239575 0.00904511338443094934 0.708735422095884582 -0.705252669135883692 -468.754022740935909 20.3759889395923466 -4.15776259196475451 0 0 0 1 -468.62651895914496 20.1538391076862169 -3.40693532448150194 -0.0148056322009412541 0.00653475857069146879 0.711474428108350265 -0.702525606888068643 -469.03264508888725 19.4677133362500498 -4.0907925788411541 -0.0110903531781760181 0.00929695595883192789 0.709175274824641044 -0.704883678526945334 
1084 1357848219.43530989 0 1 1 -470.551502849460917 19.1982434418508916 -6.29834656690596972 -0.0146213842690485814 0.00463900013024373583 0.70811139086380348 -0.705934099565092787 -469.863680778792002 20.3810499174839421 -4.16179301160115322 0 0 0 1 -469.743501966158874 20.161709425154541 -3.38837618825519238 -0.014248954690307826 0.00212624761981293963 0.710847281822000188 -0.703198825573227659 -470.149622522586526 19.4685557158336273 -4.07074559907531519 -0.0105166891306976897 0.00488675337282724973 0.708563689673556429 -0.705551569034749915 
1085 1357848220.23511243 0 1 1 -471.632686186113631 19.257869821524892 -6.28572158951689808 -0.0187504188172349651 0.00281208154696880675 0.738066435940885501 -0.674461600188676735 -470.935484212484312 20.4047622907850474 -4.16165873949858156 0 0 0 1 -470.824142478460999 20.2295718808723919 -3.37108697066326712 -0.0182737918397990057 0.000333351997198095542 0.740689226316898486 -0.671599156808818765 -471.230647640668224 19.5296014391574424 -4.05257354763686273 -0.0146613095084286056 0.0032403336565127454 0.738516174140131487 -0.674068547534088403 
1086 1357848221.03504992 0 1 1 -472.711507631595111 19.4177235466456324 -6.28208006443990108 -0.0143491520481786212 0.00960142072039119922 0.758395368069054165 -0.65156609814127997 -472.036906738125253 20.5176046751439571 -4.16900000000003956 0 0 0 1 -471.901688297952035 20.3976756993844006 -3.36247826951535789 -0.0137686864636357049 0.00712127688163254752 0.760933726244394149 -0.648644413336354031 -472.30923891349471 19.6908148529333999 -4.04401236765560412 -0.0102704704881207438 0.0101518895828805761 0.758798120370219875 -0.651165776969637067 
1087 1357848221.83518195 0 1 1 -473.767510685868956 19.5605916493438627 -6.24534249684416132 -0.0255901745277810483 0.00490793064445408343 0.729012585625537057 -0.684004170443423654 -473.131117550179738 20.7029810992784462 -4.15591344032047516 0 0 0 1 -472.956408889498505 20.5485223491960909 -3.32092186318018179 -0.0251392348571365179 0.00245032515075878973 0.73169374344398852 -0.68116538416332939 -473.364851366718653 19.8352176880076456 -4.00237687332252712 -0.021495243602485406 0.00528649848951651645 0.729480708188074867 -0.683643111438720585 
1088 1357848222.63516998 0 1 1 -474.822841664837085 19.5516240251192954 -6.22659540185372862 -0.0220190553694419554 0.00980790364136223045 0.69097866916895001 -0.722473144815989676 -474.170056938219886 20.749952231740707 -4.14220227928287521 0 0 0 1 -474.011697002121309 20.5475967525108345 -3.29783282633751629 -0.0216882439421545031 0.00731696504951519222 0.693810491980374922 -0.719793778324819833 -474.420073865954407 19.8276769488577429 -3.97780354832764349 -0.0179073070219078444 0.00996238283734608536 0.691445998531838968 -0.722137459489350597 
1089 1357848223.44611001 0 1 1 -475.907717665616531 19.5363162159545567 -6.20406617785390679 -0.0254709673790118017 -0.000203378047816563741 0.702194918301035198 -0.711528977041940069 -475.247963077390125 20.7551859865859925 -4.12362463417608804 0 0 0 1 -475.096562028588437 20.5405524269742763 -3.27085944896886627 -0.0251383663857847432 -0.00267575515025965816 0.704977942979521988 -0.708778528725434676 -475.504827878536446 19.8138562958825872 -3.94924774356979835 -0.0213681835268976494 1.76395870137453262e-05 0.702695650922998905 -0.711169615911358299 
1090 1357848224.25254941 0 1 1 -477.027670054550356 19.5051144753448824 -6.20231868313207357 -0.0188628254581275183 -0.00364715871092036615 0.686928967642955857 -0.726470567512584542 -476.047968378174119 20.757277388125658 -4.10700000000002774 0 0 0 1 -476.216709160051948 20.5179564861353327 -3.264572188223966 -0.018598581211287369 -0.00615165407612968101 0.689752580621150191 -0.723780096062000555 -476.624790769577089 19.7840585552085066 -3.94118363194574606 -0.0147581847052548499 -0.00351784610107566198 0.687431547267365994 -0.726090688939480922 
1091 1357848225.05516744 0 1 1 -478.06662311203786 19.4379121714038519 -6.18389063696734631 -0.0233712344584408871 -9.6569938157174684e-06 0.675228495352457658 -0.737238268384575512 -477.367026500462089 20.7155430680140853 -4.14500000000003865 0 0 0 1 -477.25607021500997 20.4586920198929647 -3.24205266269500925 -0.0231340366468576891 -0.00250053094558212599 0.678110617850629982 -0.734591419533096035 -477.66370783674995 19.7182626747427001 -3.91666170709051009 -0.0192633339216521024 5.70608533960502369e-05 0.675739043527629701 -0.736889181466688581 
1092 1357848225.955688 0 1 1 -479.204559700736013 19.3305458620697976 -6.17168240883907693 -0.029776252955714913 0.00324875372568793168 0.663802634998805874 -0.747307755966569176 -478.595627247367304 20.6402035902249992 -4.11002459541212861 0 0 0 1 -478.394746219390129 20.3600520570923571 -3.22546869705338501 -0.029565858093348104 0.000779849585705167303 0.666743867805125956 -0.744699850016158349 -478.801689570921042 19.6123888015440748 -3.89757165743546752 -0.0256666970318335484 0.00325679732825280089 0.664327072346479475 -0.746994079549626822 
1093 1357848226.75548959 0 1 1 -480.297830910686798 19.247580646248835 -6.14898477748906735 -0.0194206131341177375 0.000562344740752675448 0.696748527579546528 -0.717052308321799781 -479.693186232489097 20.5511401085582008 -4.13285159344292552 0 0 0 1 -479.488527493829679 20.2854413452697777 -3.19850447309713282 -0.0191052892680353553 -0.00193556851877910293 0.699548842689858175 -0.714326716697460506 -479.894919672623075 19.5309244882199451 -3.86838652396995375 -0.0153153828405917149 0.000747845531918073735 0.69723407508895896 -0.716679512969605303 
1094 1357848227.45094848 0 1 1 -481.298592677544093 19.2731036864445429 -6.13366687140617195 -0.0299636813182189363 0.00732365327523772959 0.720251478653389898 -0.693026947096698209 -480.629079139544672 20.5528176218637135 -4.14015520937754644 0 0 0 1 -480.488995985385486 20.3186306931769245 -3.17896439037792522 -0.0295360046320421975 0.0048792174533762037 0.722992774365201263 -0.690206683452955216 -480.89555087880882 19.5577861939586768 -3.84775230117812761 -0.0258635399105605207 0.00765336248320369096 0.720730262763299434 -0.692690689762133882 
1095 1357848228.25548697 0 1 1 -482.444803401835884 19.311074507418013 -6.1169921487869523 -0.0156090654426757295 -0.000211223871221230487 0.709037437604418397 -0.704998031582956375 -481.711261084638238 20.6036646779574788 -4.13805851111991174 0 0 0 1 -481.634805747670725 20.3653894408240923 -3.15742679422479622 -0.0152526163209673622 -0.00271798962289749712 0.711785173630413381 -0.702226343017475885 -482.041606244786578 19.5972849334993597 -3.82504217140912095 -0.0115076646613848366 4.26054239407875886e-05 0.709507543331053259 -0.704603872963491917 
1096 1357848229.04537559 0 1 1 -483.512619643631524 19.3383621601059161 -6.09763273991687349 -0.0147593936543200729 -0.0131349529217036094 0.719905299261343168 -0.693791030070393333 -482.812190248087916 20.6480003338695965 -4.13411158618817787 0 0 0 1 -482.702295455807416 20.4008574406985232 -3.13356263649136491 -0.0144129576546813808 -0.0156386724581477517 0.722589039436192793 -0.690950634026824995 -483.109266590985442 19.6260198028315749 -3.80001067311283736 -0.0106705499435959233 -0.0128175493468488302 0.720405777559235738 -0.693352266493674541 
1097 1357848229.84636807 0 1 1 -484.600627465329069 19.385353151566548 -6.0857068877177678 -0.0245887407034955097 0.0082690154387305044 0.726675605272742331 -0.686490773365370122 -483.969386293453738 20.7228136367934042 -4.1024664217274367 0 0 0 1 -483.78985399405957 20.456212084886797 -3.11698706904244238 -0.0241340829277428698 0.0058076269587025971 0.729386281911466261 -0.683651570077705939 -484.197135044101572 19.6744373910705974 -3.78242291188800461 -0.0204905188133527143 0.00863300380519057761 0.727132881707319267 -0.686136562372294145 
1098 1357848230.65519142 0 1 1 -485.682566433158058 19.4821825234721615 -6.07216395423318822 -0.0345018290794227231 -0.00304468828474988192 0.724832340957926258 -0.688054090290055376 -485.038648352673817 20.810114479283186 -4.10095829895757813 0 0 0 1 -484.870950690979726 20.5613558246123524 -3.09866419896682865 -0.0340971319789829252 -0.00546781023945172064 0.727553098808145227 -0.685181710976481506 -485.278865492342845 19.7726949144849513 -3.76355703142147524 -0.0304107219040023399 -0.00268443933282877609 0.72535245239219015 -0.687700371955244361 
1099 1357848231.45597243 0 1 1 -486.782984338983056 19.5525837642000653 -6.06207588262751784 -0.0108996830635772392 0.00492520915484595707 0.71686096354066231 -0.697113547548351642 -486.133292886435015 20.8903863046646734 -4.10106096365074002 0 0 0 1 -485.970743798258866 20.6402305054525463 -3.0838023710506377 -0.0104951048346950664 0.00240458469443999073 0.719581931207446734 -0.694324070608759447 -486.379125506061143 19.8445268303545674 -3.74788271908327886 -0.00679792670505792798 0.0052216668278975498 0.717297738436475152 -0.696714056713347296 
1100 1357848232.24577498 0 1 1 -487.874212876869365 19.5444840478547945 -6.04584880682996761 -0.0224730201908931483 -0.00400386344413978818 0.696712730350352638 -0.716986962091206492 -487.191840649536744 20.934318286001389 -4.09947315840496795 0 0 0 1 -487.061930029925065 20.6405207962765829 -3.06308488395765632 -0.0221756782245229253 -0.00648887698294315588 0.699521948756547385 -0.714237479399271624 -487.470257778681002 19.8378856583649075 -3.72563833598819594 -0.0183708651047014906 -0.00381636361750781368 0.697220976850268959 -0.71661067262775302 
1101 1357848233.04718041 0 1 1 -488.935044824832062 19.5505293142376928 -6.01912845933236795 -0.0264457234381811693 -0.00200079324999936871 0.704657811929403244 -0.709051471068968264 -488.284255373349879 20.9097616085782647 -4.11000000000001364 0 0 0 1 -488.122568293497523 20.6546911486211009 -3.03195608943334483 -0.0261117900524034455 -0.00446642935191733301 0.707448706055529453 -0.706268046657542614 -488.530919338721617 19.8454157841798917 -3.69315404927767066 -0.0223448871342416915 -0.00176479738809709095 0.705165890355557101 -0.708687983945115008 
1102 1357848233.86034393 0 1 1 -490.040111133740197 19.5233076913195731 -5.99391513617215566 -0.0251324823574093428 0.00255758273621865427 0.696661646228838305 -0.716954927296567956 -489.40950275491133 20.9224492007460405 -4.08828352758533065 0 0 0 1 -489.227703310421248 20.6359466723888509 -3.00225525592185738 -0.0248098354462904652 8.3146319101595699e-05 0.69948879824156085 -0.714212773819115299 -489.635863142125913 19.8197256721324351 -3.6617307465304707 -0.0210265107807543102 0.00274659489728555379 0.697157125573637515 -0.716604691809061944 
1103 1357848234.65578794 0 1 1 -491.119859904564635 19.5678698702704565 -5.96959645199256528 -0.0277690324842714761 0.00223338908977155142 0.735706054955155286 -0.676727783906042601 -489.631455386406742 20.9249518010765314 -4.08400000000000318 0 0 0 1 -490.306966564108393 20.6887937858562019 -2.97332989038881834 -0.0273040144164035173 -0.000208989612768022658 0.738382787861338485 -0.673828840070094026 -490.715407684018771 19.8657810789299383 -3.63178085083117486 -0.0236797041279476102 0.00265379534426183694 0.73618472523635603 -0.676361056915132264 
1104 1357848235.45986104 0 1 1 -492.211424137162794 19.6558617190199669 -5.94716553863374209 -0.0229711216366355435 0.00636668963613592435 0.728567674510401386 -0.684558935733321716 -491.582588843712756 21.0360284752506637 -4.0505219797733254 0 0 0 1 -491.39771928173684 20.7851699043036113 -2.94610802736692845 -0.0225171661847486 0.00390078126290136547 0.731272387433400839 -0.68170261588907044 -491.806725227573565 19.955268585876869 -3.60392044525848299 -0.018874822916595306 0.00674080112281645692 0.729025455436404957 -0.684193092617743637 
1105 1357848236.24648452 0 1 1 -493.312515672281847 19.7467080611272223 -5.92026397643348545 -0.0317938079330567502 -0.00502997274258126445 0.726711799587567042 -0.686187884978687657 -492.37569718825398 21.1158812250941992 -4.0180000000000291 0 0 0 1 -492.497955282851649 20.8844633208732091 -2.91436736700442145 -0.0313903942286714449 -0.00746189560067935052 0.729424073302314291 -0.68330043505860083 -492.907541937357166 20.0476499170315527 -3.5715549455858504 -0.0277045229787552492 -0.00466048525343862926 0.727229710813826369 -0.685818989962629133 
1106 1357848237.05589008 0 1 1 -494.360467560244388 19.7814855096038542 -5.89108066643122719 0.00874539970157002522 -0.0162126449689376784 0.702884648448717231 -0.711065284697751543 -493.699688111548312 21.1704603331163526 -4.08200000000005048 0 0 0 1 -493.545480397385688 20.9272738542592798 -2.88074002369394488 0.0090167548327859115 -0.0188156508120631005 0.705593428118319821 -0.708309666468728616 -493.955275318424697 20.0839113386119266 -3.53685447528234986 0.0128385164643778846 -0.0160090955232548258 0.703341432829837632 -0.710555916322137326 
1107 1357848237.96577311 0 1 1 -495.468865159094776 19.7931302052813436 -5.87633038824019849 -0.0254604093223548648 -0.00712863450322000561 0.709214094401834694 -0.704497209667322544 -494.861978355279575 21.2033400443943059 -4.05553877676782459 0 0 0 1 -494.653687515487775 20.947469380037095 -2.86136774436428754 -0.0251301077743476299 -0.00959528532971060458 0.711982930968174887 -0.701681348043866948 -495.063560550613772 20.0970274443690471 -3.51611406052953512 -0.0213642270319921238 -0.00686676012706967463 0.709732576489768396 -0.704113689170916324 
1108 1357848238.86093903 0 1 1 -496.548650619561272 19.8376038678224376 -5.86718371644055736 -0.0330514464113039128 0.009110251244950969 0.720992643680081979 -0.692094078122028833 -494.92956802068511 21.2052520699799061 -4.05400000000003047 0 0 0 1 -495.733049082719162 21.0002910731704659 -2.84761499926140038 -0.0326142939325417269 0.00668008173213901352 0.72375507442730147 -0.68925341970864773 -496.143224953143203 20.1429019863936389 -3.50133492636675747 -0.0289510042134966152 0.00944670099978963014 0.721474422124195658 -0.691771101894122831 
1109 1357848239.56526303 0 1 1 -497.576710917691969 19.8484554907614807 -5.85517447559162463 -0.0280078185051906813 0.00659095687880192731 0.706603909081154113 -0.707024071062106296 -496.207658108789474 21.265481436625123 -4.04500000000001592 0 0 0 1 -496.760939865459136 21.0190841541752249 -2.83131880533197711 -0.027633623934679101 0.00413306485421380352 0.709410837010791773 -0.70424112698336172 -497.171190130428272 20.1551083167881586 -3.48376997525360865 -0.0239025769804672716 0.00683936549422332028 0.707088938142103496 -0.706687429809248702 
1110 1357848240.3667171 0 1 1 -498.702436026803412 19.8753128398470125 -5.83970888455412762 -0.0131067199230387402 -0.00638131203339430651 0.720456146680223286 -0.693347267579728865 -497.823083735763021 21.3329627681883309 -4.0946074252966369 0 0 0 1 -497.886353162404589 21.0546316099636854 -2.81111240444158295 -0.0127330892454240278 -0.00889043197265249052 0.723159358818565856 -0.690506604176041483 -498.296780242754892 20.183463041677566 -3.46231282293104226 -0.00901360102134851626 -0.00606206277814534764 0.720931660291907916 -0.692921025500204402 
1111 1357848241.1667161 0 1 1 -499.838636907399064 19.9001835886851239 -5.81310391115634495 -0.0132152001504751131 -0.00555265542180538758 0.710860149427832599 -0.703187296854962618 -498.416785541106606 21.3514336092979562 -4.07215174337543129 0 0 0 1 -499.022209111570419 21.0882409200647452 -2.77972970410517206 -0.0128736105109227283 -0.00806656443827024304 0.713603831807183342 -0.700384731358902335 -499.432787339617903 20.2099126036176209 -3.42964718465752361 -0.009117667119989405 -0.0052896890436970297 0.711339575827790616 -0.702769446687353527 
1112 1357848242.0710516 0 1 1 -500.96184741832144 19.920638354043362 -5.78959643924331502 -0.0303499860911954633 -0.00179803729621926802 0.705855223492866113 -0.707703362203389363 -500.327780869731214 21.4469540603458881 -4.02300000000002456 0 0 0 1 -500.145125197155039 21.1173456376574968 -2.75151212108012544 -0.0300110448645557575 -0.00424681642801798438 0.70865830252589046 -0.704900497941012949 -500.555826622069105 20.2319111794610222 -3.40012290332816702 -0.0262498491779279731 -0.00155226690157152822 0.706372871559134308 -0.707351328698055837 
1113 1357848242.86023951 0 1 1 -502.009170680561567 19.9322673009369424 -5.75823035099880975 -0.0282306694882705558 0.0113305272242833488 0.706739230473690916 -0.706819855806639863 -501.439607025404541 21.4662710459326007 -4.0078780361359323 0 0 0 1 -501.192191561597951 21.1370125052989799 -2.71577757630153194 -0.0278375230398195707 0.00887384207611941964 0.709555611237907113 -0.704043437437361308 -501.602947500123719 20.2450377379319448 -3.36310117628719274 -0.0241227670242682851 0.011580009526355713 0.707210303613687086 -0.706496696349741549 
1114 1357848243.65277362 0 1 1 -503.116902626785816 19.9270078460144333 -5.7318841077822924 -0.0263902114626279743 0.00347159740367699449 0.709134507894557675 -0.704570617087860174 -502.505760947012448 21.4856233846915003 -4.02796034564891148 0 0 0 1 -502.29981609152901 21.1402783155134948 -2.68486567353781469 -0.0260191918428529859 0.00100875879838251224 0.711926472138906918 -0.701771103943003571 -502.710524090740023 20.2413208332061991 -3.33066514185178875 -0.0222874978911590214 0.00373351406622790061 0.709623249793406297 -0.704218837907020112 
1115 1357848244.36500549 0 1 1 -504.140211353565007 20.012673806992396 -5.75387279205030922 0.00172339438958752332 0.006905206609990883 0.725530200039131712 -0.688153527103239515 -503.02829568827292 21.4952087895944715 -4.04200000000003001 0 0 0 1 -503.322510696861798 21.2339641592472965 -2.70235353917632315 0.00216700611784191761 0.00434116518070062907 0.728205986905024028 -0.685341155195745677 -503.733833197289698 20.3281262100625995 -3.34758187921504557 0.00582251887966641572 0.00724498982710435752 0.725921262118491062 -0.687715006089439695 
1116 1357848245.05627394 0 1 1 -505.170003432300575 20.0624883654759714 -5.72843242215069282 -0.0168902518679125806 -0.0116417863002354488 0.728677792399991309 -0.68454938687187028 -504.456097996502649 21.6483657890930772 -4.02500000000003411 0 0 0 1 -504.35177390570459 21.2917023183069851 -2.67249814980625633 -0.0165064500651589327 -0.0141307169196427888 0.731349205729636909 -0.681656951276969347 -504.763409299442401 20.3793796366689044 -3.31681578904138696 -0.0128048080843875759 -0.0112708840057372996 0.729174416135017878 -0.684115249733410868 
1117 1357848245.86616993 0 1 1 -506.172240116670366 20.038804483164725 -5.72542340858202614 -0.00936546117965268883 0.00875307487633349493 0.67736410857466911 -0.735536223602852757 -505.598950188079698 21.6773686756162576 -4.02751681112431115 0 0 0 1 -505.354146462999779 21.2758022057697964 -2.66541723903490579 -0.0090882215406657002 0.00621001365261926366 0.680251261444563937 -0.732896350968362698 -505.765642450736038 20.3569643014824067 -3.30818015569581325 -0.00525166450380529313 0.00882235009477115237 0.677809437026900663 -0.73516593585123402 
1118 1357848246.66612148 0 1 1 -507.266266991995053 19.9722693062241632 -5.69233128489221052 -0.0281943354792705235 0.00599473514345003934 0.670500532509222702 -0.741348891212694205 -506.709337419258929 21.6279599316470872 -4.20976002702124319 0 0 0 1 -506.448515255693678 21.2176719563322322 -2.6280077168570779 -0.0279509053349822102 0.00352375808384966733 0.673445215022323351 -0.738700123448925883 -506.859551579811409 20.2919973237662781 -3.26869755370601656 -0.0240830369296074417 0.0060386689396694478 0.671009489282632154 -0.74103293253562319 
1119 1357848247.4754684 0 1 1 -508.313944412844251 19.8484836152576776 -5.68176485734265668 -0.0218180535009796263 0.0152333429684512571 0.659275553557154836 -0.75143041080684303 -507.235021632979567 21.5955231189727783 -4.31700000000000728 0 0 0 1 -507.497073622288895 21.1020051683856984 -2.6134940332742076 -0.0215777207048154125 0.0127342965697202857 0.662261232836185654 -0.748853990536442859 -507.907304806056914 20.1695851801210964 -3.25164220055437969 -0.0177009411127316829 0.0152112783660248874 0.659745051126384818 -0.751126994061882325 
1120 1357848248.17496848 0 1 1 -509.336028578303285 19.734991892704798 -5.66141966886310755 -0.00340041495239700939 -0.0142774698889473264 0.689391364712078958 -0.724240386399529035 -508.810766285168938 21.3926885090768337 -5.02300000000002544 0 0 0 1 -508.519921858647024 20.9964026161089521 -2.58927553986805492 -0.00317037352864265676 -0.0168390256795884069 0.692186907940846807 -0.721514851143856162 -508.929399167061433 20.0574948402055426 -3.2250115368406056 0.000697450888030774416 -0.0141438848194985166 0.6898839516739802 -0.72378145686882922 
1121 1357848248.97515345 0 1 1 -510.382935513448103 19.7813802821348048 -5.6395367530145375 -0.0189429191877044101 0.0180924988495273914 0.724679285131905493 -0.688588237627349109 -509.16702670715182 21.3935204784919257 -4.74028701117321027 0 0 0 1 -509.566337648150522 21.0508635685778032 -2.56291760237103716 -0.0184580501143827985 0.0156092574852729066 0.727418753356078307 -0.685767897128921056 -509.976113474069905 20.1053218902648787 -3.1976881608244172 -0.0148377314629095335 0.0184410989640353129 0.725092952564174609 -0.688244126553798519 
1122 1357848249.77579498 0 1 1 -511.382778682079788 19.8242206613294485 -5.63059157739224858 -0.0160057697123956004 0.0128235051062474195 0.715470992728603039 -0.698341343195898134 -509.919697192963213 21.3952781781554222 -4.1430000000000291 0 0 0 1 -510.565772802282311 21.101451940337828 -2.54970301009211431 -0.015575736156049463 0.0103232343391211276 0.718234401532170885 -0.695550265424218939 -510.975839920980604 20.1494630635854612 -3.18353772597452656 -0.0118991497106274973 0.0131154276016399937 0.715898860671769444 -0.697979381560696721 
1123 1357848250.57490396 0 1 1 -512.451037967338834 19.8858794838594548 -5.60230388563198467 -0.020511021639710289 0.0131585645758312362 0.721435945129475842 -0.692052257596736053 -511.829333665713989 21.5606344224996498 -3.80754372125432905 0 0 0 1 -511.633397800249952 21.171330096646674 -2.51680448649765687 -0.0200574693531616263 0.0106794384096612453 0.724184798191000345 -0.689231474605927596 -512.043852665310624 20.2126261675408756 -3.14978668158865371 -0.0164071121023638411 0.013488750585589647 0.721871201455526079 -0.691701401465441346 
1124 1357848251.38563156 0 1 1 -513.56594848902148 19.8909421106666713 -5.57983107979312898 -0.0188626528683029961 0.0054092488689309326 0.707940053919949297 -0.705999872811081564 -512.938184433908305 21.5862270183804696 -3.77984943376397897 0 0 0 1 -512.748134891692075 21.1849955282960458 -2.48970444721036488 -0.0184889997201424863 0.00291620513272249342 0.710727941915672567 -0.703217921570038595 -513.158616412984316 20.2192167433419812 -3.12124801353952908 -0.0147577010315377427 0.00565894972584342609 0.70840325602456522 -0.705630932855170756 
1125 1357848252.18522906 0 1 1 -514.67620807939818 19.9277884146359412 -5.54563569753794994 -0.0284189913164292866 -0.0013150204778236503 0.724507907896450254 -0.688679114718319663 -514.038852001871078 21.5974181858376362 -3.81321966418847325 0 0 0 1 -513.857925513860891 21.2303707451644534 -2.45080203758241089 -0.0280100800552200574 -0.00376105787445761694 0.727237477273055766 -0.685803865189229644 -514.268626536953434 20.2576564212256045 -3.08120756705477827 -0.0243258504374556581 -0.000961197526095438812 0.725007081126954112 -0.688311020844199928 
1126 1357848252.97536802 0 1 1 -515.77096378959709 19.998300540664232 -5.52564372577539942 -0.0229271598708925863 0.00415072404607438796 0.732264783393286378 -0.680621336597767357 -515.21094506172949 21.6341689569122622 -3.97538560289201603 0 0 0 1 -514.952008936751895 21.3093351546662007 -2.42606191343065536 -0.0224683998907891785 0.00168769806208578948 0.734960256986407767 -0.677735747420830981 -515.363169962597681 20.3296549139094189 -3.05566135584613496 -0.0188341779650511333 0.00454694982431182951 0.732727153942027032 -0.680246658840521823 
1127 1357848253.78671288 0 1 1 -516.880343621321344 20.0995585254069198 -5.50496239534984433 -0.0226878757939003896 -0.000516108005395346861 0.729447071220870047 -0.68366070840131099 -515.273207674617879 21.6361211901530623 -3.98400000000003729 0 0 0 1 -516.060470714669691 21.4191560222972583 -2.40047594338708059 -0.0222578769392943292 -0.00298185356584436704 0.732146684715101692 -0.680776709005348257 -516.472296167748368 20.4324211339502888 -3.02953442544064089 -0.0185961607438650221 -0.000136943761091406851 0.729924989955332726 -0.683274229786768772 
1128 1357848254.58517551 0 1 1 -517.950179332382731 20.1661404777520232 -5.48437526554249644 -0.0170448319576438981 0.00660797020493140638 0.714433913458867642 -0.69946407465512761 -517.378024386724633 21.8280870131485756 -3.98434968841924775 0 0 0 1 -517.129665250393487 21.4939955253041397 -2.37525604069750429 -0.0166429064930761102 0.00411113038045967088 0.717194827703693916 -0.696661819956804096 -517.541921517218839 20.5004621230708821 -3.00350526117503103 -0.0129414233960025837 0.00689433407369559412 0.714884405351784991 -0.699088888985507029 
1129 1357848255.38557148 0 1 1 -519.051521145695347 20.1855610277143711 -5.46100722206165834 -0.0207144041031235987 0.00327746987009674105 0.709128812853988877 -0.704766981657196867 -518.000162682437804 21.8696390176191926 -3.97700000000003229 0 0 0 1 -518.230717147769496 21.5219115052499106 -2.34727210515366691 -0.0203446703454438008 0.000792340995293501797 0.711912829528614899 -0.701972641729607494 -518.643094438437174 20.5213989634843124 -2.97423366977934212 -0.0166112747292535938 0.00353534604338672995 0.709602865821944095 -0.704397146287168541 
1130 1357848256.18541598 0 1 1 -520.145825245422884 20.2347111817683043 -5.44636030179183805 -0.0155594972275367137 0.00461419595058047867 0.724128639413526343 -0.689473947892791039 -519.541190790876158 21.9169637352000777 -3.98162182920588315 0 0 0 1 -519.324537790998306 21.5795288718335527 -2.32794551445042863 -0.0151296927969769308 0.00211698230917350223 0.72684446054474805 -0.686632172969768417 -519.737241465366992 20.5720026159197396 -2.95390376311386094 -0.0114614222796460725 0.00495671953732832946 0.724574952865295274 -0.689082871947207298 
1131 1357848256.99499989 0 1 1 -521.235321270298527 20.3069150528224753 -5.42107145819555214 -0.0196379291960695028 0.00535890627785697363 0.725457570096210591 -0.687965804274091264 -520.71224286767756 22.0072351943398807 -3.98588657295132798 0 0 0 1 -520.413326192981458 21.6601282554268479 -2.29792505765377175 -0.0192000757472488882 0.00287858435987250983 0.728177113864119097 -0.685113977151178055 -520.82649422627162 20.6457187476458621 -2.9231000030529728 -0.0155403474999111571 0.00571213295447523233 0.725911823235733666 -0.687588462689176727 
1132 1357848257.79518294 0 1 1 -522.322732256403242 20.3380447800915789 -5.39773127055061508 -0.0176286483713900613 0.0051572655891574835 0.697825797502507839 -0.716031975339251003 -520.743388697039336 22.0096360947936773 -3.98600000000004684 0 0 0 1 -521.500355066223051 21.6996447198717988 -2.26999002003954198 -0.0172926187764032568 0.00265459623233113215 0.700650482070091618 -0.71329013762258453 -521.913722471834717 20.6783469966469511 -2.89400428262118803 -0.013520788828202299 0.00534775206138894156 0.698292674543916525 -0.715664677412303996 
1133 1357848258.5951941 0 1 1 -523.42593694920356 20.2840510873000852 -5.37973631723771994 -0.0176192714135681508 0.00432058509845199314 0.687022015258904717 -0.726410107562426077 -522.093341076688375 22.0808336026966572 -3.96100000000001273 0 0 0 1 -522.603865528471147 21.6541809200603339 -2.24760053673269367 -0.0173250586528706091 0.00181342759960657646 0.689885900684554465 -0.723708503376654266 -523.016876781182759 20.6258404366391375 -2.86964508014408004 -0.0135096782760022981 0.00444955508225909017 0.68749790920146292 -0.726047047302078141 
1134 1357848259.39488959 0 1 1 -524.536420329126258 20.2731537761666942 -5.36328539637255552 -0.017266091319645703 0.0018396454802189089 0.696290297397730518 -0.717550220921733817 -523.9760435127356 22.0570936770346115 -3.96646263228453932 0 0 0 1 -523.714325443074813 21.6518728516249368 -2.22659044014117935 -0.0169485255589294434 -0.000665138464769520626 0.699114961908711918 -0.714808068720255374 -524.127265831515615 20.6164290174610905 -2.84705440782097474 -0.013159823767448264 0.00202107568882228372 0.696767299609831858 -0.717173664105070663 
1135 1357848260.19510341 0 1 1 -525.619799761525883 20.223522464038993 -5.33910849716109226 0.00944767239506556951 -0.020932308641482468 0.679683847336126301 -0.733145584186125188 -525.04508779984485 22.0336399269689664 -3.95531602070680011 0 0 0 1 -524.797950818338336 21.6105969512133171 -2.19808745075333611 0.00961757307671053281 -0.0235469672768026904 0.68247859996318827 -0.730462869153844063 -525.2105560348989 20.5682978939323533 -2.81664865593560476 0.0135420633518241271 -0.0208606973353905982 0.680167288967420958 -0.732634904195510805 
1136 1357848261.09673548 0 1 1 -526.719539193399669 20.1935712914031882 -5.31764710800193541 -0.026415298493688226 0.0115428394372872889 0.721195972755297232 -0.692131030762785038 -526.146488496948336 21.9979670469903574 -3.96859106134997797 0 0 0 1 -525.897793423460485 21.5891363480210821 -2.17217083055692273 -0.0259686179823745318 0.00908691144800891602 0.723955478841822986 -0.689297848230595034 -526.310196971405503 20.5398502876881786 -2.78898956658462494 -0.0223127485266580786 0.0118757197255407645 0.721652415844566408 -0.691793971670675578 
1137 1357848261.99003553 0 1 1 -527.78016401650973 20.2610434668188049 -5.29859199951971149 -0.0375471863634663783 0.0217721220979466071 0.706753807437621062 -0.706126928510707241 -527.303605089036751 22.0662625154737029 -3.94958514592507148 0 0 0 1 -526.957773850049307 21.6647988045239366 -2.14851815434078608 -0.0371122931830032282 0.0193532140866756498 0.709606966567878694 -0.703353455808349293 -527.370618871124861 20.6087606003508661 -2.7645482088098734 -0.0334348659077817537 0.022029190835095757 0.707218090440749014 -0.705860749047728442 
1138 1357848262.79598904 0 1 1 -528.873916685191944 20.2467670328978357 -5.27951536773093899 -0.0240264662890308858 0.00326226839342413661 0.694647539128641633 -0.718941501726749532 -528.360274326312833 22.0757729277788037 -3.9459501087166089 0 0 0 1 -528.051517743701311 21.6589732985672043 -2.12496206704076451 -0.0237088563496624487 0.000783480625069275121 0.697493803340792473 -0.716198066591845373 -528.464267179601734 20.5959653472480717 -2.73940268966499456 -0.0199194961280971423 0.00343900170628615859 0.695139550029012732 -0.718590560003906975 
