1624426386.52196336 0 0 0 -0.522199417 0 0 -0.85282341 0 0 0 -0.000306221508 0.000156393718 -8.89245254e-06 -0.001033457 3.43548081e-05 0.0165404418 
1624426386.52853775 2.1540525e-05 -2.65972996e-06 -7.83289175e-07 -0.522245486 2.94585502e-06 -5.62243574e-05 -0.852795198 0.00655285658 -0.000809118114 -0.00023828489 -0.000306221508 0.000156393718 -8.89245254e-06 -0.001033457 3.43548081e-05 0.0165404418 
1624426386.53854084 0.000142757315 6.70119212e-06 -8.67132933e-06 -0.522316204 2.30455464e-05 -5.09797835e-05 -0.852751887 0.0176830127 0.00268072422 -0.00133883583 -0.000306221508 0.000156393718 -8.89245254e-06 -0.001033457 3.43548081e-05 0.0165404418 
1624426386.54852724 0.000380166923 5.04898521e-05 -3.0550493e-05 -0.52238129 5.79891096e-05 -0.000233669064 -0.852711986 0.0298635694 0.00608893399 -0.00304295589 -0.000306221508 0.000156393718 -8.89245254e-06 -0.001033457 3.43548081e-05 0.0165404418 
1624426386.55853367 0.000746106683 8.24245422e-05 -1.48476477e-05 -0.522454221 6.36524224e-05 -0.000414973833 -0.852667233 0.0432773693 0.000293901283 0.00618150757 -0.000306221508 0.000156393718 -8.89245254e-06 -0.001033457 3.43548081e-05 0.0165404418 
1624426386.56851888 0.00123572577 4.16975613e-05 0.000133255483 -0.52248853 4.12457014e-05 -0.000601546596 -0.8526461 0.0547915058 -0.00845136355 0.0234829969 -0.000306221508 0.000156393718 -8.89245254e-06 -0.001033457 3.43548081e-05 0.0165404418 
1624426386.57851839 0.00183819088 -0.000102090823 0.000367569623 -0.522487913 -0.000140686121 -0.00071501595 -0.85264638 0.0657073773 -0.0203077121 0.0233821105 -0.000306221508 0.000156393718 -8.89245254e-06 -0.001033457 3.43548081e-05 0.0165404418 
1624426386.58854032 0.00255476073 -0.000349424096 0.000561499973 -0.522456109 -0.000325331238 -0.000698209638 -0.852665832 0.0772930659 -0.0290507242 0.0153191072 -0.000306221508 0.000156393718 -8.89245254e-06 -0.001033457 3.43548081e-05 0.0165404418 
1624426386.5985682 0.000887092703 0.0035549314 0.000655232522 -0.522389205 0.0014037744 -0.00180134981 -0.852704112 0.0290029466 0.0712825387 0.0184952361 -0.000305857536 0.000150866602 -8.94509657e-06 -0.00111292071 2.90966704e-05 0.0165418957 
1624426386.60857201 0.00127083578 0.00429808346 0.000836841219 -0.522338236 0.00101164779 -0.00172685531 -0.852736044 0.0477164756 0.0772913396 0.0178126875 -0.000305857536 0.000150866602 -8.94509657e-06 -0.00111292071 2.90966704e-05 0.0165418957 
1624426386.61856103 0.00179066863 0.00512279853 0.000941581272 -0.522238255 0.000479565572 -0.00199300625 -0.852797164 0.0563643427 0.0878329274 0.00315834258 -0.000305857536 0.000150866602 -8.94509657e-06 -0.00111292071 2.90966704e-05 0.0165418957 
1624426386.62196279 0.0016880269 0.00521548461 0.000917057708 -0.518709639 0.000350141169 -0.00139386069 -0.854949265 0.0552538634 0.0885278204 0.00294081411 -0.000304659102 0.000152008822 -1.99830518e-05 -0.00111367836 2.88473245e-05 0.0165420282 
1624426386.62854362 0.00204728008 0.0058256573 0.000942239545 -0.518639204 0.000128283256 -0.00154367686 -0.854991799 0.0539278649 0.0969116213 0.0047122749 -0.000304659102 0.000152008822 -1.99830518e-05 -0.00111367836 2.88473245e-05 0.0165420282 
1624426386.63853502 0.00256887314 0.00685852483 0.00106476334 -0.518536911 -0.000163692965 -0.00183625941 -0.855053257 0.0504804614 0.109839539 0.0198135581 -0.000304659102 0.000152008822 -1.99830518e-05 -0.00111367836 2.88473245e-05 0.0165420282 
1624426386.64853501 0.00304643816 0.00801602003 0.00121173429 -0.518485407 -0.000308021896 -0.00183568918 -0.855084451 0.0450326334 0.121659721 0.00958066018 -0.000304659102 0.000152008822 -1.99830518e-05 -0.00111367836 2.88473245e-05 0.0165420282 
1624426386.65853095 0.00348797502 0.00927967473 0.00125616088 -0.518472078 -0.000392015919 -0.00197373787 -0.855092191 0.0433106298 0.131173935 -0.000691731802 -0.000304659102 0.000152008822 -1.99830518e-05 -0.00111367836 2.88473245e-05 0.0165420282 
1624426386.66853452 0.00390987602 0.0106333577 0.00126525575 -0.518532305 -0.00042097164 -0.00191769284 -0.855055784 0.0410394843 0.139466125 0.00251005837 -0.000304659102 0.000152008822 -1.99830518e-05 -0.00111367836 2.88473245e-05 0.0165420282 
1624426386.67851925 0.00430458979 0.0120542813 0.00122480186 -0.51867037 -0.000481272309 -0.00192751914 -0.854971988 0.0380239868 0.145153161 -0.0106132099 -0.000304659102 0.000152008822 -1.99830518e-05 -0.00111367836 2.88473245e-05 0.0165420282 
1624426386.68855572 0.00466740868 0.0135420563 0.00106189241 -0.518873112 -0.000365297728 -0.00181887591 -0.854849257 0.0342761242 0.151320655 -0.0218502895 -0.000304659102 0.000152008822 -1.99830518e-05 -0.00111367836 2.88473245e-05 0.0165420282 
1624426386.69854045 -0.00480895207 0.0286616144 0.00138393877 -0.519092569 0.00595121419 -0.00437330518 -0.854686119 -0.0851587414 0.321978428 -0.00810461678 -0.000302046265 0.000134787928 -1.99542692e-05 -0.00139302792 -1.30379692e-05 0.0165326424 
1624426386.70855713 -0.00566542203 0.0319195305 0.0013403572 -0.519325834 0.00605076427 -0.00435858565 -0.854543778 -0.0858500117 0.328519784 -0.000597182988 -0.000302046265 0.000134787928 -1.99542692e-05 -0.00139302792 -1.30379692e-05 0.0165326424 
1624426386.71852756 -0.00649928891 0.0352388645 0.00130315627 -0.519518597 0.00612360886 -0.00445612437 -0.85442558 -0.081418035 0.337316129 -0.00686507014 -0.000302046265 0.000134787928 -1.99542692e-05 -0.00139302792 -1.30379692e-05 0.0165326424 
1624426386.72196341 -0.00712328003 0.0360188084 0.00147117446 -0.515160899 0.00365458239 -0.00263100717 -0.857081659 -0.0850694759 0.339800215 -0.00541341883 -0.000301233909 0.000143546965 -3.44631168e-05 -0.00140261269 -1.39646158e-05 0.0165315493 
1624426386.72854257 -0.00767939455 0.0382675387 0.00142509572 -0.515250709 0.00372043804 -0.00271355954 -0.85702713 -0.0839838563 0.343791615 -0.00859406199 -0.000301233909 0.000143546965 -3.44631168e-05 -0.00140261269 -1.39646158e-05 0.0165315493 
1624426386.73853254 -0.00852585325 0.0417359715 0.00129885821 -0.515308741 0.00382041269 -0.00277227926 -0.856991611 -0.085477737 0.350590933 -0.0166787726 -0.000301233909 0.000143546965 -3.44631168e-05 -0.00140261269 -1.39646158e-05 0.0165315493 
1624426386.74854064 -0.00937750351 0.0452606519 0.00105785295 -0.515279663 0.00387568335 -0.00287143666 -0.85700852 -0.0847145163 0.353774852 -0.0314832841 -0.000301233909 0.000143546965 -3.44631168e-05 -0.00140261269 -1.39646158e-05 0.0165315493 
1624426386.75851822 -0.0101905816 0.0488100076 0.000775825293 -0.515191278 0.00400243129 -0.00289998687 -0.857060977 -0.078266518 0.357691451 -0.025048997 -0.000301233909 0.000143546965 -3.44631168e-05 -0.00140261269 -1.39646158e-05 0.0165315493 
1624426386.7685442 -0.0109106023 0.0524286237 0.000635828799 -0.515076829 0.00391081445 -0.00299396696 -0.857129863 -0.0653644919 0.364156549 -0.00287775359 -0.000301233909 0.000143546965 -3.44631168e-05 -0.00140261269 -1.39646158e-05 0.0165315493 
1624426386.77851748 -0.0114929433 0.056073292 0.000631710573 -0.51495319 0.00375555889 -0.00310110786 -0.857204463 -0.0514156649 0.366729484 0.0020519024 -0.000301233909 0.000143546965 -3.44631168e-05 -0.00140261269 -1.39646158e-05 0.0165315493 
1624426386.7886188 -0.0119730103 0.0597502616 0.000706861613 -0.514837295 0.00351086073 -0.00324194048 -0.85727459 -0.0436346887 0.361288271 0.0128275495 -0.000301233909 0.000143546965 -3.44631168e-05 -0.00140261269 -1.39646158e-05 0.0165315493 
1624426386.79853892 -0.0282734116 0.0810982455 -1.25750627e-05 -0.514591946 0.0108808927 -0.00546561778 -0.85734874 -0.180395238 0.516489375 0.0200191643 -0.000295891645 0.000122420459 -3.48386478e-05 -0.00183517564 -0.000122663352 0.0165449005 
1624426386.80857182 -0.0300993403 0.0863290007 0.00016548233 -0.514513093 0.0107118511 -0.00534789769 -0.857398935 -0.183593262 0.526231923 0.0154755642 -0.000295891645 0.000122420459 -3.48386478e-05 -0.00183517564 -0.000122663352 0.0165449005 
1624426386.81854153 -0.0319192249 0.0916846077 0.000273040182 -0.514481095 0.0107323066 -0.00520806703 -0.857418741 -0.181489428 0.548143622 0.00610135987 -0.000295891645 0.000122420459 -3.48386478e-05 -0.00183517564 -0.000122663352 0.0165449005 
1624426386.82179713 -0.0332938452 0.0944991238 0.000873662131 -0.515357933 0.00601622701 -0.00293914951 -0.856948871 -0.184508464 0.556351084 0.00945483294 -0.000297419747 0.000138455619 -3.18316852e-05 -0.00186564472 -0.000123282248 0.0165411293 
1624426386.82857227 -0.0345315034 0.0983141049 0.000962590639 -0.515387346 0.0061448519 -0.00299477071 -0.856930076 -0.180844284 0.569819182 0.0167965796 -0.000297419747 0.000138455619 -3.18316852e-05 -0.00186564472 -0.000123282248 0.0165411293 
1624426386.83853006 -0.0363222575 0.104025088 0.00107432337 -0.515518775 0.00615245706 -0.00313364757 -0.856850465 -0.178824691 0.577219045 0.00564468977 -0.000297419747 0.000138455619 -3.18316852e-05 -0.00186564472 -0.000123282248 0.0165411293 
1624426386.84852552 -0.0380974059 0.109812484 0.00100499132 -0.515638426 0.00620481377 -0.00328472946 -0.856777523 -0.176366215 0.580785837 -0.0195173967 -0.000297419747 0.000138455619 -3.18316852e-05 -0.00186564472 -0.000123282248 0.0165411293 
1624426386.85851908 -0.0398769044 0.115654344 0.000801861112 -0.515773053 0.00623416411 -0.00331260273 -0.856696165 -0.179763095 0.588339808 -0.0211348526 -0.000297419747 0.000138455619 -3.18316852e-05 -0.00186564472 -0.000123282248 0.0165411293 
1624426386.86852503 -0.0416608989 0.121613585 0.000586848091 -0.515898004 0.00630480589 -0.00325305045 -0.856620637 -0.176823588 0.602799606 -0.0218421762 -0.000297419747 0.000138455619 -3.18316852e-05 -0.00186564472 -0.000123282248 0.0165411293 
1624426386.87853193 -0.0434021467 0.127711843 0.000359641166 -0.516005496 0.00644788132 -0.00331490589 -0.856554589 -0.171185692 0.616010548 -0.0235678549 -0.000297419747 0.000138455619 -3.18316852e-05 -0.00186564472 -0.000123282248 0.0165411293 
1624426386.88857055 -0.0450615109 0.133959355 0.000206658691 -0.516098213 0.00662861439 -0.00340177752 -0.856497007 -0.159410568 0.628685385 -0.00691094851 -0.000297419747 0.000138455619 -3.18316852e-05 -0.00186564472 -0.000123282248 0.0165411293 
1624426386.89857626 -0.0624116823 0.151755887 -0.000270112458 -0.515891767 0.0118623306 -0.00411558285 -0.85656175 -0.257295949 0.712629247 -0.00673270378 -0.000290680666 0.000124796416 -3.27493192e-05 -0.00225119334 -0.000312624007 0.0165431417 
1624426386.90857887 -0.0649407944 0.158891724 -0.000406521308 -0.515947915 0.0117134204 -0.00435088423 -0.856528817 -0.248394336 0.714165155 -0.0205419392 -0.000290680666 0.000124796416 -3.27493192e-05 -0.00225119334 -0.000312624007 0.0165431417 
1624426386.91856384 -0.0674302081 0.166048448 -0.000621675178 -0.515966918 0.0115926625 -0.00459528339 -0.856517736 -0.250237851 0.719334187 -0.0225536071 -0.000290680666 0.000124796416 -3.27493192e-05 -0.00225119334 -0.000312624007 0.0165431417 
1624426386.92183137 -0.0700681408 0.170538937 -0.000556027202 -0.517504318 0.00636031297 -0.00253511465 -0.855653201 -0.254874791 0.729324659 -0.0218057467 -0.000293786076 0.000143184023 -2.70106642e-05 -0.00229881498 -0.000317583229 0.0165435905 
1624426386.92853594 -0.0717817763 0.175447889 -0.000692361622 -0.517517438 0.00633254875 -0.00254223267 -0.855645451 -0.256309626 0.735035626 -0.018863362 -0.000293786076 0.000143184023 -2.70106642e-05 -0.00229881498 -0.000317583229 0.0165435905 
1624426386.93853664 -0.074348394 0.182853982 -0.00093680742 -0.517531391 0.00636571921 -0.00258647463 -0.855636632 -0.256977689 0.746078431 -0.0300223476 -0.000293786076 0.000143184023 -2.70106642e-05 -0.00229881498 -0.000317583229 0.0165435905 
1624426386.94852757 -0.0769144593 0.19032544 -0.00115803554 -0.517559679 0.00649889046 -0.00268552994 -0.855618215 -0.256701238 0.749569684 -0.0142634417 -0.000293786076 0.000143184023 -2.70106642e-05 -0.00229881498 -0.000317583229 0.0165435905 
1624426386.95852375 -0.0794547239 0.197816898 -0.00118625821 -0.517620461 0.00644925252 -0.0028249169 -0.855581373 -0.251546051 0.749295128 0.00861674929 -0.000293786076 0.000143184023 -2.70106642e-05 -0.00229881498 -0.000317583229 0.0165435905 
1624426386.96854305 -0.0819424358 0.205303253 -0.00111683271 -0.517687345 0.00631291827 -0.00287621924 -0.855541751 -0.245037805 0.745091359 0.00524160033 -0.000293786076 0.000143184023 -2.70106642e-05 -0.00229881498 -0.000317583229 0.0165435905 
1624426386.9785161 -0.0843410618 0.212748408 -0.00108441257 -0.517747119 0.00607312392 -0.0028413063 -0.855507431 -0.235983786 0.747963532 0.00125994993 -0.000293786076 0.000143184023 -2.70106642e-05 -0.00229881498 -0.000317583229 0.0165435905 
1624426386.98853254 -0.086684625 0.220278979 -0.00111843208 -0.517768448 0.00574687101 -0.00282719032 -0.855496824 -0.231959485 0.755678488 -0.0080526842 -0.000293786076 0.000143184023 -2.70106642e-05 -0.00229881498 -0.000317583229 0.0165435905 
1624426386.99854302 -0.104238349 0.236963429 -0.00160558086 -0.517621179 0.00978122875 -0.00275746539 -0.855549554 -0.332620478 0.825484647 -0.0242890532 -0.000286942796 0.000132010038 -2.7441576e-05 -0.00269868101 -0.000562063068 0.0165435282 
1624426387.00855446 -0.107593473 0.245285398 -0.00186487459 -0.517594061 0.00969134658 -0.00282786412 -0.855566753 -0.337637783 0.837008068 -0.0275104617 -0.000286942796 0.000132010038 -2.7441576e-05 -0.00269868101 -0.000562063068 0.0165435282 
1624426387.01853919 -0.110979687 0.253682005 -0.00210180831 -0.517587804 0.00976283614 -0.00284299776 -0.855569676 -0.340640774 0.844881389 -0.0199487447 -0.000286942796 0.000132010038 -2.7441576e-05 -0.00269868101 -0.000562063068 0.0165435282 
1624426387.02185678 -0.114303108 0.25982876 -0.00269682273 -0.518319825 0.00530643681 -0.00156641773 -0.855168958 -0.345282742 0.857148374 -0.0210233122 -0.000291211682 0.000148026846 -2.45346394e-05 -0.00275495197 -0.000568403932 0.0165473523 
1624426387.02854371 -0.116592472 0.265579633 -0.00281285065 -0.518311865 0.00531345191 -0.00161584508 -0.855173647 -0.339445707 0.862886663 -0.0136796054 -0.000291211682 0.000148026846 -2.45346394e-05 -0.00275495197 -0.000568403932 0.0165473523 
1624426387.03853059 -0.119945869 0.27421627 -0.00297569765 -0.518325484 0.00522977562 -0.00159623434 -0.855165945 -0.332114948 0.866710291 -0.0189325892 -0.000291211682 0.000148026846 -2.45346394e-05 -0.00275495197 -0.000568403932 0.0165473523 
1624426387.04853749 -0.123217266 0.282913501 -0.00314228982 -0.518337483 0.00507617751 -0.00169261918 -0.855159413 -0.321713138 0.871535837 -0.0143628563 -0.000291211682 0.000148026846 -2.45346394e-05 -0.00275495197 -0.000568403932 0.0165473523 
1624426387.05852628 -0.126411091 0.291676141 -0.0032547842 -0.518325478 0.00482314071 -0.00189231456 -0.855167735 -0.317768944 0.88295992 -0.00816128122 -0.000291211682 0.000148026846 -2.45346394e-05 -0.00275495197 -0.000568403932 0.0165473523 
1624426387.06852007 -0.129533725 0.300590164 -0.00343185552 -0.518300448 0.00459156261 -0.00209272954 -0.855183713 -0.307145847 0.900952038 -0.0272749825 -0.000291211682 0.000148026846 -2.45346394e-05 -0.00275495197 -0.000568403932 0.0165473523 
1624426387.07851744 -0.13260372 0.30965629 -0.0037674526 -0.518229277 0.00448779167 -0.00248414585 -0.855226347 -0.307014867 0.912750562 -0.0398621047 -0.000291211682 0.000148026846 -2.45346394e-05 -0.00275495197 -0.000568403932 0.0165473523 
1624426387.08853745 -0.135715352 0.318835569 -0.00418473601 -0.518156513 0.00443574698 -0.00259823115 -0.855270368 -0.314068293 0.919437784 -0.0434278506 -0.000291211682 0.000148026846 -2.45346394e-05 -0.00275495197 -0.000568403932 0.0165473523 
1624426387.09855652 -0.152039053 0.331714666 -0.00259403508 -0.517878895 0.00735238007 -0.00180463191 -0.855420444 -0.398720028 0.943319483 -0.0498467582 -0.000283965597 0.000141397005 -2.52542228e-05 -0.00305566972 -0.00088833839 0.0164625992 
1624426387.10854077 -0.156048869 0.341134543 -0.00317297869 -0.517852276 0.00746911438 -0.00168623345 -0.855435789 -0.404507776 0.943626959 -0.066124563 -0.000283965597 0.000141397005 -2.52542228e-05 -0.00305566972 -0.00088833839 0.0164625992 
1624426387.11854124 -0.160106982 0.350569455 -0.00377221386 -0.517911234 0.00748963039 -0.00163931215 -0.855400007 -0.407076842 0.943267282 -0.05371687 -0.000283965597 0.000141397005 -2.52542228e-05 -0.00305566972 -0.00088833839 0.0164625992 
1624426387.12182784 -0.162529656 0.357199522 0.00176477119 -0.520433182 0.00403870537 -0.000899552128 -0.853892372 -0.408673656 0.955182217 -0.0407132175 -0.000288340463 0.000154177015 -1.42933751e-05 -0.00310855002 -0.00089251997 0.0164332297 
1624426387.12853885 -0.165279268 0.363618368 0.00156350644 -0.520526066 0.00414867534 -0.000677615645 -0.853835431 -0.410759938 0.957748967 -0.0192672808 -0.000288340463 0.000154177015 -1.42933751e-05 -0.00310855002 -0.00089251997 0.0164332297 
1624426387.13853264 -0.169391412 0.37320666 0.00152472141 -0.5207003 0.00426941518 -0.000460251633 -0.853728738 -0.412179867 0.961100674 0.0115054569 -0.000288340463 0.000154177015 -1.42933751e-05 -0.00310855002 -0.00089251997 0.0164332297 
1624426387.14853072 -0.173527797 0.382872829 0.00176497142 -0.520914701 0.00461297231 -0.000247388195 -0.853596236 -0.415255824 0.97250377 0.0365537561 -0.000288340463 0.000154177015 -1.42933751e-05 -0.00310855002 -0.00089251997 0.0164332297 
1624426387.15853333 -0.177660484 0.392624776 0.00224467344 -0.521117394 0.00478939201 -0.000198852499 -0.853471548 -0.411065626 0.9773761 0.0593615847 -0.000288340463 0.000154177015 -1.42933751e-05 -0.00310855002 -0.00089251997 0.0164332297 
1624426387.16854501 -0.181791675 0.402384212 0.00273899166 -0.521324388 0.00485205613 8.16136967e-06 -0.853344795 -0.414209166 0.972235392 0.0393867907 -0.000288340463 0.000154177015 -1.42933751e-05 -0.00310855002 -0.00089251997 0.0164332297 
1624426387.17852902 -0.185901443 0.412098926 0.00285886123 -0.521440029 0.004769419 0.000146188266 -0.853274591 -0.40906036 0.973817941 -0.0153744962 -0.000288340463 0.000154177015 -1.42933751e-05 -0.00310855002 -0.00089251997 0.0164332297 
1624426387.18855381 -0.189963839 0.421903923 0.00254676521 -0.521494778 0.00477746169 0.000427239445 -0.853240991 -0.401409961 0.982332875 -0.0468903771 -0.000288340463 0.000154177015 -1.42933751e-05 -0.00310855002 -0.00089251997 0.0164332297 
1624426387.1985352 -0.203041144 0.435832229 0.00463418899 -0.521428194 0.00679144302 0.000766892308 -0.853267793 -0.448202107 1.02186863 -0.0347882163 -0.000283775095 0.00014851673 -1.44413447e-05 -0.00341143109 -0.00113390575 0.0163124675 
1624426387.20853901 -0.207527613 0.44618273 0.00434663279 -0.521317497 0.00683371167 0.000760452373 -0.853335098 -0.448750475 1.04744416 -0.0227011482 -0.000283775095 0.00014851673 -1.44413447e-05 -0.00341143109 -0.00113390575 0.0163124675 
1624426387.21854138 -0.21200949 0.456744189 0.00429029178 -0.521189184 0.00700442971 0.000555296964 -0.853412248 -0.447412037 1.06434624 0.0114356206 -0.000283775095 0.00014851673 -1.44413447e-05 -0.00341143109 -0.00113390575 0.0163124675 
1624426387.22182345 -0.212161391 0.461078914 0.0145349502 -0.518249034 0.00374544211 0.000279124036 -0.855221511 -0.443677853 1.07030451 0.0317441013 -0.000291355611 0.000159262877 -2.8207597e-05 -0.0034492381 -0.00113848524 0.0162592713 
1624426387.22853494 -0.215129562 0.468270359 0.0147910853 -0.518152353 0.00386052991 0.000241351108 -0.85527959 -0.440827334 1.07272269 0.0445833358 -0.000291355611 0.000159262877 -2.8207597e-05 -0.0034492381 -0.00113848524 0.0162592713 
1624426387.23853016 -0.219460393 0.479000312 0.0151244705 -0.51800097 0.00382155828 4.01540513e-05 -0.855371492 -0.425752824 1.07429367 0.0221255664 -0.000291355611 0.000159262877 -2.8207597e-05 -0.0034492381 -0.00113848524 0.0162592713 
1624426387.2485342 -0.223628937 0.489743419 0.0152649707 -0.517877966 0.00385299973 -3.63319409e-05 -0.855445829 -0.407619067 1.07345937 0.00596311618 -0.000291355611 0.000159262877 -2.8207597e-05 -0.0034492381 -0.00113848524 0.0162592713 
1624426387.25853133 -0.227629891 0.500432334 0.0154160828 -0.517819874 0.00373055859 -4.04464844e-05 -0.855481536 -0.392801515 1.06493744 0.024267983 -0.000291355611 0.000159262877 -2.8207597e-05 -0.0034492381 -0.00113848524 0.0162592713 
1624426387.26853275 -0.231519656 0.511083014 0.0157695461 -0.517783407 0.0034613757 -4.94977793e-05 -0.85550474 -0.385040826 1.06489592 0.0464146304 -0.000291355611 0.000159262877 -2.8207597e-05 -0.0034492381 -0.00113848524 0.0162592713 
1624426387.27852225 -0.235284185 0.521769012 0.0162369666 -0.517777946 0.00323627505 9.5309924e-05 -0.855508922 -0.368656535 1.07455009 0.0471677451 -0.000291355611 0.000159262877 -2.8207597e-05 -0.0034492381 -0.00113848524 0.0162592713 
1624426387.28855538 -0.238883049 0.532591715 0.016662625 -0.51781876 0.00286718852 -4.25097268e-05 -0.85548554 -0.348739342 1.08284299 0.0376828114 -0.000291355611 0.000159262877 -2.8207597e-05 -0.0034492381 -0.00113848524 0.0162592713 
1624426387.2985394 -0.257387006 0.543729455 0.0139854898 -0.517655901 0.0054660447 0.00139937028 -0.855570297 -0.407590894 1.0928487 0.0138472663 -0.000280149682 0.000152979327 -2.89104493e-05 -0.00378443009 -0.00175451015 0.0164085044 
1624426387.30856204 -0.261395533 0.554720644 0.0140713622 -0.517678295 0.00475188633 0.000886636792 -0.855561697 -0.39230341 1.10042335 0.00328842326 -0.000280149682 0.000152979327 -2.89104493e-05 -0.00378443009 -0.00175451015 0.0164085044 
1624426387.31854296 -0.265391241 0.565757629 0.0141400389 -0.517703976 0.00438508672 0.000595658186 -0.855548367 -0.408366123 1.11119412 0.0104731669 -0.000280149682 0.000152979327 -2.89104493e-05 -0.00378443009 -0.00175451015 0.0164085044 
1624426387.32193637 -0.262992715 0.568384835 0.0316126126 -0.519833382 0.0023372219 0.000314031628 -0.854264417 -0.401051923 1.11431617 0.0403865516 -0.000285657529 0.00015978823 -1.83838305e-05 -0.00380605806 -0.00175361163 0.0163140956 
1624426387.32854199 -0.265674712 0.575749365 0.0319333942 -0.519849629 0.00218708656 0.00018872558 -0.854254964 -0.410982442 1.11545898 0.0567372126 -0.000285657529 0.00015978823 -1.83838305e-05 -0.00380605806 -0.00175361163 0.0163140956 
1624426387.33853149 -0.269806282 0.586919786 0.0325216688 -0.519904046 0.00226985807 0.000473268963 -0.854221521 -0.416200196 1.12097349 0.0610413733 -0.000285657529 0.00015978823 -1.83838305e-05 -0.00380605806 -0.00175361163 0.0163140956 
1624426387.34852719 -0.273931789 0.598144095 0.0331445225 -0.520039065 0.00223595997 0.000466400837 -0.854139423 -0.409256248 1.12485423 0.0635829822 -0.000285657529 0.00015978823 -1.83838305e-05 -0.00380605806 -0.00175361163 0.0163140956 
1624426387.35852861 -0.278006273 0.609389965 0.0337875027 -0.520288746 0.0021669576 0.000463228961 -0.853987535 -0.405524678 1.1240003 0.064994782 -0.000285657529 0.00015978823 -1.83838305e-05 -0.00380605806 -0.00175361163 0.0163140956 
1624426387.36854839 -0.282056134 0.620611975 0.0343518198 -0.520585571 0.00194094488 0.000340984237 -0.853807227 -0.40284865 1.11597128 0.0476458447 -0.000285657529 0.00015978823 -1.83838305e-05 -0.00380605806 -0.00175361163 0.0163140956 
1624426387.37853265 -0.286099379 0.631746968 0.0347076679 -0.520875641 0.00174599406 0.000408020539 -0.853630688 -0.407075511 1.11453929 0.0236359988 -0.000285657529 0.00015978823 -1.83838305e-05 -0.00380605806 -0.00175361163 0.0163140956 
1624426387.38861346 -0.290240697 0.64295462 0.0349380027 -0.521108795 0.00164924037 0.000491235566 -0.853488525 -0.41454824 1.10902155 0.022061674 -0.000285657529 0.00015978823 -1.83838305e-05 -0.00380605806 -0.00175361163 0.0163140956 
1624426387.39853644 -0.306358776 0.656468949 0.0334689842 -0.521284385 0.00416054941 0.00170819729 -0.853371175 -0.502143457 1.11551211 0.0163161639 -0.000277409584 0.000152944396 -1.85428992e-05 -0.00422632464 -0.00226335684 0.0164115024 
1624426387.4085393 -0.311388074 0.667631075 0.0337029043 -0.521458094 0.00429668939 0.00218718825 -0.853263272 -0.503429461 1.11627676 0.0304545208 -0.000277409584 0.000152944396 -1.85428992e-05 -0.00422632464 -0.00226335684 0.0164115024 
1624426387.41855264 -0.316410228 0.678829478 0.0341725064 -0.521591654 0.00449268576 0.0025176529 -0.853179714 -0.499663027 1.1204196 0.0633407661 -0.000277409584 0.000152944396 -1.85428992e-05 -0.00422632464 -0.00226335684 0.0164115024 
1624426387.42184472 -0.314816872 0.681114089 0.0478334672 -0.523765567 0.00239924361 0.00134703524 -0.851858004 -0.493272146 1.12402252 0.0847341977 -0.000286823058 0.000158282318 -7.14975163e-06 -0.00424627915 -0.0022768554 0.0163327014 
1624426387.42853999 -0.318113514 0.688632425 0.0484722445 -0.523831114 0.00246706699 0.00147491919 -0.851817294 -0.491495343 1.12184211 0.10608028 -0.000286823058 0.000158282318 -7.14975163e-06 -0.00424627915 -0.0022768554 0.0163327014 
1624426387.43857384 -0.323062616 0.699885183 0.0495399935 -0.523882401 0.002473677 0.00153600296 -0.851785625 -0.494986141 1.12111812 0.106749173 -0.000286823058 0.000158282318 -7.14975163e-06 -0.00424627915 -0.0022768554 0.0163327014 
1624426387.44854116 -0.327994618 0.71103825 0.0504140443 -0.523870695 0.0023401397 0.00160664208 -0.851793072 -0.494647669 1.1168072 0.0686340135 -0.000286823058 0.000158282318 -7.14975163e-06 -0.00424627915 -0.0022768554 0.0163327014 
1624426387.45852971 -0.332920176 0.722171564 0.0508384556 -0.523830995 0.00240672911 0.00187488078 -0.851816753 -0.491593484 1.1124088 0.0163455847 -0.000286823058 0.000158282318 -7.14975163e-06 -0.00424627915 -0.0022768554 0.0163327014 
1624426387.4685297 -0.337831055 0.733327139 0.0508514211 -0.52371755 0.00238634281 0.00214894751 -0.851885917 -0.490583328 1.11870827 -0.0137524705 -0.000286823058 0.000158282318 -7.14975163e-06 -0.00424627915 -0.0022768554 0.0163327014 
1624426387.47852254 -0.342732572 0.744604631 0.0506581185 -0.523601335 0.00253494835 0.00240895084 -0.851956227 -0.490422784 1.13840681 -0.0249357578 -0.000286823058 0.000158282318 -7.14975163e-06 -0.00424627915 -0.0022768554 0.0163327014 
1624426387.48855686 -0.347641713 0.756134203 0.0505117279 -0.523486338 0.00292169649 0.00227676199 -0.852026017 -0.488047045 1.15962004 -0.00424222512 -0.000286823058 0.000158282318 -7.14975163e-06 -0.00424627915 -0.0022768554 0.0163327014 
1624426387.49856591 -0.359313086 0.767975733 0.050651561 -0.5233505 0.00463150817 0.00290267004 -0.852099981 -0.519276911 1.17105532 0.0208937786 -0.000281362088 0.000155281197 -7.40752992e-06 -0.00445161872 -0.00265149088 0.0163235995 
1624426387.5086031 -0.364466029 0.779774192 0.0507857768 -0.523303171 0.00498159699 0.00272741974 -0.852127652 -0.507493879 1.17989465 0.00584994941 -0.000281362088 0.000155281197 -7.40752992e-06 -0.00445161872 -0.00265149088 0.0163235995 
1624426387.51855111 -0.369425486 0.791469433 0.0507681307 -0.523260782 0.0052052718 0.00249052809 -0.852153071 -0.489580784 1.17137677 -0.00939762037 -0.000281362088 0.000155281197 -7.40752992e-06 -0.00445161872 -0.00265149088 0.0163235995 
1624426387.52854943 -0.37423912 0.803096456 0.0508086757 -0.52325648 0.00540994033 0.00236965145 -0.852154782 -0.473307638 1.15441809 0.0175079905 -0.000281362088 0.000155281197 -7.40752992e-06 -0.00445161872 -0.00265149088 0.0163235995 
1624426387.53858256 -0.378851458 0.814625149 0.0511680078 -0.523240376 0.00516483557 0.0025338083 -0.852165719 -0.446113834 1.14370661 0.0541211176 -0.000281362088 0.000155281197 -7.40752992e-06 -0.00445161872 -0.00265149088 0.0163235995 
1624426387.54853058 -0.383277074 0.826029253 0.0517251092 -0.523266738 0.00492606478 0.00274483066 -0.852150292 -0.44363469 1.14903305 0.0578814052 -0.000281362088 0.000155281197 -7.40752992e-06 -0.00445161872 -0.00265149088 0.0163235995 
1624426387.55853033 -0.387725802 0.837555671 0.0523600192 -0.523372998 0.00471836864 0.00271477304 -0.852086305 -0.446133068 1.1563077 0.069103733 -0.000281362088 0.000155281197 -7.40752992e-06 -0.00445161872 -0.00265149088 0.0163235995 
1624426387.56852007 -0.392207916 0.849118012 0.0530279526 -0.523501695 0.00480381756 0.00296178439 -0.852005943 -0.45121038 1.15853594 0.0646201768 -0.000281362088 0.000155281197 -7.40752992e-06 -0.00445161872 -0.00265149088 0.0163235995 
1624426387.57851815 -0.396713639 0.860685365 0.0534723135 -0.523653313 0.00483719413 0.0032147931 -0.851911659 -0.450107068 1.15537806 0.0242690495 -0.000281362088 0.000155281197 -7.40752992e-06 -0.00445161872 -0.00265149088 0.0163235995 
1624426387.58854389 -0.401161502 0.872213094 0.0536083676 -0.523877306 0.00505404627 0.00356168171 -0.851771295 -0.437181653 1.14424876 0.00287189508 -0.000281362088 0.000155281197 -7.40752992e-06 -0.00445161872 -0.00265149088 0.0163235995 
1624426387.59853506 -0.416797852 0.885690741 0.0530685772 -0.524091535 0.00893793283 0.00539065365 -0.851597978 -0.488478368 1.16769976 0.021654658 -0.00026607699 0.000143754664 -7.3909648e-06 -0.0048768465 -0.00321681518 0.0163638961 
1624426387.60853362 -0.421577375 0.897493143 0.0533878799 -0.524330458 0.00881455416 0.00542499623 -0.851451962 -0.467564019 1.19312071 0.0422150751 -0.00026607699 0.000143754664 -7.3909648e-06 -0.0048768465 -0.00321681518 0.0163638961 
1624426387.618536 -0.426194915 0.909495153 0.0538012959 -0.524579544 0.00856113068 0.00505473814 -0.851303388 -0.455724709 1.20671148 0.0404484881 -0.00026607699 0.000143754664 -7.3909648e-06 -0.0048768465 -0.00321681518 0.0163638961 
1624426387.6219151 -0.42971958 0.91508718 0.0397279522 -0.523623571 0.00384982994 0.00225558573 -0.851938053 -0.45041795 1.213972 0.0217821941 -0.000290438066 0.000156894376 -1.31197935e-05 -0.00495970677 -0.0033117122 0.0164548551 
1624426387.62853408 -0.432678055 0.923135158 0.0398976497 -0.523707827 0.00380389323 0.00206483076 -0.851886952 -0.443519275 1.21781719 0.0294938362 -0.000290438066 0.000156894376 -1.31197935e-05 -0.00495970677 -0.0033117122 0.0164548551 
1624426387.63851619 -0.437108873 0.935281564 0.0401764045 -0.523772556 0.00364333223 0.00186327075 -0.851848322 -0.444232599 1.21581806 0.0263570628 -0.000290438066 0.000156894376 -1.31197935e-05 -0.00495970677 -0.0033117122 0.0164548551 
1624426387.64853978 -0.441516625 0.947455566 0.0402946859 -0.52383262 0.00353301349 0.00179342014 -0.851812003 -0.435242689 1.21325121 -0.00275646661 -0.000290438066 0.000156894376 -1.31197935e-05 -0.00495970677 -0.0033117122 0.0164548551 
1624426387.65853286 -0.445807175 0.959588899 0.0402030942 -0.523919217 0.00351277841 0.00174328862 -0.85175893 -0.423461922 1.21509667 -0.0155745802 -0.000290438066 0.000156894376 -1.31197935e-05 -0.00495970677 -0.0033117122 0.0164548551 
1624426387.66852045 -0.449988288 0.971763883 0.0400972796 -0.524085288 0.00342838504 0.00186782196 -0.851656837 -0.413799459 1.22292507 -0.00561462961 -0.000290438066 0.000156894376 -1.31197935e-05 -0.00495970677 -0.0033117122 0.0164548551 
1624426387.67852426 -0.454075525 0.98399705 0.0401124165 -0.524406372 0.00333881074 0.00193341374 -0.851459377 -0.403336979 1.22277767 0.008640871 -0.000290438066 0.000156894376 -1.31197935e-05 -0.00495970677 -0.0033117122 0.0164548551 
1624426387.68858314 -0.458088763 0.996290005 0.0402685025 -0.524870037 0.00334986527 0.00225184431 -0.85117281 -0.394612466 1.22142197 0.0223936005 -0.000290438066 0.000156894376 -1.31197935e-05 -0.00495970677 -0.0033117122 0.0164548551 
1624426387.69857049 -0.472650638 0.999516929 0.0388931893 -0.525409065 0.00461008322 0.00606120452 -0.850815681 -0.449521726 1.164632 0.0573063707 -0.000272603793 0.000160988963 -1.31164601e-05 -0.00473017136 -0.00429859119 0.0166113325 
1624426387.70856357 -0.477100689 1.01117809 0.0396192491 -0.526028004 0.00456940906 0.00631395788 -0.850431534 -0.441105226 1.16921588 0.0880061833 -0.000272603793 0.000160988963 -1.31164601e-05 -0.00473017136 -0.00429859119 0.0166113325 
1624426387.71854854 -0.481469871 1.02288054 0.0403713464 -0.526669719 0.00448240214 0.00632246498 -0.850034671 -0.434046431 1.17479667 0.0626397111 -0.000272603793 0.000160988963 -1.31164601e-05 -0.00473017136 -0.00429859119 0.0166113325 
1624426387.72196341 -0.48545155 1.02785623 0.029458905 -0.528754646 0.00232033046 0.00324884255 -0.84876533 -0.432656537 1.18343636 0.0490119526 -0.000292466257 0.000162462005 -4.17477107e-07 -0.00477126875 -0.00438754497 0.0166849169 
1624426387.7285502 -0.488288826 1.03567278 0.0296988302 -0.529171424 0.00238525012 0.00321324729 -0.848505504 -0.42884837 1.18996497 0.0238384542 -0.000292466257 0.000162462005 -4.17477107e-07 -0.00477126875 -0.00438754497 0.0166849169 
1624426387.7385385 -0.492516615 1.04759364 0.029765473 -0.529768262 0.00237146922 0.00310643406 -0.84813343 -0.417699271 1.19699747 -0.0104942929 -0.000292466257 0.000162462005 -4.17477107e-07 -0.00477126875 -0.00438754497 0.0166849169 
1624426387.74853539 -0.496676752 1.05964501 0.0294491572 -0.530321722 0.00251897337 0.00310217798 -0.847787062 -0.414586905 1.21402678 -0.0527885458 -0.000292466257 0.000162462005 -4.17477107e-07 -0.00477126875 -0.00438754497 0.0166849169 
1624426387.75854135 -0.500797747 1.0718709 0.0287679128 -0.530793793 0.00264448131 0.00283336142 -0.84749214 -0.409121768 1.22969715 -0.0833792862 -0.000292466257 0.000162462005 -4.17477107e-07 -0.00477126875 -0.00438754497 0.0166849169 
1624426387.76854372 -0.504848915 1.08412985 0.0281511345 -0.53125793 0.00304839996 0.00256019024 -0.847200782 -0.400919615 1.22150926 -0.0399470898 -0.000292466257 0.000162462005 -4.17477107e-07 -0.00477126875 -0.00438754497 0.0166849169 
1624426387.77852726 -0.50873544 1.09624633 0.0282110211 -0.531662638 0.00306190766 0.00234878918 -0.846947429 -0.377666795 1.205783 0.0519441475 -0.000292466257 0.000162462005 -4.17477107e-07 -0.00477126875 -0.00438754497 0.0166849169 
1624426387.78855562 -0.512431688 1.10831539 0.0288353268 -0.532050832 0.00283290376 0.00241609091 -0.846704228 -0.359492195 1.20120155 0.0725638624 -0.000292466257 0.000162462005 -4.17477107e-07 -0.00477126875 -0.00438754497 0.0166849169 
1624426387.79854965 -0.530342096 1.11989444 0.024388607 -0.532382751 0.00567482062 0.00443896561 -0.846473094 -0.422300482 1.19147603 0.0182818282 -0.000275653014 0.000154387969 -8.19697977e-07 -0.00527589017 -0.00547956952 0.0171790678 
1624426387.80855966 -0.534503684 1.13182252 0.0245083225 -0.532806606 0.00531604271 0.00447718877 -0.846208494 -0.409185244 1.19175641 0.00563734993 -0.000275653014 0.000154387969 -8.19697977e-07 -0.00527589017 -0.00547956952 0.0171790678 
1624426387.81854749 -0.538482431 1.14373984 0.0244079555 -0.533253268 0.00467430063 0.00437573857 -0.845931413 -0.387533777 1.19461201 -0.0257352149 -0.000275653014 0.000154387969 -8.19697977e-07 -0.00527589017 -0.00547956952 0.0171790678 
1624426387.8285408 -0.542208989 1.15569528 0.0238324745 -0.533767809 0.00397011894 0.00423342023 -0.845611165 -0.358276271 1.1980739 -0.0894379815 -0.000275653014 0.000154387969 -8.19697977e-07 -0.00527589017 -0.00547956952 0.0171790678 
1624426387.83853292 -0.545765254 1.16778415 0.022902899 -0.534275711 0.00350506794 0.00383491963 -0.845294311 -0.353537458 1.22160626 -0.0966236933 -0.000275653014 0.000154387969 -8.19697977e-07 -0.00527589017 -0.00547956952 0.0171790678 
1624426387.84854054 -0.549369339 1.18018478 0.0222911038 -0.534820467 0.00361529989 0.00343053123 -0.844951022 -0.366730847 1.25663152 -0.0256421801 -0.000275653014 0.000154387969 -8.19697977e-07 -0.00527589017 -0.00547956952 0.0171790678 
1624426387.86853123 -0.556183253 1.20517674 0.0214572304 -0.536287885 0.00474247504 0.00292957536 -0.844016724 -0.314978073 1.24372987 -0.0577840224 -0.000275653014 0.000154387969 -8.19697977e-07 -0.00527589017 -0.00547956952 0.0171790678 
1624426387.87852788 -0.559227135 1.21755024 0.0210081808 -0.53712829 0.00487150515 0.00255658661 -0.843482621 -0.29400235 1.23179752 -0.0320559658 -0.000275653014 0.000154387969 -8.19697977e-07 -0.00527589017 -0.00547956952 0.0171790678 
1624426387.88858247 -0.562137827 1.22983662 0.0206255415 -0.538088854 0.00445573355 0.0024696703 -0.842872726 -0.284975367 1.21213922 -0.0440564243 -0.000275653014 0.000154387969 -8.19697977e-07 -0.00527589017 -0.00547956952 0.0171790678 
1624426387.89857268 -0.584795093 1.24097689 0.0226722464 -0.538910687 0.0102297768 0.00679213317 -0.842273406 -0.401099301 1.2023957 -0.0781652819 -0.000238952244 0.000138440087 -1.22066121e-06 -0.00589585581 -0.00692752409 0.0168992311 
1624426387.90860963 -0.588867032 1.25314511 0.0218921015 -0.539818186 0.01015569 0.00690360676 -0.841692062 -0.410290847 1.22228977 -0.0772893539 -0.000238952244 0.000138440087 -1.22066121e-06 -0.00589585581 -0.00692752409 0.0168992311 
1624426387.9185555 -0.593013555 1.2654207 0.021170116 -0.540756468 0.0104375408 0.00697452897 -0.841085522 -0.4235272 1.24618968 -0.0678936295 -0.000238952244 0.000138440087 -1.22066121e-06 -0.00589585581 -0.00692752409 0.0168992311 
1624426387.9218297 -0.597922142 1.26648735 0.0108473044 -0.532870488 0.004740681 0.00319328042 -0.846177506 -0.417790252 1.24798729 -0.0796746523 -0.000276157074 0.000156213017 -5.66430301e-05 -0.0059878096 -0.00713919068 0.0169701767 
1624426387.92855406 -0.600749094 1.27493586 0.0101766732 -0.53353842 0.0049910592 0.00311431576 -0.84575537 -0.42301939 1.2648208 -0.119788618 -0.000276157074 0.000156213017 -5.66430301e-05 -0.0059878096 -0.00713919068 0.0169701767 
1624426387.9385345 -0.604868734 1.28758443 0.00882684005 -0.534471716 0.00577252818 0.00249615762 -0.845162962 -0.402523297 1.26985069 -0.150707097 -0.000276157074 0.000156213017 -5.66430301e-05 -0.0059878096 -0.00713919068 0.0169701767 
1624426387.94852805 -0.608727166 1.30014318 0.00777536623 -0.535420702 0.00635208056 0.00169293829 -0.844559919 -0.369660864 1.2435199 -0.0597233288 -0.000276157074 0.000156213017 -5.66430301e-05 -0.0059878096 -0.00713919068 0.0169701767 
1624426387.95852399 -0.612241061 1.31238315 0.00751256036 -0.536279541 0.00617161382 0.00152358779 -0.844016495 -0.333403807 1.20546887 0.00714079322 -0.000276157074 0.000156213017 -5.66430301e-05 -0.0059878096 -0.00713919068 0.0169701767 
1624426387.96851802 -0.615547665 1.32435811 0.00751240378 -0.537022685 0.00575661758 0.00128140439 -0.843547186 -0.328311998 1.19095346 -0.00717212793 -0.000276157074 0.000156213017 -5.66430301e-05 -0.0059878096 -0.00713919068 0.0169701767 
1624426387.97851372 -0.618823981 1.33625826 0.0074461699 -0.537743959 0.00528192049 0.00116971778 -0.843090842 -0.327233242 1.19010135 -0.00608034803 -0.000276157074 0.000156213017 -5.66430301e-05 -0.0059878096 -0.00713919068 0.0169701767 
1624426387.98852229 -0.62208498 1.34827436 0.00731010043 -0.53845168 0.00513649906 0.00120518607 -0.842639871 -0.324407766 1.21106099 -0.0211102346 -0.000276157074 0.000156213017 -5.66430301e-05 -0.0059878096 -0.00713919068 0.0169701767 
1624426387.99857187 -0.641161079 1.36004507 0.00761997983 -0.539172486 0.0089200113 0.00384475686 -0.842139348 -0.418373823 1.22458766 -0.0643493109 -0.000253328212 0.000145759096 -5.66347439e-05 -0.00658792848 -0.00850896097 0.0168759979 
1624426388.00856805 -0.645278214 1.37231442 0.00683777219 -0.53997845 0.00917902386 0.00346695826 -0.841621649 -0.405368212 1.23022125 -0.0921520667 -0.000253328212 0.000145759096 -5.66347439e-05 -0.00658792848 -0.00850896097 0.0168759979 
1624426388.01855516 -0.649237683 1.38454105 0.0061324496 -0.540915441 0.00960379657 0.00319672388 -0.841016073 -0.387547339 1.21826085 -0.049094436 -0.000253328212 0.000145759096 -5.66347439e-05 -0.00658792848 -0.00850896097 0.0168759979 
1624426388.02184796 -0.65245212 1.38794896 0.0029518413 -0.539352913 0.00496453098 0.00165358643 -0.842063569 -0.383117124 1.22006977 -0.0529030143 -0.000276400637 0.000165343546 -6.79309193e-05 -0.00671524768 -0.00863330796 0.0168961466 
1624426388.02854228 -0.654978574 1.39607719 0.00264847439 -0.540078688 0.00492840321 0.00157076755 -0.84159863 -0.371688619 1.20833017 -0.0377311511 -0.000276400637 0.000165343546 -6.79309193e-05 -0.00671524768 -0.00863330796 0.0168961466 
1624426388.03853941 -0.65856673 1.4080904 0.00222581332 -0.541214861 0.00492607455 0.0014157751 -0.840868719 -0.346148711 1.19500023 -0.0468253343 -0.000276400637 0.000165343546 -6.79309193e-05 -0.00671524768 -0.00863330796 0.0168961466 
1624426388.04853964 -0.661921114 1.41999806 0.00194217977 -0.542405982 0.00468577348 0.00131084448 -0.84010242 -0.324712699 1.18647773 -0.00990007915 -0.000276400637 0.000165343546 -6.79309193e-05 -0.00671524768 -0.00863330796 0.0168961466 
1624426388.05852866 -0.665086803 1.43183281 0.00195841972 -0.543618126 0.00424008084 0.0013278431 -0.839320911 -0.309120879 1.18307253 0.0131516393 -0.000276400637 0.000165343546 -6.79309193e-05 -0.00671524768 -0.00863330796 0.0168961466 
1624426388.06853461 -0.668122942 1.44368296 0.00193416734 -0.544792542 0.0037604932 0.0012756919 -0.838561457 -0.297745657 1.18554951 -0.0179992314 -0.000276400637 0.000165343546 -6.79309193e-05 -0.00671524768 -0.00863330796 0.0168961466 
1624426388.07854939 -0.671050128 1.45560686 0.0017546805 -0.545914479 0.00356913578 0.00108191003 -0.837832604 -0.286827974 1.19571236 -0.0178451849 -0.000276400637 0.000165343546 -6.79309193e-05 -0.00671524768 -0.00863330796 0.0168961466 
1624426388.0885427 -0.673932961 1.46758783 0.00160218 -0.547066569 0.00340326465 0.000829865493 -0.837081775 -0.290124386 1.20208474 -0.0126753189 -0.000276400637 0.000165343546 -6.79309193e-05 -0.00671524768 -0.00863330796 0.0168961466 
1624426388.09853816 -0.69235186 1.47961755 0.00166638457 -0.548190162 0.00661408905 0.0028718648 -0.836322636 -0.380670052 1.20501208 -0.0554432344 -0.000255798649 0.000155266566 -6.78957767e-05 -0.00740981381 -0.0101358421 0.0168391115 
1624426388.1085403 -0.696134695 1.49167945 0.000989915893 -0.549283868 0.00680422882 0.0025510195 -0.835604229 -0.375735366 1.20685277 -0.0798216062 -0.000255798649 0.000155266566 -6.78957767e-05 -0.00740981381 -0.0101358421 0.0168391115 
1624426388.11854553 -0.69986028 1.50375924 0.00030356527 -0.550415853 0.00694045759 0.00232527476 -0.834858558 -0.368991707 1.20784164 -0.0573766859 -0.000255798649 0.000155266566 -6.78957767e-05 -0.00740981381 -0.0101358421 0.0168391115 
1624426388.12181878 -0.703050577 1.51025698 -0.00567287926 -0.553632518 0.00369535881 0.00122529327 -0.832751991 -0.367312232 1.2132359 -0.0639838135 -0.00027268177 0.000169206914 -4.3619436e-05 -0.00754340912 -0.0102122233 0.0168961078 
1624426388.12853599 -0.705494697 1.51840132 -0.00608357539 -0.554420319 0.00372698383 0.00110103077 -0.832227737 -0.360407119 1.21168465 -0.0582980381 -0.00027268177 0.000169206914 -4.3619436e-05 -0.00754340912 -0.0102122233 0.0168961078 
1624426388.13853121 -0.709046812 1.53050365 -0.00667788768 -0.555604742 0.00385037251 0.000964047653 -0.831437079 -0.350355647 1.20993749 -0.0606212381 -0.00027268177 0.000169206914 -4.3619436e-05 -0.00754340912 -0.0102122233 0.0168961078 
1624426388.1485498 -0.712527323 1.54265951 -0.00723515229 -0.556834332 0.00388677895 0.00067237177 -0.830614211 -0.344455081 1.21672347 -0.0506249099 -0.00027268177 0.000169206914 -4.3619436e-05 -0.00754340912 -0.0102122233 0.0168961078 
1624426388.15853071 -0.715917314 1.55479349 -0.00782148188 -0.55807742 0.00388654993 0.000431039172 -0.829779671 -0.334839281 1.2147139 -0.0668652144 -0.00027268177 0.000169206914 -4.3619436e-05 -0.00754340912 -0.0102122233 0.0168961078 
1624426388.16852951 -0.719241549 1.56688853 -0.00851103442 -0.559324229 0.00400731836 5.87613297e-05 -0.828939289 -0.330087622 1.20458413 -0.0710618674 -0.00027268177 0.000169206914 -4.3619436e-05 -0.00754340912 -0.0102122233 0.0168961078 
1624426388.17852163 -0.722439909 1.57883602 -0.00903223712 -0.560541143 0.00401446167 -2.67147236e-05 -0.828116846 -0.310088804 1.1867968 -0.03326085 -0.00027268177 0.000169206914 -4.3619436e-05 -0.00754340912 -0.0102122233 0.0168961078 
1624426388.18854928 -0.725516522 1.59072221 -0.0093519331 -0.561787806 0.00391194324 0.000150285816 -0.827272105 -0.303537243 1.18388846 -0.0305020606 -0.00027268177 0.000169206914 -4.3619436e-05 -0.00754340912 -0.0102122233 0.0168961078 
1624426388.1985383 -0.739138024 1.60231595 -0.0083475834 -0.563090364 0.00585112504 0.00161485233 -0.826373039 -0.358538495 1.18420993 -0.0502499037 -0.000258284659 0.000162777661 -4.32355631e-05 -0.00801645858 -0.0113628085 0.0166900725 
1624426388.20854187 -0.742684018 1.61420479 -0.00882055651 -0.564385402 0.00588576632 0.00160717249 -0.825488881 -0.350407474 1.19270977 -0.0443109915 -0.000258284659 0.000162777661 -4.32355631e-05 -0.00801645858 -0.0113628085 0.0166900725 
1624426388.21854758 -0.746175982 1.62616613 -0.00927825735 -0.56573053 0.00579340383 0.00153045721 -0.824568409 -0.347586583 1.19819342 -0.047176914 -0.000258284659 0.000162777661 -4.32355631e-05 -0.00801645858 -0.0113628085 0.0166900725 
1624426388.22853756 -0.749648948 1.63811468 -0.00995446184 -0.567123985 0.0058745423 0.00154269463 -0.823610039 -0.347703497 1.19391359 -0.0881996738 -0.000258284659 0.000162777661 -4.32355631e-05 -0.00801645858 -0.0113628085 0.0166900725 
1624426388.23853087 -0.75305467 1.65007538 -0.0108171524 -0.568474972 0.00623049395 0.0014903115 -0.822675614 -0.333896493 1.19982653 -0.0844538536 -0.000258284659 0.000162777661 -4.32355631e-05 -0.00801645858 -0.0113628085 0.0166900725 
1624426388.24853134 -0.756311551 1.66210299 -0.011493673 -0.569888803 0.00634591019 0.00124485018 -0.821696375 -0.317449387 1.20558235 -0.0508439592 -0.000258284659 0.000162777661 -4.32355631e-05 -0.00801645858 -0.0113628085 0.0166900725 
1624426388.2585299 -0.759378689 1.67414257 -0.0120255165 -0.571314723 0.00641129043 0.000992659835 -0.820705427 -0.296066532 1.2026814 -0.0555400598 -0.000258284659 0.000162777661 -4.32355631e-05 -0.00801645858 -0.0113628085 0.0166900725 
1624426388.26851797 -0.762224324 1.68611861 -0.0125738464 -0.572686556 0.00647362864 0.000719737261 -0.819748548 -0.273740228 1.19538784 -0.0542568992 -0.000258284659 0.000162777661 -4.32355631e-05 -0.00801645858 -0.0113628085 0.0166900725 
1624426388.27851844 -0.764849156 1.69802232 -0.0130120608 -0.574035308 0.00633035311 0.000497031187 -0.818805926 -0.251201645 1.18524287 -0.0333818837 -0.000258284659 0.000162777661 -4.32355631e-05 -0.00801645858 -0.0113628085 0.0166900725 
1624426388.28857899 -0.767390726 1.7098843 -0.0134755645 -0.575387555 0.00583508691 0.000356653195 -0.817860004 -0.25405299 1.17287382 -0.0587609435 -0.000258284659 0.000162777661 -4.32355631e-05 -0.00801645858 -0.0113628085 0.0166900725 
1624426388.29856992 -0.782521279 1.72313161 -0.010864797 -0.576765422 0.0099780838 0.0028594517 -0.816843871 -0.350879432 1.17274717 -0.0716185968 -0.000232156126 0.000147130731 -4.28939158e-05 -0.00866953059 -0.0125302044 0.0162311627 
1624426388.30857253 -0.786098638 1.73497334 -0.0115341555 -0.578097343 0.0102272853 0.00332284912 -0.815896944 -0.364405481 1.19497928 -0.0622181267 -0.000232156126 0.000147130731 -4.28939158e-05 -0.00866953059 -0.0125302044 0.0162311627 
1624426388.31855392 -0.789671753 1.74709567 -0.0121680785 -0.579512747 0.0106882483 0.00343468623 -0.814885845 -0.351549589 1.23400729 -0.0648028074 -0.000232156126 0.000147130731 -4.28939158e-05 -0.00866953059 -0.0125302044 0.0162311627 
1624426388.32184911 -0.793559678 1.74798259 -0.0112067627 -0.578916885 0.00479850247 0.001544481 -0.815370976 -0.345470719 1.23166942 -0.0636484426 -0.000264873275 0.000174215472 -4.80205619e-05 -0.00884852924 -0.0127386128 0.016203434 
1624426388.32854223 -0.795822463 1.75630311 -0.0117518297 -0.579912367 0.00510328749 0.00111773274 -0.81466211 -0.330681412 1.25461838 -0.0992252596 -0.000264873275 0.000174215472 -4.80205619e-05 -0.00884852924 -0.0127386128 0.016203434 
1624426388.33853459 -0.799005801 1.76872496 -0.0126908362 -0.581372896 0.00563663354 0.000133535449 -0.813617703 -0.306472737 1.23165089 -0.0887196034 -0.000264873275 0.000174215472 -4.80205619e-05 -0.00884852924 -0.0127386128 0.016203434 
1624426388.34852791 -0.80196852 1.78080986 -0.0131253556 -0.582694009 0.005681218 -0.000723987479 -0.812671454 -0.286467519 1.18694646 0.00175757995 -0.000264873275 0.000174215472 -4.80205619e-05 -0.00884852924 -0.0127386128 0.016203434 
1624426388.35852742 -0.804803459 1.79237553 -0.0128351918 -0.583873975 0.00528910218 -0.000860097234 -0.811826624 -0.280547963 1.12629897 0.0562780042 -0.000264873275 0.000174215472 -4.80205619e-05 -0.00884852924 -0.0127386128 0.016203434 
1624426388.36854148 -0.807679586 1.80350512 -0.0124475355 -0.5849686 0.00486851304 -0.000403112599 -0.811041227 -0.293869995 1.09649556 0.0211444267 -0.000264873275 0.000174215472 -4.80205619e-05 -0.00884852924 -0.0127386128 0.016203434 
1624426388.37854266 -0.810709352 1.81446593 -0.0122017949 -0.585955868 0.00497709746 -4.65756134e-05 -0.810327679 -0.312011483 1.09540683 0.0279978785 -0.000264873275 0.000174215472 -4.80205619e-05 -0.00884852924 -0.0127386128 0.016203434 
1624426388.38855767 -0.813839312 1.82552101 -0.0118217051 -0.586913005 0.00491733367 0.000457027595 -0.80963494 -0.313042314 1.11229486 0.0479061286 -0.000264873275 0.000174215472 -4.80205619e-05 -0.00884852924 -0.0127386128 0.016203434 
1624426388.39853573 -0.821105429 1.83904544 -0.0154611793 -0.58796512 0.00632216804 0.000846920824 -0.808861132 -0.330187825 1.135343 -0.0373245463 -0.000258820654 0.000167097578 -4.74836281e-05 -0.00931010893 -0.0131230325 0.0167862723 
1624426388.4085393 -0.824375161 1.85039036 -0.0159914587 -0.588932304 0.0064956336 0.000571972873 -0.808156063 -0.323525428 1.13283151 -0.0686935219 -0.000258820654 0.000167097578 -4.74836281e-05 -0.00931010893 -0.0131230325 0.0167862723 
1624426388.41854739 -0.827597552 1.86170112 -0.0164659114 -0.589858442 0.00649008297 0.000176703661 -0.807480567 -0.320431278 1.12749053 -0.0261202482 -0.000258820654 0.000167097578 -4.74836281e-05 -0.00931010893 -0.0131230325 0.0167862723 
1624426388.42185593 -0.831911534 1.86518222 -0.0142982529 -0.581940427 0.0033611344 0.00010347467 -0.813224466 -0.319817089 1.12797992 -0.023984142 -0.000271431247 0.000185730341 -0.000115975999 -0.00946692934 -0.013233433 0.0167485914 
1624426388.42853785 -0.834087747 1.87270027 -0.0145195597 -0.582484549 0.00307739336 9.40496381e-05 -0.812835943 -0.331556677 1.12228547 -0.0422563524 -0.000271431247 0.000185730341 -0.000115975999 -0.00946692934 -0.013233433 0.0167485914 
1624426388.43853736 -0.837439126 1.88386523 -0.0151064562 -0.583218089 0.00336488477 -2.76193376e-06 -0.812308647 -0.338751616 1.11081469 -0.0751286556 -0.000271431247 0.000185730341 -0.000115975999 -0.00946692934 -0.013233433 0.0167485914 
1624426388.4485414 -0.84081467 1.89491115 -0.0155683595 -0.583860407 0.00347477505 -1.89148315e-06 -0.81184663 -0.336084292 1.09747758 -0.0172146638 -0.000271431247 0.000185730341 -0.000115975999 -0.00946692934 -0.013233433 0.0167485914 
1624426388.45852947 -0.844172325 1.90579056 -0.0156809292 -0.584442442 0.00344770394 0.000564931496 -0.811427647 -0.336248838 1.08100339 -0.00532618452 -0.000271431247 0.000185730341 -0.000115975999 -0.00946692934 -0.013233433 0.0167485914 
1624426388.46852612 -0.847507251 1.91653763 -0.0158950004 -0.584962098 0.00320688078 0.00069140194 -0.811053994 -0.330959796 1.06912931 -0.037502387 -0.000271431247 0.000185730341 -0.000115975999 -0.00946692934 -0.013233433 0.0167485914 
1624426388.47851825 -0.850733615 1.92725881 -0.0161776609 -0.585472518 0.00318708094 0.000835007861 -0.810685559 -0.314821741 1.07679719 -0.0190742853 -0.000271431247 0.000185730341 -0.000115975999 -0.00946692934 -0.013233433 0.0167485914 
1624426388.48854756 -0.85381518 1.93816199 -0.0163210403 -0.585977416 0.00281291591 0.00054990619 -0.810322314 -0.299689686 1.09746546 -0.00951776939 -0.000271431247 0.000185730341 -0.000115975999 -0.00946692934 -0.013233433 0.0167485914 
1624426388.49853778 -0.861693354 1.95182394 -0.0164518072 -0.586490414 0.00414188549 0.000345521497 -0.809945504 -0.323186844 1.12625937 -0.0770233252 -0.000265298278 0.000178318316 -0.000115636514 -0.0100270339 -0.0137473057 0.016692928 
1624426388.50855374 -0.864926554 1.96307533 -0.0172756439 -0.586860313 0.00427271707 -0.000463965481 -0.809676788 -0.322422431 1.12043249 -0.0874813836 -0.000265298278 0.000178318316 -0.000115636514 -0.0100270339 -0.0137473057 0.016692928 
1624426388.51854849 -0.868081258 1.97412201 -0.0177887434 -0.587170601 0.00424735286 -0.000684769227 -0.809451775 -0.308850092 1.09006546 -0.0151924626 -0.000265298278 0.000178318316 -0.000115636514 -0.0100270339 -0.0137473057 0.016692928 
1624426388.52196407 -0.868816299 1.98734666 -0.0271503983 -0.589217363 0.00226127926 -0.000375344478 -0.807971315 -0.307564366 1.10158179 -0.024962735 -0.000271646798 0.000191960359 -9.72176842e-05 -0.0102530303 -0.01371715 0.0168408259 
1624426388.52857256 -0.870843899 1.99458026 -0.0273021967 -0.589389638 0.00196110285 -0.000360896102 -0.807846445 -0.30607068 1.08760192 -0.0209777005 -0.000271646798 0.000191960359 -9.72176842e-05 -0.0102530303 -0.01371715 0.0168408259 
1624426388.53853416 -0.873799836 2.00532916 -0.0275499875 -0.58965929 0.00167376478 -0.000181278939 -0.80765035 -0.287395452 1.07046487 -0.0287714669 -0.000271646798 0.000191960359 -9.72176842e-05 -0.0102530303 -0.01371715 0.0168408259 
1624426388.54853415 -0.876679446 2.01607015 -0.0276867005 -0.589944675 0.00127117865 -0.00026291942 -0.807442626 -0.288526993 1.07773383 0.00142882978 -0.000271646798 0.000191960359 -9.72176842e-05 -0.0102530303 -0.01371715 0.0168408259 
1624426388.55851841 -0.879601499 2.02688372 -0.0276071448 -0.59031835 0.00107284493 -0.000349103507 -0.80716973 -0.296805218 1.0883905 0.0145074004 -0.000271646798 0.000191960359 -9.72176842e-05 -0.0102530303 -0.01371715 0.0168408259 
1624426388.56852388 -0.882733442 2.03783294 -0.0276766251 -0.590741124 0.00121418736 -0.000622124955 -0.806860002 -0.32924066 1.10025602 -0.0283958476 -0.000271646798 0.000191960359 -9.72176842e-05 -0.0102530303 -0.01371715 0.0168408259 
1624426388.57851934 -0.886060318 2.04876243 -0.027978036 -0.591151731 0.0018959774 -0.000792738187 -0.806557753 -0.336436818 1.08663479 -0.0319137191 -0.000271646798 0.000191960359 -9.72176842e-05 -0.0102530303 -0.01371715 0.0168408259 
1624426388.58855629 -0.889420343 2.05955065 -0.0281932491 -0.591597906 0.00219811141 -0.00102237376 -0.806229521 -0.333094488 1.06306828 -0.0109704475 -0.000271646798 0.000191960359 -9.72176842e-05 -0.0102530303 -0.01371715 0.0168408259 
1624426388.59856892 -0.893668235 2.07290213 -0.0280905736 -0.59202323 0.00305298303 -0.00116964079 -0.805914267 -0.328838674 1.06010013 -0.0358167816 -0.000271866422 0.000186821659 -9.68619171e-05 -0.0106898648 -0.0137205572 0.0167791399 
1624426388.60855722 -0.896940358 2.08336656 -0.0284372642 -0.592347201 0.00308478543 -0.00135468827 -0.805675767 -0.326351909 1.03523557 -0.0336025001 -0.000271866422 0.000186821659 -9.68619171e-05 -0.0106898648 -0.0137205572 0.0167791399 
1624426388.61854005 -0.900238762 2.09363897 -0.0285740906 -0.592626683 0.00305722782 -0.00115661975 -0.805470627 -0.334463819 1.0227822 0.00619014448 -0.000271866422 0.000186821659 -9.68619171e-05 -0.0106898648 -0.0137205572 0.0167791399 
1624426388.62196946 -0.901583134 2.10568317 -0.0321866442 -0.597609614 0.00163659053 -0.000632569306 -0.801785302 -0.335582059 1.03407081 0.00227609898 -0.000274896416 0.000198197749 -5.01752612e-05 -0.0109030796 -0.0136755613 0.0168425828 
1624426388.62853909 -0.903812327 2.11247347 -0.0321863743 -0.597720066 0.00153667499 -0.000540699903 -0.80170323 -0.343054505 1.03310854 -0.00219394184 -0.000274896416 0.000198197749 -5.01752612e-05 -0.0109030796 -0.0136755613 0.0168425828 
1624426388.63853645 -0.907285862 2.1227643 -0.0322794162 -0.597812021 0.00186944251 -0.000369124541 -0.801634054 -0.351835412 1.02560048 -0.0164193267 -0.000274896416 0.000198197749 -5.01752612e-05 -0.0109030796 -0.0136755613 0.0168425828 
1624426388.64852452 -0.910820656 2.13294617 -0.0323912935 -0.597844654 0.002084207 -0.000183132828 -0.801609252 -0.355967807 1.01320563 -0.00598286585 -0.000274896416 0.000198197749 -5.01752612e-05 -0.0109030796 -0.0136755613 0.0168425828 
1624426388.65852189 -0.914378963 2.14301741 -0.0325303366 -0.597810119 0.00228507459 6.71567446e-05 -0.801634478 -0.355880872 1.00157229 -0.0218330842 -0.000274896416 0.000198197749 -5.01752612e-05 -0.0109030796 -0.0136755613 0.0168425828 
1624426388.66853094 -0.917944098 2.15299437 -0.0328907179 -0.597740683 0.00238674865 0.000202701376 -0.801685935 -0.356501526 0.992016165 -0.0501779924 -0.000274896416 0.000198197749 -5.01752612e-05 -0.0109030796 -0.0136755613 0.0168425828 
1624426388.67852116 -0.921502623 2.16282879 -0.0333290105 -0.597643771 0.00264082034 0.00035665121 -0.801757333 -0.355900466 0.976793104 -0.0375663927 -0.000274896416 0.000198197749 -5.01752612e-05 -0.0109030796 -0.0136755613 0.0168425828 
1624426388.68854022 -0.925079996 2.17257172 -0.0336058766 -0.597533789 0.00270936793 0.000620938134 -0.801838914 -0.358212852 0.968086054 -0.0177014653 -0.000274896416 0.000198197749 -5.01752612e-05 -0.0109030796 -0.0136755613 0.0168425828 
1624426388.69853759 -0.925616876 2.1870866 -0.0329444067 -0.597442432 0.00302395313 -0.0004786888 -0.801905959 -0.330140078 1.00062749 -0.0188101597 -0.000282807274 0.00019188461 -5.01356486e-05 -0.0114800399 -0.0129985046 0.016688426 
1624426388.70856452 -0.928890793 2.19711119 -0.0330958645 -0.597357517 0.00324713995 -0.000431163387 -0.801968371 -0.322884532 0.998907214 -0.0114000518 -0.000282807274 0.00019188461 -5.01356486e-05 -0.0114800399 -0.0129985046 0.016688426 
1624426388.71854424 -0.932035973 2.20705105 -0.033167796 -0.597282859 0.00342996462 -0.0001636268 -0.802023313 -0.307429362 0.993102919 -0.00301547826 -0.000282807274 0.00019188461 -5.01356486e-05 -0.0114800399 -0.0129985046 0.016688426 
1624426388.72855186 -0.93504546 2.21695789 -0.0333081844 -0.597212728 0.00343712463 -5.63284392e-05 -0.802075521 -0.294009933 0.986756586 -0.0250408213 -0.000282807274 0.00019188461 -5.01356486e-05 -0.0114800399 -0.0129985046 0.016688426 
1624426388.73853111 -0.937922042 2.22675399 -0.033614338 -0.597142692 0.0035460259 0.000150211351 -0.802127177 -0.282502793 0.976536846 -0.0363172172 -0.000282807274 0.00019188461 -5.01356486e-05 -0.0114800399 -0.0129985046 0.016688426 
1624426388.74853659 -0.940693025 2.23645869 -0.0339592394 -0.597096711 0.00349334219 0.000347071812 -0.802161576 -0.271390465 0.963341138 -0.032625334 -0.000282807274 0.00019188461 -5.01356486e-05 -0.0114800399 -0.0129985046 0.016688426 
1624426388.75853562 -0.943251134 2.24609382 -0.0343394603 -0.597019743 0.00342077042 0.000694548171 -0.802218949 -0.240280638 0.963871154 -0.0434261584 -0.000282807274 0.00019188461 -5.01356486e-05 -0.0114800399 -0.0129985046 0.016688426 
1624426388.76852083 -0.945449217 2.25575777 -0.034808399 -0.596938809 0.00301440447 0.00048921428 -0.802280956 -0.199987346 0.971781726 -0.0505005248 -0.000282807274 0.00019188461 -5.01356486e-05 -0.0114800399 -0.0129985046 0.016688426 
1624426388.77852869 -0.947398457 2.26555313 -0.0350922899 -0.596895842 0.00296264336 7.35692946e-05 -0.802313262 -0.189554364 0.985753044 -0.00623306344 -0.000282807274 0.00019188461 -5.01356486e-05 -0.0114800399 -0.0129985046 0.016688426 
1624426388.78856349 -0.949312663 2.2754189 -0.0348905476 -0.596883431 0.00290745239 -0.000272091056 -0.802322655 -0.191959351 0.980558192 0.0464415893 -0.000282807274 0.00019188461 -5.01356486e-05 -0.0114800399 -0.0129985046 0.016688426 
1624426388.79854488 -0.958911466 2.28663214 -0.0381294146 -0.596956131 0.00578072867 0.00100800957 -0.80225242 -0.234031952 0.971371903 0.0201810048 -0.000262250452 0.000180844987 -4.93781032e-05 -0.012007718 -0.0139623798 0.017337733 
1624426388.8085866 -0.961166833 2.29628402 -0.0380081048 -0.59698161 0.00587303456 0.00108215768 -0.802232693 -0.215167645 0.950985269 0.00398016797 -0.000262250452 0.000180844987 -4.93781032e-05 -0.012007718 -0.0139623798 0.017337733 
1624426388.81853628 -0.963230761 2.30567457 -0.0380458966 -0.597119262 0.00572737608 0.0012184754 -0.802131098 -0.199705395 0.936622402 -0.0115767478 -0.000262250452 0.000180844987 -4.93781032e-05 -0.012007718 -0.0139623798 0.017337733 
1624426388.82852364 -0.96514728 2.31497649 -0.038296465 -0.597305532 0.00552826884 0.00135296997 -0.801993584 -0.184083748 0.92611701 -0.0386003883 -0.000262250452 0.000180844987 -4.93781032e-05 -0.012007718 -0.0139623798 0.017337733 
1624426388.83852863 -0.966929602 2.32425505 -0.0387316923 -0.59751685 0.00525179959 0.00126748018 -0.801838154 -0.17220252 0.928667234 -0.0484015835 -0.000262250452 0.000180844987 -4.93781032e-05 -0.012007718 -0.0139623798 0.017337733 
1624426388.84853005 -0.968676119 2.33357898 -0.0390743736 -0.597744448 0.00524035067 0.00101439572 -0.801668937 -0.177051232 0.935853504 -0.0201249425 -0.000262250452 0.000180844987 -4.93781032e-05 -0.012007718 -0.0139623798 0.017337733 
1624426388.85852575 -0.970511794 2.34292259 -0.0391422586 -0.597969738 0.00536030598 0.000785248331 -0.80150037 -0.190241831 0.933674017 0.00654210568 -0.000262250452 0.000180844987 -4.93781032e-05 -0.012007718 -0.0139623798 0.017337733 
1624426388.86852527 -0.972426886 2.35218541 -0.0390886899 -0.598137359 0.00568002288 0.000716423461 -0.801373149 -0.19279512 0.918979635 0.00417214596 -0.000262250452 0.000180844987 -4.93781032e-05 -0.012007718 -0.0139623798 0.017337733 
1624426388.8785181 -0.974322944 2.36127081 -0.0390517135 -0.598278998 0.00588636692 0.000709110051 -0.801265929 -0.186688248 0.899403348 0.00322844817 -0.000262250452 0.000180844987 -4.93781032e-05 -0.012007718 -0.0139623798 0.017337733 
1624426388.8885498 -0.976154116 2.37019143 -0.0390302685 -0.598420412 0.00590639321 0.0009145837 -0.801159964 -0.178388933 0.879081377 0.00104698278 -0.000262250452 0.000180844987 -4.93781032e-05 -0.012007718 -0.0139623798 0.017337733 
1624426388.89853668 -0.984975523 2.38203885 -0.039768727 -0.598745195 0.00960515587 0.00196427762 -0.800879562 -0.222477156 0.884540535 -0.0148746505 -0.000238805441 0.000160450268 -4.70015775e-05 -0.012622235 -0.0146698787 0.0174622348 
1624426388.90854549 -0.987225037 2.39086385 -0.0399452795 -0.598817548 0.00945288393 0.00220634775 -0.800826647 -0.227029562 0.878905066 -0.0204047727 -0.000238805441 0.000160450268 -4.70015775e-05 -0.012622235 -0.0146698787 0.0174622348 
1624426388.91855192 -0.989506619 2.39966757 -0.0401214973 -0.598883202 0.00949837677 0.00234161166 -0.800776628 -0.228993746 0.880707365 -0.0148161469 -0.000238805441 0.000160450268 -4.70015775e-05 -0.012622235 -0.0146698787 0.0174622348 
1624426388.92182088 -0.991894849 2.41166112 -0.0334080374 -0.600248238 0.00380701291 0.000930370469 -0.79980416 -0.220859017 0.887936428 -0.00848347706 -0.000276572272 0.000192130093 -3.32621316e-05 -0.0130523863 -0.0149211524 0.0173134977 
1624426388.92853355 -0.993377784 2.41762849 -0.0334641061 -0.600287172 0.00386748058 0.00100882817 -0.799774553 -0.220972359 0.890007005 -0.00822186172 -0.000276572272 0.000192130093 -3.32621316e-05 -0.0130523863 -0.0149211524 0.0173134977 
1624426388.93853164 -0.995550231 2.42649168 -0.033581831 -0.600337044 0.00407468074 0.00104642819 -0.799736041 -0.213600329 0.882970645 -0.0153276262 -0.000276572272 0.000192130093 -3.32621316e-05 -0.0130523863 -0.0149211524 0.0173134977 
1624426388.9485333 -0.99763394 2.43528404 -0.0336605707 -0.600343086 0.00416120695 0.000978144441 -0.799731147 -0.203072162 0.875208768 -0.000417708996 -0.000276572272 0.000192130093 -3.32621316e-05 -0.0130523863 -0.0149211524 0.0173134977 
1624426388.95852351 -0.999606929 2.4439898 -0.0336379219 -0.600341824 0.00419517351 0.00106929035 -0.7997318 -0.191912204 0.867648398 0.00495189951 -0.000276572272 0.000192130093 -3.32621316e-05 -0.0130523863 -0.0149211524 0.0173134977 
1624426388.9685359 -1.00149734 2.45264864 -0.0336040447 -0.600350317 0.00414624572 0.00105723566 -0.799725696 -0.185702078 0.861977822 0.00181516215 -0.000276572272 0.000192130093 -3.32621316e-05 -0.0130523863 -0.0149211524 0.0173134977 
1624426388.97852612 -1.00330538 2.46126413 -0.0335917203 -0.600325957 0.00412935737 0.00111805596 -0.799743986 -0.176259267 0.862808278 0.000652135071 -0.000276572272 0.000192130093 -3.32621316e-05 -0.0130523863 -0.0149211524 0.0173134977 
1624426388.98860049 -1.00503035 2.47001281 -0.0336598458 -0.600300892 0.00413645419 0.00107061648 -0.799762829 -0.166188112 0.874009386 -0.0141766472 -0.000276572272 0.000192130093 -3.32621316e-05 -0.0130523863 -0.0149211524 0.0173134977 
1624426388.99854827 -1.01278838 2.47923914 -0.033279394 -0.600370472 0.00587505148 0.00194684352 -0.799698061 -0.195486747 0.884770858 -0.032630542 -0.000262414228 0.000186387828 -3.24860174e-05 -0.0133866208 -0.0157961495 0.0171779562 
1624426389.00856137 -1.01471029 2.48805347 -0.0336274235 -0.60039108 0.00598980311 0.00171852633 -0.799682262 -0.188391974 0.875787914 -0.0368842836 -0.000262414228 0.000186387828 -3.24860174e-05 -0.0133866208 -0.0157961495 0.0171779562 
1624426389.01853609 -1.0165501 2.49671722 -0.0338668667 -0.600414965 0.00606135841 0.00161523822 -0.799664005 -0.180503052 0.861354064 -0.0111257305 -0.000262414228 0.000186387828 -3.24860174e-05 -0.0133866208 -0.0157961495 0.0171779562 
1624426389.02182794 -1.01741989 2.5058917 -0.0270599865 -0.602827462 0.00306029292 0.000799842547 -0.797865306 -0.17651511 0.868107599 -0.00476341701 -0.000283456617 0.00020315222 -6.95035074e-06 -0.0136454375 -0.0158965853 0.0170295211 
1624426389.02853703 -1.01858884 2.51166948 -0.0270534006 -0.602882501 0.00303251896 0.00086917541 -0.797823752 -0.171954436 0.854262514 0.00672667575 -0.000283456617 0.00020315222 -6.95035074e-06 -0.0136454375 -0.0158965853 0.0170295211 
1624426389.03854156 -1.0202867 2.52013869 -0.0269199885 -0.603002507 0.00293144121 0.00105382866 -0.797733209 -0.167463564 0.83881415 0.0199436969 -0.000283456617 0.00020315222 -6.95035074e-06 -0.0136454375 -0.0158965853 0.0170295211 
1624426389.04853702 -1.02196142 2.52849201 -0.0266804267 -0.603137062 0.00287759112 0.00135327828 -0.797631226 -0.167632733 0.8326086 0.0279904149 -0.000283456617 0.00020315222 -6.95035074e-06 -0.0136454375 -0.0158965853 0.0170295211 
1624426389.05853248 -1.02362327 2.53681492 -0.0264776176 -0.603308457 0.00273561713 0.001634643 -0.797501568 -0.164888029 0.832729557 0.0125898368 -0.000283456617 0.00020315222 -6.95035074e-06 -0.0136454375 -0.0158965853 0.0170295211 
1624426389.06853628 -1.02522583 2.54515712 -0.0264359921 -0.603478615 0.00274623214 0.00175470767 -0.797372523 -0.155501889 0.835075861 -0.00426791804 -0.000283456617 0.00020315222 -6.95035074e-06 -0.0136454375 -0.0158965853 0.0170295211 
1624426389.07851839 -1.02674842 2.55348634 -0.0265513441 -0.603625033 0.00262092537 0.00178920159 -0.797262033 -0.149561249 0.833754465 -0.0188438281 -0.000283456617 0.00020315222 -6.95035074e-06 -0.0136454375 -0.0158965853 0.0170295211 
1624426389.08854151 -1.02826793 2.56183805 -0.0267220151 -0.603711042 0.00261576119 0.00165995673 -0.797197203 -0.153640926 0.83273576 -0.0152116356 -0.000283456617 0.00020315222 -6.95035074e-06 -0.0136454375 -0.0158965853 0.0170295211 
1624426389.0985384 -1.0354143 2.5711052 -0.0260181019 -0.603778713 0.00391373614 0.00229654125 -0.797139056 -0.201571509 0.843238575 -0.0120697394 -0.000272822538 0.000197822772 -6.35605696e-06 -0.0140591414 -0.016768043 0.0168331303 
1624426389.10851645 -1.03750224 2.57947699 -0.0260974466 -0.603738673 0.00417671174 0.00229250593 -0.797168059 -0.216935261 0.834801293 -0.00383410605 -0.000272822538 0.000197822772 -6.35605696e-06 -0.0140591414 -0.016768043 0.0168331303 
1624426389.11854696 -1.03967958 2.58778492 -0.0259950592 -0.603627734 0.00447935536 0.00250431823 -0.797249787 -0.217208594 0.821730863 0.0242493173 -0.000272822538 0.000197822772 -6.35605696e-06 -0.0140591414 -0.016768043 0.0168331303 
1624426389.12182045 -1.04160576 2.59772686 -0.0233271677 -0.602450785 0.00237995051 0.00130877118 -0.798151411 -0.214978357 0.830846539 0.0270478059 -0.000292445528 0.000206748753 -1.93943526e-05 -0.0142885111 -0.0168685757 0.016771189 
1624426389.12853193 -1.04302911 2.6032736 -0.0231412445 -0.602340856 0.00246750804 0.00150537816 -0.798233762 -0.209173647 0.822062712 0.0283567074 -0.000292445528 0.000206748753 -1.93943526e-05 -0.0142885111 -0.0168685757 0.016771189 
1624426389.1385324 -1.04508426 2.61143908 -0.0229113457 -0.602169845 0.00245994362 0.00161928212 -0.798362577 -0.201837626 0.810957923 0.0176209114 -0.000292445528 0.000206748753 -1.93943526e-05 -0.0142885111 -0.0168685757 0.016771189 
1624426389.14852738 -1.04708282 2.61951147 -0.0226829996 -0.601972952 0.00233755346 0.00175375041 -0.79851113 -0.198075537 0.804329036 0.0280712248 -0.000292445528 0.000206748753 -1.93943526e-05 -0.0142885111 -0.0168685757 0.016771189 
1624426389.15853381 -1.04908715 2.62756662 -0.0223888502 -0.601735461 0.00217934224 0.0018307969 -0.798690387 -0.202531339 0.80566726 0.0307208719 -0.000292445528 0.000206748753 -1.93943526e-05 -0.0142885111 -0.0168685757 0.016771189 
1624426389.16852355 -1.05108907 2.63562984 -0.0221521926 -0.601482278 0.00215381973 0.00201383894 -0.798880701 -0.198263781 0.808633258 0.016659258 -0.000292445528 0.000206748753 -1.93943526e-05 -0.0142885111 -0.0168685757 0.016771189 
1624426389.17852831 -1.05305264 2.64370911 -0.0219714957 -0.601205306 0.00227974137 0.00205500875 -0.799088706 -0.194265267 0.806452038 0.0194629332 -0.000292445528 0.000206748753 -1.93943526e-05 -0.0142885111 -0.0168685757 0.016771189 
1624426389.18857288 -1.05493495 2.6517749 -0.0216843427 -0.600909863 0.00233250818 0.00217937404 -0.79931042 -0.180524293 0.799546426 0.0377128059 -0.000292445528 0.000206748753 -1.93943526e-05 -0.0142885111 -0.0168685757 0.016771189 
1624426389.19854975 -1.06052112 2.661773 -0.0238084133 -0.600662986 0.00330494002 0.00250747359 -0.799491568 -0.192811941 0.80822466 0.0141962938 -0.000285549169 0.000200385503 -1.88891703e-05 -0.0148599117 -0.0174521192 0.0173399192 
1624426389.20851851 -1.06238958 2.66982878 -0.023727885 -0.600382584 0.00318503596 0.00254646771 -0.799702522 -0.182051796 0.807980617 0.00195982779 -0.000285549169 0.000200385503 -1.88891703e-05 -0.0148599117 -0.0174521192 0.0173399192 
1624426389.21854401 -1.06420154 2.67793648 -0.0237073563 -0.600112129 0.0030242042 0.00254524325 -0.799906125 -0.179418993 0.809433976 0.00213547904 -0.000285549169 0.000200385503 -1.88891703e-05 -0.0148599117 -0.0174521192 0.0173399192 
1624426389.22181988 -1.06506783 2.68700246 -0.0185708675 -0.59959157 0.00162684482 0.00134267479 -0.80030338 -0.177416353 0.818780592 0.00730907993 -0.000301953924 0.000204311007 -2.48465656e-05 -0.0150504013 -0.0175060193 0.0172118134 
1624426389.22854948 -1.06625832 2.69252238 -0.0185397695 -0.599409012 0.00156732854 0.0013460813 -0.800440234 -0.176390121 0.821707732 0.00193307834 -0.000301953924 0.000204311007 -2.48465656e-05 -0.0150504013 -0.0175060193 0.0172118134 
1624426389.23858523 -1.06801044 2.70079265 -0.0185645928 -0.599130907 0.00157585281 0.00131003856 -0.80064846 -0.172785268 0.826454422 -0.0068800564 -0.000301953924 0.000204311007 -2.48465656e-05 -0.0150504013 -0.0175060193 0.0172118134 
1624426389.24853492 -1.06970683 2.70902923 -0.0186197855 -0.598883949 0.00169494605 0.00129643155 -0.80083298 -0.168210101 0.829192609 -0.00421430286 -0.000301953924 0.000204311007 -2.48465656e-05 -0.0150504013 -0.0175060193 0.0172118134 
1624426389.25853181 -1.07134222 2.71729887 -0.0186321153 -0.598649677 0.0017663976 0.00123159804 -0.801008069 -0.158968992 0.825248337 0.00174756208 -0.000301953924 0.000204311007 -2.48465656e-05 -0.0150504013 -0.0175060193 0.0172118134 
1624426389.2685349 -1.07289138 2.72551667 -0.018621652 -0.598436385 0.00177396592 0.00122030003 -0.801167434 -0.150767211 0.817804875 0.000344455593 -0.000301953924 0.000204311007 -2.48465656e-05 -0.0150504013 -0.0175060193 0.0172118134 
1624426389.27852964 -1.07435328 2.73364788 -0.0185653807 -0.598221686 0.00171217866 0.00109421189 -0.801328076 -0.141766561 0.809292029 0.0109157246 -0.000301953924 0.000204311007 -2.48465656e-05 -0.0150504013 -0.0175060193 0.0172118134 
1624426389.28858328 -1.07574687 2.74174452 -0.0184240148 -0.597987678 0.0015153785 0.00110268681 -0.801503103 -0.135464282 0.801397271 0.017206624 -0.000301953924 0.000204311007 -2.48465656e-05 -0.0150504013 -0.0175060193 0.0172118134 
1624426389.29854298 -1.08365288 2.74975974 -0.0194292055 -0.597768397 0.0026380092 0.00204285328 -0.801661906 -0.175548282 0.797516628 0.00482144555 -0.000288517463 0.00020032981 -2.43861794e-05 -0.0154265961 -0.0187577909 0.0174778656 
1624426389.30857635 -1.08543366 2.75775589 -0.0193988224 -0.597504814 0.00252182152 0.00210015528 -0.801858608 -0.179424156 0.796394451 0.00123497785 -0.000288517463 0.00020032981 -2.43861794e-05 -0.0154265961 -0.0187577909 0.0174778656 
1624426389.31853461 -1.0872069 2.76570031 -0.0194175163 -0.597214975 0.00245027383 0.00220071823 -0.802074452 -0.176709921 0.799149451 -0.00498942669 -0.000288517463 0.00020032981 -2.43861794e-05 -0.0154265961 -0.0187577909 0.0174778656 
1624426389.32192802 -1.0869818 2.77306402 -0.01564435 -0.582169458 0.00133114514 0.00116954006 -0.813065546 -0.173536738 0.806496646 -0.00105480861 -0.000302232465 0.000203649728 -0.000197976792 -0.0156051008 -0.0188148276 0.0173739774 
1624426389.32853794 -1.08811886 2.77841131 -0.0156551502 -0.581954932 0.00133615543 0.00112609233 -0.813219161 -0.170508014 0.811462594 -0.00221309061 -0.000302232465 0.000203649728 -0.000197976792 -0.0156051008 -0.0188148276 0.0173739774 
1624426389.33853531 -1.08977224 2.78657894 -0.0157185297 -0.581590383 0.00126959584 0.000906953955 -0.813480296 -0.160254545 0.822492681 -0.0104661479 -0.000302232465 0.000203649728 -0.000197976792 -0.0156051008 -0.0188148276 0.0173739774 
1624426389.348526 -1.09133518 2.79478969 -0.015855295 -0.581188531 0.00126844081 0.000451985821 -0.813767828 -0.152624834 0.8211885 -0.0169123919 -0.000302232465 0.000203649728 -0.000197976792 -0.0156051008 -0.0188148276 0.0173739774 
1624426389.35853815 -1.09285363 2.80294673 -0.0159739687 -0.58076459 0.00115100962 4.8661819e-05 -0.814070737 -0.150697456 0.808238594 -0.00679354463 -0.000302232465 0.000203649728 -0.000197976792 -0.0156051008 -0.0188148276 0.0173739774 
1624426389.36853027 -1.09434206 2.81094761 -0.0159439986 -0.580270489 0.00104353602 -0.000200669154 -0.814423127 -0.147223929 0.793199921 0.0127922902 -0.000302232465 0.000203649728 -0.000197976792 -0.0156051008 -0.0188148276 0.0173739774 
1624426389.37853789 -1.09581939 2.81883339 -0.0157494309 -0.579761637 0.000844294054 -0.000192229612 -0.814785674 -0.148016478 0.782754319 0.0260916187 -0.000302232465 0.000203649728 -0.000197976792 -0.0156051008 -0.0188148276 0.0173739774 
1624426389.38855839 -1.09731639 2.82667358 -0.015442468 -0.579281119 0.000649860074 -7.18895377e-05 -0.815127571 -0.150771425 0.782077854 0.0351754029 -0.000302232465 0.000203649728 -0.000197976792 -0.0156051008 -0.0188148276 0.0173739774 
1624426389.39854789 -1.10689188 2.83535762 -0.0173680126 -0.578889185 0.00223631489 0.00113724362 -0.815402365 -0.210489058 0.798552778 0.022262758 -0.000285484836 0.000196766253 -0.000197331416 -0.0162639282 -0.0203659596 0.0179341661 
1624426389.40854907 -1.10901202 2.84341966 -0.0172720522 -0.578499779 0.00211830326 0.00125346404 -0.815678826 -0.213489194 0.813665779 -0.00307294018 -0.000285484836 0.000196766253 -0.000197331416 -0.0162639282 -0.0203659596 0.0179341661 
1624426389.41855145 -1.1111505 2.85161292 -0.017392298 -0.578144104 0.00211752527 0.00112793834 -0.815931148 -0.214104043 0.82459739 -0.020970515 -0.000285484836 0.000196766253 -0.000197331416 -0.0162639282 -0.0203659596 0.0179341661 
1624426389.42853546 -1.11326937 2.85985553 -0.0175896301 -0.577793756 0.00206371233 0.00104647707 -0.816179528 -0.210348239 0.826563429 -0.0185590798 -0.000285484836 0.000196766253 -0.000197331416 -0.0162639282 -0.0203659596 0.0179341661 
1624426389.43853736 -1.11537714 2.86811925 -0.0178147903 -0.577433662 0.00192182224 0.000911172171 -0.816434837 -0.211126435 0.825867376 -0.0264644288 -0.000285484836 0.000196766253 -0.000197331416 -0.0162639282 -0.0203659596 0.0179341661 
1624426389.44853663 -1.11754013 2.87639505 -0.0180563379 -0.577027667 0.00188503516 0.000882115212 -0.816721948 -0.221502535 0.829411044 -0.0218485897 -0.000285484836 0.000196766253 -0.000197331416 -0.0162639282 -0.0203659596 0.0179341661 
1624426389.45853519 -1.1198057 2.88470198 -0.0181513935 -0.576591494 0.00199624636 0.000950143846 -0.817029597 -0.231676629 0.832214467 0.00283473369 -0.000285484836 0.000196766253 -0.000197331416 -0.0162639282 -0.0203659596 0.0179341661 
1624426389.46853065 -1.12213367 2.89303383 -0.0180888392 -0.576115144 0.00216592946 0.00109455359 -0.817364944 -0.234129476 0.834912792 0.00968181947 -0.000285484836 0.000196766253 -0.000197331416 -0.0162639282 -0.0203659596 0.0179341661 
1624426389.4785223 -1.12440175 2.90136179 -0.0180325481 -0.575604367 0.00227525565 0.00112080823 -0.817724391 -0.219864542 0.832072657 0.0015857962 -0.000285484836 0.000196766253 -0.000197331416 -0.0162639282 -0.0203659596 0.0179341661 
1624426389.48855948 -1.12654789 2.90968917 -0.0180167063 -0.575096326 0.00223999941 0.00103769821 -0.818081977 -0.207775044 0.827232597 0.00157083063 -0.000285484836 0.000196766253 -0.000197331416 -0.0162639282 -0.0203659596 0.0179341661 
1624426389.49858379 -1.13474347 2.91737165 -0.0182707337 -0.574549588 0.00387094602 0.0024981758 -0.818456808 -0.235573993 0.820321744 -0.000941799233 -0.000263972141 0.000191996468 -0.000197750862 -0.0165152463 -0.0214779651 0.0179808424 
1624426389.50856829 -1.13710503 2.92556348 -0.0183537986 -0.57404439 0.00374680616 0.00245400657 -0.818811931 -0.237471792 0.820588651 -0.0156969828 -0.000263972141 0.000191996468 -0.000197750862 -0.0165152463 -0.0214779651 0.0179808424 
1624426389.51852489 -1.13948381 2.93374334 -0.0185094871 -0.57354588 0.00380172085 0.00246364473 -0.819160913 -0.240357946 0.822514923 -0.0155764328 -0.000263972141 0.000191996468 -0.000197750862 -0.0165152463 -0.0214779651 0.0179808424 
1624426389.52855778 -1.14188003 2.94201438 -0.0186189636 -0.573068244 0.00394135704 0.00256550142 -0.819494156 -0.237315284 0.82627038 -0.00624709924 -0.000263972141 0.000191996468 -0.000197750862 -0.0165152463 -0.0214779651 0.0179808424 
1624426389.53852963 -1.14420543 2.9502711 -0.0186880876 -0.572649251 0.00412916934 0.00260243163 -0.819785955 -0.229078031 0.829732622 -0.00761670949 -0.000263972141 0.000191996468 -0.000197750862 -0.0165152463 -0.0214779651 0.0179808424 
1624426389.54854846 -1.14642943 2.9585924 -0.018745122 -0.572295209 0.00427127538 0.00254129287 -0.820032616 -0.214886271 0.83140125 -0.00376873756 -0.000263972141 0.000191996468 -0.000197750862 -0.0165152463 -0.0214779651 0.0179808424 
1624426389.55858541 -1.14851768 2.96694413 -0.0187553007 -0.572011675 0.00435871567 0.00243709397 -0.820230276 -0.201224956 0.832796112 0.00174050114 -0.000263972141 0.000191996468 -0.000197750862 -0.0165152463 -0.0214779651 0.0179808424 
1624426389.56853008 -1.1504623 2.97522484 -0.0187817041 -0.5717676 0.00429921886 0.0023649745 -0.82040096 -0.189863249 0.832559594 -0.00705056245 -0.000263972141 0.000191996468 -0.000197750862 -0.0165152463 -0.0214779651 0.0179808424 
1624426389.57851744 -1.15231364 2.98351657 -0.0189124093 -0.571562491 0.00432717612 0.00232062395 -0.82054385 -0.180874469 0.827885204 -0.0191235902 -0.000263972141 0.000191996468 -0.000197750862 -0.0165152463 -0.0214779651 0.0179808424 
1624426389.58856773 -1.15408174 2.99183654 -0.0190924266 -0.571399532 0.0043257597 0.00244437329 -0.820656985 -0.170975569 0.827781984 -0.0166996878 -0.000263972141 0.000191996468 -0.000197750862 -0.0165152463 -0.0214779651 0.0179808424 
1624426389.59857178 -1.16605711 3.00065065 -0.0183008854 -0.571220285 0.00877733635 0.00531238128 -0.820732674 -0.222086547 0.843117454 -0.00928755924 -0.000216815806 0.000173805667 -0.000198211883 -0.0171256014 -0.0229977591 0.0177263425 
1624426389.60858226 -1.16819396 3.00915396 -0.018404985 -0.571145088 0.00879724858 0.00514934357 -0.820785831 -0.204835141 0.855764347 -0.0115105497 -0.000216815806 0.000173805667 -0.000198211883 -0.0171256014 -0.0229977591 0.0177263425 
1624426389.61855268 -1.17015582 3.0177096 -0.0184739961 -0.571084527 0.00886051294 0.00478170942 -0.820829513 -0.188701784 0.860438722 -0.00233260873 -0.000216815806 0.000173805667 -0.000198211883 -0.0171256014 -0.0229977591 0.0177263425 
1624426389.62187004 -1.16701802 3.03430605 -0.0308057785 -0.58473112 0.00354469995 0.00191030813 -0.811217174 -0.172602165 0.874262497 -0.0143885103 -0.000272075053 0.000200324112 -3.01685542e-05 -0.0176462642 -0.0232879224 0.0181033371 
1624426389.62854862 -1.16813956 3.0401312 -0.0308813877 -0.584697654 0.00349098855 0.00168589196 -0.811242025 -0.163258478 0.870165862 -0.00825379361 -0.000272075053 0.000200324112 -3.01685542e-05 -0.0176462642 -0.0232879224 0.0181033371 
1624426389.63853431 -1.1697259 3.04875541 -0.0309906374 -0.584673583 0.00339880127 0.00149447952 -0.811260141 -0.154463787 0.857148758 -0.0136274608 -0.000272075053 0.000200324112 -3.01685542e-05 -0.0176462642 -0.0232879224 0.0181033371 
1624426389.64851356 -1.17124449 3.05725353 -0.0311283797 -0.584655626 0.0032840142 0.00150307766 -0.811273539 -0.149887605 0.846010336 -0.0139782954 -0.000272075053 0.000200324112 -3.01685542e-05 -0.0176462642 -0.0232879224 0.0181033371 
1624426389.65852809 -1.17270178 3.06572081 -0.0312637739 -0.584663726 0.00315445367 0.00167744659 -0.811267874 -0.141146897 0.844986091 -0.0130612339 -0.000272075053 0.000200324112 -3.01685542e-05 -0.0176462642 -0.0232879224 0.0181033371 
1624426389.66857529 -1.17405271 3.0742404 -0.0314694421 -0.584716397 0.00294272206 0.00171426575 -0.811230631 -0.127769723 0.850928185 -0.0278791828 -0.000272075053 0.000200324112 -3.01685542e-05 -0.0176462642 -0.0232879224 0.0181033371 
1624426389.6785326 -1.17528272 3.08277351 -0.0317682809 -0.584812361 0.0028462698 0.00156849937 -0.811162093 -0.119287331 0.863011079 -0.0321448025 -0.000272075053 0.000200324112 -3.01685542e-05 -0.0176462642 -0.0232879224 0.0181033371 
1624426389.68854189 -1.17648506 3.09144638 -0.0320419192 -0.58497523 0.00280596946 0.00124854853 -0.811045343 -0.120956601 0.869951798 -0.0225320615 -0.000272075053 0.000200324112 -3.01685542e-05 -0.0176462642 -0.0232879224 0.0181033371 
1624426389.69857359 -1.18855648 3.09806841 -0.0309529279 -0.585123558 0.00534027267 0.00358848499 -0.810918631 -0.198176868 0.85483692 -0.0192628492 -0.000238657778 0.000196228432 -3.07099593e-05 -0.0179542941 -0.0254117615 0.0177264748 
1624426389.71855235 -1.19246265 3.11476318 -0.0310421937 -0.585552595 0.00566238551 0.00402774512 -0.810604634 -0.19285539 0.81641527 0.0103267763 -0.000238657778 0.000196228432 -3.07099593e-05 -0.0179542941 -0.0254117615 0.0177264748 
1624426389.72853827 -1.19431998 3.12284222 -0.0309248129 -0.585756199 0.00559832303 0.00421672651 -0.810457003 -0.179134218 0.80167049 0.0131824838 -0.000238657778 0.000196228432 -3.07099593e-05 -0.0179542941 -0.0254117615 0.0177264748 
1624426389.73854017 -1.19610615 3.13085 -0.0307524703 -0.585946748 0.00543561747 0.00440924543 -0.810319333 -0.178032267 0.79958109 0.0212794802 -0.000238657778 0.000196228432 -3.07099593e-05 -0.0179542941 -0.0254117615 0.0177264748 
1624426389.74853516 -1.19789585 3.13889826 -0.0305561573 -0.586113595 0.00517913394 0.00451543113 -0.810199754 -0.18008677 0.810880083 0.0180028323 -0.000238657778 0.000196228432 -3.07099593e-05 -0.0179542941 -0.0254117615 0.0177264748 
1624426389.75853086 -1.1997252 3.14705525 -0.0304949441 -0.586188999 0.00508392231 0.00443396055 -0.810146253 -0.185941787 0.821218176 -0.0057549166 -0.000238657778 0.000196228432 -3.07099593e-05 -0.0179542941 -0.0254117615 0.0177264748 
1624426389.76853442 -1.20158211 3.15529781 -0.0306020882 -0.58620725 0.0052835651 0.00429897774 -0.810132497 -0.185305808 0.826707238 -0.0156662798 -0.000238657778 0.000196228432 -3.07099593e-05 -0.0179542941 -0.0254117615 0.0177264748 
1624426389.77853799 -1.20339357 3.16354159 -0.0307423712 -0.586165802 0.00540250398 0.0040726697 -0.810162872 -0.176857369 0.821461046 -0.0123803129 -0.000238657778 0.000196228432 -3.07099593e-05 -0.0179542941 -0.0254117615 0.0177264748 
1624426389.78855968 -1.20512658 3.17172135 -0.0308689292 -0.586093118 0.00558321379 0.00393679128 -0.810214901 -0.16899608 0.810951089 -0.0128765003 -0.000238657778 0.000196228432 -3.07099593e-05 -0.0179542941 -0.0254117615 0.0177264748 
1624426389.79854321 -1.21461319 3.18158417 -0.0302833567 -0.586040975 0.00864684779 0.0050084771 -0.810219799 -0.212117913 0.813561604 0.00193641723 -0.000208725815 0.000177966434 -2.99621144e-05 -0.018692557 -0.0265990628 0.0175353964 
1624426389.80855727 -1.21674836 3.18970452 -0.0302240111 -0.585941913 0.00864343349 0.0050676184 -0.810291111 -0.214317446 0.808227668 0.00991603282 -0.000208725815 0.000177966434 -2.99621144e-05 -0.018692557 -0.0265990628 0.0175353964 
1624426389.81853962 -1.21890801 3.19774516 -0.0301197223 -0.585856552 0.00853957408 0.00501152449 -0.810354281 -0.218376577 0.802744807 0.0109786064 -0.000208725815 0.000177966434 -2.99621144e-05 -0.018692557 -0.0265990628 0.0175353964 
1624426389.82185006 -1.21602451 3.2122863 -0.0379628136 -0.586407441 0.00376876767 0.00218807725 -0.81000452 -0.2049029 0.81510999 0.00419448696 -0.000264396469 0.000202884512 -2.28450301e-05 -0.0191868603 -0.0269241694 0.0177725018 
1624426389.82854176 -1.2173988 3.21774125 -0.0379540281 -0.586380786 0.00380993403 0.0022951611 -0.810023327 -0.205843042 0.815253756 -0.00156870376 -0.000264396469 0.000202884512 -2.28450301e-05 -0.0191868603 -0.0269241694 0.0177725018 
1624426389.83853221 -1.21945142 3.22590487 -0.038019121 -0.586388557 0.00395468801 0.00238388346 -0.810016751 -0.205072413 0.819030868 -0.0114623093 -0.000264396469 0.000202884512 -2.28450301e-05 -0.0191868603 -0.0269241694 0.0177725018 
1624426389.84852719 -1.22149283 3.23409212 -0.0381640257 -0.586442662 0.00406715536 0.00242863631 -0.809976891 -0.203414621 0.819239832 -0.0175331737 -0.000264396469 0.000202884512 -2.28450301e-05 -0.0191868603 -0.0269241694 0.0177725018 
1624426389.85853219 -1.22349249 3.24229068 -0.0383399055 -0.586522511 0.00423890119 0.00245175332 -0.809918122 -0.196318056 0.819654036 -0.0176252248 -0.000264396469 0.000202884512 -2.28450301e-05 -0.0191868603 -0.0269241694 0.0177725018 
1624426389.86852884 -1.22541111 3.25047278 -0.0384821496 -0.586633353 0.00434379398 0.00245426718 -0.809837278 -0.187533348 0.817313042 -0.0108331184 -0.000264396469 0.000202884512 -2.28450301e-05 -0.0191868603 -0.0269241694 0.0177725018 
1624426389.87852097 -1.22724582 3.25859227 -0.0385559247 -0.586760002 0.00448283351 0.00250908854 -0.809744594 -0.179699261 0.807865765 -0.00393353667 -0.000264396469 0.000202884512 -2.28450301e-05 -0.0191868603 -0.0269241694 0.0177725018 
1624426389.88856864 -1.22902166 3.26669855 -0.0385669753 -0.586854692 0.00450007612 0.00257249268 -0.809675677 -0.17378314 0.805697194 0.00173389553 -0.000264396469 0.000202884512 -2.28450301e-05 -0.0191868603 -0.0269241694 0.0177725018 
1624426389.89856172 -1.23724992 3.2761882 -0.0389324982 -0.586971613 0.00641078721 0.0035631603 -0.80957429 -0.210006597 0.816035845 -0.00341016288 -0.000246355847 0.000192281359 -2.22707146e-05 -0.0199109899 -0.028131063 0.0178521589 
1624426389.90871 -1.23936902 3.28449183 -0.0389754534 -0.587041197 0.00648413215 0.0036903849 -0.809522681 -0.207620761 0.820424313 -0.00505534147 -0.000246355847 0.000192281359 -2.22707146e-05 -0.0199109899 -0.028131063 0.0178521589 
1624426389.91855359 -1.24140467 3.29260169 -0.0390412426 -0.587101219 0.00651909063 0.00377248671 -0.809478492 -0.205977681 0.827320573 -0.00831157712 -0.000246355847 0.000192281359 -2.22707146e-05 -0.0199109899 -0.028131063 0.0178521589 
1624426389.92183089 -1.23781853 3.30898315 -0.0466075643 -0.593671384 0.00335325293 0.0019121247 -0.804698321 -0.196417674 0.842057523 -0.0150323511 -0.000283397187 0.00020885061 6.68186942e-05 -0.020363016 -0.0282215312 0.0180947006 
1624426389.92858744 -1.23914884 3.31466869 -0.046702173 -0.593744244 0.00351044893 0.00195807919 -0.804643782 -0.197366968 0.840914451 -0.0129726883 -0.000283397187 0.00020885061 6.68186942e-05 -0.020363016 -0.0282215312 0.0180947006 
1624426389.93853164 -1.24116648 3.32298253 -0.0467985871 -0.593908763 0.00380758015 0.00206137355 -0.804520748 -0.208425031 0.831183595 -0.0064183318 -0.000283397187 0.00020885061 6.68186942e-05 -0.020363016 -0.0282215312 0.0180947006 
1624426389.94852853 -1.24328719 3.33129743 -0.0468823447 -0.594065102 0.00422011414 0.00238695766 -0.804402354 -0.215850056 0.832313438 -0.0103384088 -0.000283397187 0.00020885061 6.68186942e-05 -0.020363016 -0.0282215312 0.0180947006 
1624426389.95852804 -1.24540957 3.33961203 -0.0469840734 -0.594236312 0.00453868746 0.0024725859 -0.804273891 -0.208645735 0.830687638 -0.0100083054 -0.000283397187 0.00020885061 6.68186942e-05 -0.020363016 -0.0282215312 0.0180947006 
1624426389.9685216 -1.24739934 3.34787509 -0.047006342 -0.594413578 0.00475818497 0.00257035042 -0.804141313 -0.189565463 0.822990574 0.00555171278 -0.000283397187 0.00020885061 6.68186942e-05 -0.020363016 -0.0282215312 0.0180947006 
1624426389.9785254 -1.24920139 3.35605893 -0.0468771393 -0.594521148 0.00471370397 0.0025331961 -0.804062167 -0.170707722 0.813154061 0.0202789821 -0.000283397187 0.00020885061 6.68186942e-05 -0.020363016 -0.0282215312 0.0180947006 
1624426389.98853469 -1.25087634 3.36417728 -0.046669602 -0.59453397 0.00442707415 0.0025443244 -0.80405428 -0.163970821 0.809009898 0.0211899719 -0.000283397187 0.00020885061 6.68186942e-05 -0.020363016 -0.0282215312 0.0180947006 
1624426389.99854875 -1.25867268 3.37464488 -0.0480301845 -0.594465609 0.00585843755 0.00308410571 -0.804093779 -0.204590301 0.824207667 0.0161166959 -0.000268762155 0.000197224052 6.73014529e-05 -0.0213361299 -0.0294187985 0.0185506569 
1624426390.00854564 -1.26073228 3.38293462 -0.0478504478 -0.594303234 0.00566091105 0.00337066356 -0.804214063 -0.207457332 0.834255411 0.0198418227 -0.000268762155 0.000197224052 6.73014529e-05 -0.0213361299 -0.0294187985 0.0185506569 
1624426390.01854014 -1.26276795 3.39136242 -0.0477749065 -0.594108355 0.00556544681 0.00358435668 -0.804357781 -0.199900748 0.852232316 -0.00472527067 -0.000268762155 0.000197224052 6.73014529e-05 -0.0213361299 -0.0294187985 0.0185506569 
1624426390.028548 -1.26472137 3.39993649 -0.0478766801 -0.593932222 0.00555121807 0.00346046278 -0.804488487 -0.190476174 0.861234987 -0.0156134653 -0.000268762155 0.000197224052 6.73014529e-05 -0.0213361299 -0.0294187985 0.0185506569 
1624426390.03853679 -1.26659839 3.40858296 -0.0479669906 -0.593827282 0.00555734022 0.00349178458 -0.804565773 -0.185349015 0.870000947 -0.00246891558 -0.000268762155 0.000197224052 6.73014529e-05 -0.0213361299 -0.0294187985 0.0185506569 
1624426390.04853988 -1.26846877 3.41730289 -0.0480101468 -0.593783909 0.00555426178 0.00341198206 -0.804598147 -0.188612237 0.873445634 -0.00615965477 -0.000268762155 0.000197224052 6.73014529e-05 -0.0213361299 -0.0294187985 0.0185506569 
1624426390.0586555 -1.27041664 3.42613421 -0.0480718219 -0.593821994 0.00571127777 0.00357624268 -0.804568226 -0.196508834 0.872630351 -0.00603436626 -0.000268762155 0.000197224052 6.73014529e-05 -0.0213361299 -0.0294187985 0.0185506569 
1624426390.06852436 -1.27234228 3.43472385 -0.0480880565 -0.593940784 0.00584466193 0.00375743833 -0.804478754 -0.193736543 0.868124255 0.00274429121 -0.000268762155 0.000197224052 6.73014529e-05 -0.0213361299 -0.0294187985 0.0185506569 
1624426390.07851887 -1.2742468 3.44340786 -0.0481240152 -0.594118847 0.00586353703 0.00406402444 -0.804345634 -0.187376754 0.869633286 -0.00993998773 -0.000268762155 0.000197224052 6.73014529e-05 -0.0213361299 -0.0294187985 0.0185506569 
1624426390.08857942 -1.27606748 3.45218486 -0.0482933204 -0.594325429 0.00585253573 0.00416845529 -0.804192549 -0.174568106 0.875201765 -0.0237172611 -0.000268762155 0.000197224052 6.73014529e-05 -0.0213361299 -0.0294187985 0.0185506569 
1624426390.0985384 -1.28475558 3.4617596 -0.0471220127 -0.594455936 0.00812665087 0.00555483057 -0.804067933 -0.207650875 0.890876153 -0.0118190503 -0.000241933489 0.000185369764 6.65716548e-05 -0.0219308126 -0.0307419015 0.0181290918 
1624426390.10853887 -1.28679753 3.47070423 -0.047246424 -0.594621548 0.00803906671 0.00551042108 -0.803946654 -0.200720398 0.897967145 -0.0130620623 -0.000241933489 0.000185369764 6.65716548e-05 -0.0219308126 -0.0307419015 0.0181290918 
1624426390.11854339 -1.28878357 3.47970206 -0.0473989369 -0.594735406 0.00797329237 0.00547610857 -0.803863319 -0.196306929 0.900784999 -0.0174267176 -0.000241933489 0.000185369764 6.65716548e-05 -0.0219308126 -0.0307419015 0.0181290918 
1624426390.12853193 -1.29074537 3.48870553 -0.0474800169 -0.594809338 0.0080392868 0.00554131198 -0.803807511 -0.196502675 0.901974055 0.00119211777 -0.000241933489 0.000185369764 6.65716548e-05 -0.0219308126 -0.0307419015 0.0181290918 
1624426390.13853121 -1.29270359 3.49772973 -0.0473773946 -0.594871575 0.00797274858 0.00575302854 -0.803760628 -0.195170768 0.902996675 0.0193338224 -0.000241933489 0.000185369764 6.65716548e-05 -0.0219308126 -0.0307419015 0.0181290918 
1624426390.14858603 -1.29463998 3.50682353 -0.0472037877 -0.594936565 0.00795306351 0.00596263738 -0.803711191 -0.189995147 0.905845492 0.0151982272 -0.000241933489 0.000185369764 6.65716548e-05 -0.0219308126 -0.0307419015 0.0181290918 
1624426390.15852475 -1.29649487 3.51583337 -0.0470676544 -0.595027006 0.0078386993 0.00609604268 -0.803644359 -0.183270324 0.907234335 0.0121963141 -0.000241933489 0.000185369764 6.65716548e-05 -0.0219308126 -0.0307419015 0.0181290918 
1624426390.16851807 -1.29832866 3.52488914 -0.0469463944 -0.595156021 0.00772479421 0.00621702163 -0.803548995 -0.183733579 0.905131292 0.0120719263 -0.000241933489 0.000185369764 6.65716548e-05 -0.0219308126 -0.0307419015 0.0181290918 
1624426390.17851949 -1.30018051 3.53396869 -0.0468523423 -0.595266469 0.00758140654 0.00636397615 -0.803467394 -0.186584401 0.910519965 0.00673581962 -0.000241933489 0.000185369764 6.65716548e-05 -0.0219308126 -0.0307419015 0.0181290918 
1624426390.18858647 -1.30207257 3.54320747 -0.046785972 -0.595351917 0.00748662736 0.00640308466 -0.803404659 -0.189308352 0.924941066 0.00644991698 -0.000241933489 0.000185369764 6.65716548e-05 -0.0219308126 -0.0307419015 0.0181290918 
1624426390.19857264 -1.31131596 3.55376148 -0.0475375806 -0.59526116 0.0109332224 0.00807946037 -0.803417288 -0.23710943 0.942777681 0.00208137976 -0.000203340899 0.00016538763 6.49784119e-05 -0.0225225648 -0.0319050592 0.018311875 
1624426390.20856428 -1.31367537 3.56319024 -0.0474740411 -0.595275915 0.0108981422 0.00805694512 -0.803407058 -0.235166785 0.944550805 0.0106371431 -0.000203340899 0.00016538763 6.49784119e-05 -0.0225225648 -0.0319050592 0.018311875 
1624426390.21854544 -1.3160172 3.57262731 -0.0473901945 -0.595249004 0.0109031891 0.00819190133 -0.803425564 -0.234083444 0.946426031 0.00616385482 -0.000203340899 0.00016538763 6.49784119e-05 -0.0225225648 -0.0319050592 0.018311875 
1624426390.22182131 -1.31156923 3.5801208 -0.0542537388 -0.602621305 0.00435459562 0.00327430444 -0.798008696 -0.212872706 0.953688758 0.000831377022 -0.000295448245 0.000192844184 0.000171049846 -0.0229108086 -0.0326234255 0.0185524916 
1624426390.22854543 -1.31300225 3.58653717 -0.0542823407 -0.602593038 0.0042705388 0.00334883771 -0.798030187 -0.213359944 0.954774702 -0.00933862281 -0.000295448245 0.000192844184 0.000171049846 -0.0229108086 -0.0326234255 0.0185524916 
1624426390.2385335 -1.3151419 3.59610411 -0.0543845012 -0.602546624 0.00429502228 0.00349846614 -0.798064458 -0.215080401 0.960899222 -0.0111178833 -0.000295448245 0.000192844184 0.000171049846 -0.0229108086 -0.0326234255 0.0185524916 
1624426390.24852872 -1.31727313 3.60577274 -0.0545044486 -0.602494831 0.00421609496 0.00355018753 -0.798103752 -0.21137032 0.97375087 -0.0128830645 -0.000295448245 0.000192844184 0.000171049846 -0.0229108086 -0.0326234255 0.0185524916 
1624426390.25853038 -1.31934215 3.61557586 -0.0547174611 -0.602464526 0.0042586576 0.00353506573 -0.79812647 -0.202363881 0.986547387 -0.0297123653 -0.000295448245 0.000192844184 0.000171049846 -0.0229108086 -0.0326234255 0.0185524916 
1624426390.26851821 -1.32134913 3.62540823 -0.0549468221 -0.602444341 0.00425543037 0.00331659345 -0.798142661 -0.199520957 0.982323216 -0.0162157291 -0.000295448245 0.000192844184 0.000171049846 -0.0229108086 -0.0326234255 0.0185524916 
1624426390.27852798 -1.32336121 3.63521627 -0.0548976095 -0.602446466 0.0043607297 0.00338349171 -0.798140208 -0.20250305 0.977371348 0.0260486514 -0.000295448245 0.000192844184 0.000171049846 -0.0229108086 -0.0326234255 0.0185524916 
1624426390.28853345 -1.32539862 3.64496542 -0.0545330118 -0.602394854 0.0042854402 0.00357907903 -0.798178717 -0.204756646 0.971390387 0.0468309964 -0.000295448245 0.000192844184 0.000171049846 -0.0229108086 -0.0326234255 0.0185524916 
1624426390.29853177 -1.33270015 3.65611706 -0.0574539625 -0.602318103 0.00594700407 0.00469283484 -0.798220216 -0.230355887 0.984826914 0.0176869452 -0.000277663702 0.000181428342 0.000170605007 -0.0235487156 -0.0336728082 0.0195459179 
1624426390.30853772 -1.33490961 3.66604143 -0.0573932941 -0.602277595 0.00568632322 0.00477270317 -0.798252207 -0.211271866 0.998865886 -0.0055604823 -0.000277663702 0.000181428342 0.000170605007 -0.0235487156 -0.0336728082 0.0195459179 
1624426390.3185482 -1.33696552 3.67613249 -0.0575969424 -0.602271394 0.00545897763 0.00471343816 -0.798258825 -0.199480144 1.01723328 -0.0351265418 -0.000277663702 0.000181428342 0.000170605007 -0.0235487156 -0.0336728082 0.0195459179 
1624426390.32853246 -1.33892443 3.68634381 -0.0580622668 -0.60225226 0.00528522003 0.00445792049 -0.798275898 -0.192920063 1.02825239 -0.0580851078 -0.000277663702 0.000181428342 0.000170605007 -0.0235487156 -0.0336728082 0.0195459179 
1624426390.33861613 -1.34090017 3.69676444 -0.0586288215 -0.602223164 0.005433554 0.00432638326 -0.798297576 -0.198948834 1.03857898 -0.0542855574 -0.000277663702 0.000181428342 0.000170605007 -0.0235487156 -0.0336728082 0.0195459179 
1624426390.34849119 -1.34284342 3.70707689 -0.0591259887 -0.602176975 0.00537673501 0.00418349565 -0.798333564 -0.194617408 1.0500055 -0.0464059311 -0.000277663702 0.000181428342 0.000170605007 -0.0235487156 -0.0336728082 0.0195459179 
1624426390.35852647 -1.34473823 3.71764213 -0.0595897137 -0.602133175 0.00540207612 0.00409236475 -0.798366902 -0.183013225 1.05561499 -0.0460130585 -0.000277663702 0.000181428342 0.000170605007 -0.0235487156 -0.0336728082 0.0195459179 
1624426390.36853647 -1.34654122 3.728242 -0.0599639592 -0.602139468 0.00535786018 0.00395177531 -0.798363161 -0.177225199 1.06223915 -0.0287612187 -0.000277663702 0.000181428342 0.000170605007 -0.0235487156 -0.0336728082 0.0195459179 
1624426390.37853098 -1.34828296 3.7388866 -0.0601748519 -0.602183382 0.00525220312 0.00378314129 -0.798331558 -0.171313749 1.06785199 -0.0134405214 -0.000277663702 0.000181428342 0.000170605007 -0.0235487156 -0.0336728082 0.0195459179 
1624426390.38854289 -1.35000747 3.749595 -0.0603510425 -0.602273047 0.00526869917 0.00380285687 -0.798263713 -0.173178249 1.07127888 -0.0217556654 -0.000277663702 0.000181428342 0.000170605007 -0.0235487156 -0.0336728082 0.0195459179 
1624426390.3985486 -1.36116739 3.75921 -0.0592766713 -0.602131994 0.00808861822 0.00657170543 -0.798328535 -0.234699291 1.06395353 -0.0149956158 -0.000231262406 0.000173828723 0.000167190749 -0.0238697646 -0.0355170816 0.0191191379 
1624426390.40858054 -1.36353459 3.76992056 -0.0594212921 -0.602287541 0.008175216 0.00669392812 -0.798209293 -0.237234228 1.07133882 -0.0138364657 -0.000231262406 0.000173828723 0.000167190749 -0.0238697646 -0.0355170816 0.0191191379 
1624426390.41854 -1.3658821 3.78063147 -0.0596605842 -0.602482057 0.00812658415 0.00676003669 -0.798062423 -0.234179659 1.07956244 -0.0342167597 -0.000231262406 0.000173828723 0.000167190749 -0.0238697646 -0.0355170816 0.0191191379 
1624426390.42855883 -1.36821792 3.79152047 -0.0600332897 -0.602677988 0.00833373255 0.00669244733 -0.797912904 -0.23210485 1.09414577 -0.0401842706 -0.000231262406 0.000173828723 0.000167190749 -0.0238697646 -0.0355170816 0.0191191379 
1624426390.43853164 -1.37052105 3.80249086 -0.0603424886 -0.602847427 0.00833245055 0.00649207699 -0.797786565 -0.22977774 1.10591484 -0.0218241109 -0.000231262406 0.000173828723 0.000167190749 -0.0238697646 -0.0355170816 0.0191191379 
1624426390.44853497 -1.3728481 3.81358608 -0.0605840205 -0.603011244 0.00841749902 0.00642583522 -0.797662393 -0.235477668 1.11239035 -0.0264662064 -0.000231262406 0.000173828723 0.000167190749 -0.0238697646 -0.0355170816 0.0191191379 
1624426390.4585402 -1.37516947 3.82476133 -0.060896314 -0.603090955 0.00845778853 0.00629357362 -0.797602756 -0.228552792 1.12149049 -0.0359598021 -0.000231262406 0.000173828723 0.000167190749 -0.0238697646 -0.0355170816 0.0191191379 
1624426390.46853209 -1.37743881 3.83605395 -0.061258516 -0.603134539 0.00857046719 0.00605762349 -0.797570424 -0.225683828 1.13886786 -0.0365394294 -0.000231262406 0.000173828723 0.000167190749 -0.0238697646 -0.0355170816 0.0191191379 
1624426390.47852206 -1.37965846 3.84745302 -0.0615430193 -0.603122592 0.00854709247 0.00570457872 -0.797582311 -0.218691074 1.14323368 -0.0204183268 -0.000231262406 0.000173828723 0.000167190749 -0.0238697646 -0.0355170816 0.0191191379 
1624426390.48856163 -1.38188926 3.85890456 -0.0616701524 -0.603086371 0.00859366015 0.00560316168 -0.797609919 -0.225710792 1.13804689 -0.00490807269 -0.000231262406 0.000173828723 0.000167190749 -0.0238697646 -0.0355170816 0.0191191379 
1624426390.49854016 -1.39142882 3.86997981 -0.0619335751 -0.60274737 0.0115744269 0.00803671779 -0.797807654 -0.275353198 1.13176242 -0.00046670787 -0.000185268658 0.000162021705 0.000163542751 -0.0241638912 -0.0367029866 0.0191432194 
1624426390.5085454 -1.39419677 3.88131594 -0.0619705945 -0.602710959 0.0115483743 0.00820565139 -0.797833818 -0.277947532 1.13427702 -0.00693330721 -0.000185268658 0.000162021705 0.000163542751 -0.0241638912 -0.0367029866 0.0191432194 
1624426390.51855445 -1.39697777 3.89268136 -0.0621376396 -0.602728792 0.0114746981 0.00828294199 -0.797820611 -0.277750027 1.13675224 -0.0264454981 -0.000185268658 0.000162021705 0.000163542751 -0.0241638912 -0.0367029866 0.0191432194 
1624426390.52852941 -1.39977061 3.90406258 -0.0624043966 -0.602764194 0.0114625507 0.00831512871 -0.797793704 -0.282219205 1.14520606 -0.0270398519 -0.000185268658 0.000162021705 0.000163542751 -0.0241638912 -0.0367029866 0.0191432194 
1624426390.53852892 -1.40262382 3.91557018 -0.0626121594 -0.602858615 0.0116120178 0.00836527794 -0.797719671 -0.288451979 1.15642694 -0.0145147142 -0.000185268658 0.000162021705 0.000163542751 -0.0241638912 -0.0367029866 0.0191432194 
1624426390.54852939 -1.40558916 3.92717272 -0.0627301743 -0.603000629 0.0118764161 0.00840848336 -0.79760798 -0.304587396 1.1639713 -0.00908716768 -0.000185268658 0.000162021705 0.000163542751 -0.0241638912 -0.0367029866 0.0191432194 
1624426390.55851841 -1.40860943 3.93882523 -0.0628254143 -0.603133965 0.0122636868 0.00850026875 -0.797500325 -0.300129603 1.16909299 -0.00998177534 -0.000185268658 0.000162021705 0.000163542751 -0.0241638912 -0.0367029866 0.0191432194 
1624426390.5685246 -1.41157073 3.95052583 -0.0629805625 -0.60325522 0.0123248589 0.00843236584 -0.797408385 -0.291765383 1.16957973 -0.0210286649 -0.000185268658 0.000162021705 0.000163542751 -0.0241638912 -0.0367029866 0.0191432194 
1624426390.57852387 -1.41440682 3.96223413 -0.0632468231 -0.60333731 0.0124018703 0.0085046206 -0.797344314 -0.275493863 1.17224897 -0.032227322 -0.000185268658 0.000162021705 0.000163542751 -0.0241638912 -0.0367029866 0.0191432194 
1624426390.5885787 -1.41714063 3.97403828 -0.0635792231 -0.603368105 0.0122261453 0.00836741183 -0.797325177 -0.26828558 1.17570803 -0.0338901759 -0.000185268658 0.000162021705 0.000163542751 -0.0241638912 -0.0367029866 0.0191432194 
1624426390.59857154 -1.4250709 3.98694044 -0.0621675664 -0.603212916 0.0151242139 0.00981956267 -0.79737633 -0.305390145 1.19389536 -0.0304606194 -0.000149800482 0.000143858194 0.000161648794 -0.0245256412 -0.0373590515 0.0185785697 
1624426390.60856366 -1.42810371 3.99892191 -0.062485725 -0.603161446 0.0150188507 0.00957568941 -0.797420222 -0.301650581 1.20428917 -0.0332212698 -0.000149800482 0.000143858194 0.000161648794 -0.0245256412 -0.0373590515 0.0185785697 
1624426390.61854005 -1.4311095 4.01096592 -0.0627081585 -0.603083077 0.015263497 0.00948022479 -0.797475989 -0.300928869 1.21021388 -0.0113707303 -0.000149800482 0.000143858194 0.000161648794 -0.0245256412 -0.0373590515 0.0185785697 
1624426390.62855387 -1.43409705 4.02306866 -0.0627515785 -0.603014112 0.0151314549 0.00927955376 -0.797533015 -0.295757941 1.20699421 0.00269870897 -0.000149800482 0.000143858194 0.000161648794 -0.0245256412 -0.0373590515 0.0185785697 
1624426390.63852859 -1.43702174 4.03507451 -0.0628107591 -0.602977765 0.0151515194 0.0094350069 -0.797558291 -0.290662037 1.20026202 -0.0145648226 -0.000149800482 0.000143858194 0.000161648794 -0.0245256412 -0.0373590515 0.0185785697 
1624426390.64852929 -1.43989415 4.0470845 -0.0629507037 -0.602976432 0.0150274709 0.00945110265 -0.797561455 -0.283779112 1.20156561 -0.0134221251 -0.000149800482 0.000143858194 0.000161648794 -0.0245256412 -0.0373590515 0.0185785697 
1624426390.658535 -1.44270474 4.05915378 -0.063008718 -0.603029494 0.0149397276 0.00952631625 -0.797522089 -0.278017899 1.21091134 0.00182589975 -0.000149800482 0.000143858194 0.000161648794 -0.0245256412 -0.0373590515 0.0185785697 
1624426390.66852832 -1.44544642 4.07131595 -0.0630350087 -0.603100935 0.0147776474 0.00932456791 -0.797473471 -0.270685933 1.22315063 -0.00708755575 -0.000149800482 0.000143858194 0.000161648794 -0.0245256412 -0.0373590515 0.0185785697 
1624426390.67851925 -1.44813502 4.08359797 -0.0631546321 -0.603191936 0.0147680901 0.00908955336 -0.797407532 -0.267522103 1.23548341 -0.016858847 -0.000149800482 0.000143858194 0.000161648794 -0.0245256412 -0.0373590515 0.0185785697 
1624426390.68856645 -1.45086046 4.09601631 -0.0633650837 -0.603273352 0.014796737 0.0087098319 -0.797349646 -0.275005396 1.23651663 -0.0250337556 -0.000149800482 0.000143858194 0.000161648794 -0.0245256412 -0.0373590515 0.0185785697 
1624426390.69855785 -1.45918197 4.10753612 -0.0630276296 -0.603147674 0.0175651011 0.011422324 -0.797354301 -0.317387126 1.22199655 -0.0403269538 -0.000102400218 0.000137625366 0.000158961009 -0.0246136249 -0.0379668513 0.0183288716 
1624426390.70855975 -1.4623477 4.11977448 -0.0635842421 -0.603233609 0.0176376865 0.0115623813 -0.797285668 -0.315639482 1.22521121 -0.070974415 -0.000102400218 0.000137625366 0.000158961009 -0.0246136249 -0.0379668513 0.0183288716 
1624426390.71854377 -1.46550667 4.13208843 -0.0642368542 -0.603387842 0.0180427525 0.0116926741 -0.797157985 -0.317165833 1.24152123 -0.0597569622 -0.000102400218 0.000137625366 0.000158961009 -0.0246136249 -0.0379668513 0.0183288716 
1624426390.72855496 -1.46873291 4.14452082 -0.0645115019 -0.603655703 0.0184389762 0.011586592 -0.796947644 -0.327360866 1.24217639 0.00488883921 -0.000102400218 0.000137625366 0.000158961009 -0.0246136249 -0.0379668513 0.0183288716 
1624426390.7385366 -1.47195131 4.15684223 -0.0642318839 -0.603978372 0.0186681154 0.0117474297 -0.796695441 -0.317502467 1.22664067 0.0511376723 -0.000102400218 0.000137625366 0.000158961009 -0.0246136249 -0.0379668513 0.0183288716 
1624426390.74853826 -1.47503336 4.16903268 -0.0637751759 -0.604306932 0.0185677549 0.0117299675 -0.796448855 -0.29880651 1.21104423 0.0401887752 -0.000102400218 0.000137625366 0.000158961009 -0.0246136249 -0.0379668513 0.0183288716 
1624426390.75853944 -1.47795067 4.18105056 -0.0634390755 -0.604622688 0.0183208479 0.0117052791 -0.796215259 -0.284586802 1.19224655 0.027023352 -0.000102400218 0.000137625366 0.000158961009 -0.0246136249 -0.0379668513 0.0183288716 
1624426390.76864362 -1.48079791 4.19305973 -0.0631796141 -0.604912404 0.0179760898 0.0118824492 -0.796000409 -0.278989758 1.18482374 0.0243338937 -0.000102400218 0.000137625366 0.000158961009 -0.0246136249 -0.0379668513 0.0183288716 
1624426390.77852798 -1.48354721 4.20481998 -0.0630608011 -0.605146656 0.0176161193 0.0122233332 -0.795825224 -0.277302158 1.19474436 -0.000293275826 -0.000102400218 0.000137625366 0.000158961009 -0.0246136249 -0.0379668513 0.0183288716 
1624426390.78853774 -1.48633238 4.21691923 -0.0631153077 -0.605361123 0.0176544585 0.0123903119 -0.795658665 -0.279188846 1.22274461 -0.0105974164 -0.000102400218 0.000137625366 0.000158961009 -0.0246136249 -0.0379668513 0.0183288716 
1624426390.79853725 -1.49459323 4.23252176 -0.0636598848 -0.605566092 0.0224467944 0.0128835115 -0.795374041 -0.313482549 1.26467759 0.00576163602 -6.17834264e-05 9.43195772e-05 0.000158700885 -0.0250015064 -0.0383425709 0.0183760051 
1624426390.80855536 -1.49765739 4.24516632 -0.0635982419 -0.605875348 0.0225841038 0.0127130948 -0.795137346 -0.298241211 1.25966333 0.00654463984 -6.17834264e-05 9.43195772e-05 0.000158700885 -0.0250015064 -0.0383425709 0.0183760051 
1624426390.818542 -1.50055548 4.25769048 -0.0634901159 -0.606200311 0.0227088748 0.0125524453 -0.794888625 -0.282153845 1.2485185 0.0151094983 -6.17834264e-05 9.43195772e-05 0.000158700885 -0.0250015064 -0.0383425709 0.0183760051 
1624426390.8285346 -1.50335067 4.27006848 -0.0631948614 -0.606606409 0.0226413672 0.0125092199 -0.79458137 -0.277297684 1.22891617 0.0439851271 -6.17834264e-05 9.43195772e-05 0.000158700885 -0.0250015064 -0.0383425709 0.0183760051 
1624426390.83853197 -1.50610977 4.28229724 -0.0626994907 -0.607015558 0.0225071345 0.0127214177 -0.794269291 -0.274666714 1.21747847 0.0551150969 -6.17834264e-05 9.43195772e-05 0.000158700885 -0.0250015064 -0.0383425709 0.0183760051 
1624426390.84852314 -1.50889089 4.29446827 -0.06218971 -0.607444275 0.0223289691 0.012939121 -0.793942976 -0.282048893 1.21887922 0.0469311665 -6.17834264e-05 9.43195772e-05 0.000158700885 -0.0250015064 -0.0383425709 0.0183760051 
1624426390.85852909 -1.51179155 4.3066709 -0.0617615809 -0.607953371 0.0225123058 0.0133241706 -0.793541657 -0.297738045 1.22019648 0.0386437309 -6.17834264e-05 9.43195772e-05 0.000158700885 -0.0250015064 -0.0383425709 0.0183760051 
1624426390.86855841 -1.51480536 4.3189635 -0.0614347147 -0.608505681 0.0227222361 0.0137789795 -0.793104455 -0.303262378 1.2311358 0.0265384289 -6.17834264e-05 9.43195772e-05 0.000158700885 -0.0250015064 -0.0383425709 0.0183760051 
1624426390.87852788 -1.51774433 4.33129024 -0.061221358 -0.609086233 0.0231058558 0.0139679136 -0.792644294 -0.286332924 1.24176222 0.016263565 -6.17834264e-05 9.43195772e-05 0.000158700885 -0.0250015064 -0.0383425709 0.0183760051 
1624426390.88853979 -1.5205784 4.34367027 -0.0609446515 -0.609723869 0.0232911674 0.0137798545 -0.792151779 -0.279805177 1.23129746 0.0390119006 -6.17834264e-05 9.43195772e-05 0.000158700885 -0.0250015064 -0.0383425709 0.0183760051 
1624426390.89857888 -1.52737258 4.35772034 -0.0658161352 -0.610335254 0.0265941491 0.0146726065 -0.791560702 -0.305844006 1.21699792 0.0320442589 -2.73125921e-05 6.56574966e-05 0.000159508444 -0.0251670127 -0.0385785136 0.0198777148 
1624426390.90860271 -1.53048736 4.3698621 -0.0655116077 -0.610817918 0.0264230298 0.0147156707 -0.79119324 -0.315630277 1.20558107 0.0287164413 -2.73125921e-05 6.56574966e-05 0.000159508444 -0.0251670127 -0.0385785136 0.0198777148 
1624426390.91854501 -1.53361766 4.38182992 -0.0652731147 -0.61121183 0.0262619115 0.0149544493 -0.790889863 -0.314063762 1.20187621 0.0192590084 -2.73125921e-05 6.56574966e-05 0.000159508444 -0.0251670127 -0.0385785136 0.0198777148 
1624426390.92854571 -1.53672689 4.39387663 -0.0651461335 -0.611511365 0.0261961512 0.0151249865 -0.790657225 -0.30773847 1.20729622 0.00613543131 -2.73125921e-05 6.56574966e-05 0.000159508444 -0.0251670127 -0.0385785136 0.0198777148 
1624426390.93860555 -1.53972035 4.40610217 -0.0651755697 -0.611698745 0.0261437998 0.0153158186 -0.790510325 -0.287391359 1.22326793 -0.011987664 -2.73125921e-05 6.56574966e-05 0.000159508444 -0.0251670127 -0.0385785136 0.0198777148 
1624426390.94853592 -1.54253779 4.41829272 -0.0653562266 -0.611839641 0.0258695843 0.0148282237 -0.790419599 -0.280047583 1.23193801 -0.0243970454 -2.73125921e-05 6.56574966e-05 0.000159508444 -0.0251670127 -0.0385785136 0.0198777148 
1624426390.95853043 -1.54539591 4.43061355 -0.0655213186 -0.611968908 0.0257888618 0.0144949755 -0.790328341 -0.291891319 1.2335821 -0.00863950698 -2.73125921e-05 6.56574966e-05 0.000159508444 -0.0251670127 -0.0385785136 0.0198777148 
1624426390.9685359 -1.54837167 4.44290813 -0.0655355474 -0.612047421 0.0256592402 0.0142444746 -0.790276314 -0.302934917 1.22398825 0.00579530457 -2.73125921e-05 6.56574966e-05 0.000159508444 -0.0251670127 -0.0385785136 0.0198777148 
1624426390.97853112 -1.55144065 4.45505268 -0.0655100283 -0.612086613 0.0257310584 0.0143074088 -0.790242487 -0.311154595 1.20608235 -0.000689041249 -2.73125921e-05 6.56574966e-05 0.000159508444 -0.0251670127 -0.0385785136 0.0198777148 
1624426390.98855019 -1.55457137 4.46704021 -0.0654805751 -0.612118468 0.0256011934 0.014434471 -0.79021972 -0.313798218 1.18686295 0.00656847718 -2.73125921e-05 6.56574966e-05 0.000159508444 -0.0251670127 -0.0385785136 0.0198777148 
1624426390.99853396 -1.55841279 4.483886 -0.0683712465 -0.612334075 0.0282711555 0.0121843752 -0.789999534 -0.328654052 1.21207833 -0.00133619088 -3.29211986e-05 1.55532416e-05 0.000160955431 -0.0254390217 -0.038561874 0.0207280089 
1624426391.00854445 -1.56171185 4.49601347 -0.06843731 -0.612465008 0.0279948632 0.0124797365 -0.789903258 -0.330467305 1.21087775 -0.0118626866 -3.29211986e-05 1.55532416e-05 0.000160955431 -0.0254390217 -0.038561874 0.0207280089 
1624426391.01854658 -1.56503752 4.50815413 -0.0685642862 -0.61262295 0.0278818379 0.0126299037 -0.789782381 -0.334523429 1.21673597 -0.0135271231 -3.29211986e-05 1.55532416e-05 0.000160955431 -0.0254390217 -0.038561874 0.0207280089 
1624426391.02854252 -1.56841614 4.5203617 -0.0687199177 -0.612795493 0.0278088333 0.0127084976 -0.789649825 -0.341477017 1.22576862 -0.017611839 -3.29211986e-05 1.55532416e-05 0.000160955431 -0.0254390217 -0.038561874 0.0207280089 
1624426391.03853655 -1.57185369 4.53270163 -0.0690485142 -0.61290279 0.027976899 0.0126496273 -0.789561556 -0.346442684 1.24369266 -0.0481467062 -3.29211986e-05 1.55532416e-05 0.000160955431 -0.0254390217 -0.038561874 0.0207280089 
1624426391.04855418 -1.57530659 4.54521937 -0.0695765962 -0.612945993 0.0282760867 0.012247709 -0.789523696 -0.342921234 1.25544754 -0.0572837959 -3.29211986e-05 1.55532416e-05 0.000160955431 -0.0254390217 -0.038561874 0.0207280089 
1624426391.05852008 -1.57870875 4.55765019 -0.0700303574 -0.612991691 0.028616788 0.0118992905 -0.789481268 -0.339838868 1.23922426 -0.0337789823 -3.29211986e-05 1.55532416e-05 0.000160955431 -0.0254390217 -0.038561874 0.0207280089 
1624426391.06851625 -1.58204824 4.56993086 -0.0702826279 -0.612959951 0.0286450275 0.0118633309 -0.789505429 -0.328316219 1.21784912 -0.0166944183 -3.29211986e-05 1.55532416e-05 0.000160955431 -0.0254390217 -0.038561874 0.0207280089 
1624426391.07851601 -1.58533572 4.58203267 -0.0704257497 -0.612877472 0.0284941157 0.0118470223 -0.789575163 -0.329194622 1.2025746 -0.0119306537 -3.29211986e-05 1.55532416e-05 0.000160955431 -0.0254390217 -0.038561874 0.0207280089 
1624426391.08861995 -1.58869821 4.59410763 -0.0705480924 -0.612810193 0.0281614547 0.0120259201 -0.789636611 -0.336386377 1.1875731 -0.0122861875 -3.29211986e-05 1.55532416e-05 0.000160955431 -0.0254390217 -0.038561874 0.0207280089 
1624426391.09854627 -1.59044265 4.60955019 -0.0729035086 -0.612809597 0.0288236059 0.00951154468 -0.789647471 -0.332728671 1.22761549 -0.0389350076 -5.7369239e-05 -1.52073588e-05 0.000161005209 -0.0255922752 -0.0384639321 0.0213944808 
1624426391.10854983 -1.5936719 4.62194963 -0.0733699067 -0.612766178 0.0289110552 0.00941881828 -0.789679079 -0.312890188 1.2513876 -0.0543113458 -5.7369239e-05 -1.52073588e-05 0.000161005209 -0.0255922752 -0.0384639321 0.0213944808 
1624426391.11854768 -1.596709 4.63444131 -0.0738723532 -0.612777453 0.028878242 0.00878216908 -0.789678867 -0.29466134 1.24748792 -0.0461996174 -5.7369239e-05 -1.52073588e-05 0.000161005209 -0.0255922752 -0.0384639321 0.0213944808 
1624426391.1285336 -1.59956108 4.64678323 -0.0743142349 -0.612801771 0.0286736885 0.00844490451 -0.789671129 -0.276558117 1.2243749 -0.0423013053 -5.7369239e-05 -1.52073588e-05 0.000161005209 -0.0255922752 -0.0384639321 0.0213944808 
1624426391.13853192 -1.60238662 4.65895261 -0.0746807542 -0.612809166 0.0285611022 0.00811963443 -0.789672882 -0.288645213 1.20990946 -0.0310148603 -5.7369239e-05 -1.52073588e-05 0.000161005209 -0.0255922752 -0.0384639321 0.0213944808 
1624426391.14852643 -1.60530167 4.67096812 -0.074871659 -0.612834158 0.0283457404 0.00820549659 -0.789660359 -0.294685758 1.19451397 -0.00718708411 -5.7369239e-05 -1.52073588e-05 0.000161005209 -0.0255922752 -0.0384639321 0.0213944808 
1624426391.15852499 -1.60825754 4.68291297 -0.0750016194 -0.612870185 0.0281817347 0.00838660605 -0.789636366 -0.29657273 1.19480062 -0.0188087396 -5.7369239e-05 -1.52073588e-05 0.000161005209 -0.0255922752 -0.0384639321 0.0213944808 
1624426391.16852784 -1.61122628 4.69491865 -0.0752141813 -0.612921281 0.0282756713 0.00860950256 -0.789590949 -0.29700685 1.20564921 -0.0236915207 -5.7369239e-05 -1.52073588e-05 0.000161005209 -0.0255922752 -0.0384639321 0.0213944808 
1624426391.17852068 -1.61419136 4.70701561 -0.0754048158 -0.613085653 0.0282220582 0.00858081587 -0.789465558 -0.296432804 1.21547825 -0.0144627002 -5.7369239e-05 -1.52073588e-05 0.000161005209 -0.0255922752 -0.0384639321 0.0213944808 
1624426391.18853688 -1.61716685 4.71916525 -0.0756522814 -0.613314624 0.0282934619 0.00865558569 -0.789284317 -0.29770322 1.21051857 -0.0349503534 -5.7369239e-05 -1.52073588e-05 0.000161005209 -0.0255922752 -0.0384639321 0.0213944808 
1624426391.19858742 -1.61923413 4.7247199 -0.0763622378 -0.613465764 0.0247128463 0.0120812587 -0.789242089 -0.291938311 1.16258664 -0.0384603932 -4.83013947e-05 5.45767735e-05 0.000160734219 -0.0253559172 -0.0384715676 0.0215358859 
1624426391.20854378 -1.62211306 4.73630381 -0.0767040495 -0.61367299 0.0247639564 0.012114462 -0.78907886 -0.286371582 1.16434876 -0.0302015852 -4.83013947e-05 5.45767735e-05 0.000160734219 -0.0253559172 -0.0384715676 0.0215358859 
1624426391.21855235 -1.62501367 4.74791107 -0.0770566467 -0.613852282 0.0247023086 0.012109597 -0.788941398 -0.293252675 1.15511553 -0.0402574402 -4.83013947e-05 5.45767735e-05 0.000160734219 -0.0253559172 -0.0384715676 0.0215358859 
1624426391.22855234 -1.62796855 4.75944891 -0.0774789342 -0.613951963 0.0246795582 0.0121580243 -0.788863796 -0.297725373 1.15245365 -0.0442001403 -4.83013947e-05 5.45767735e-05 0.000160734219 -0.0253559172 -0.0384715676 0.0215358859 
1624426391.2385335 -1.63094967 4.77097704 -0.0778946702 -0.613988763 0.0246606906 0.0123158169 -0.788833297 -0.299624403 1.1575271 -0.0391040393 -4.83013947e-05 5.45767735e-05 0.000160734219 -0.0253559172 -0.0384715676 0.0215358859 
1624426391.24852896 -1.63394297 4.78255551 -0.0783251314 -0.614018214 0.024601433 0.012400719 -0.788810893 -0.299306074 1.15921689 -0.0470273139 -4.83013947e-05 5.45767735e-05 0.000160734219 -0.0253559172 -0.0384715676 0.0215358859 
1624426391.25852585 -1.63695545 4.7941422 -0.0788448198 -0.613983851 0.0245430143 0.0122639202 -0.788841598 -0.303378309 1.15884331 -0.0569426801 -4.83013947e-05 5.45767735e-05 0.000160734219 -0.0253559172 -0.0384715676 0.0215358859 
1624426391.26851797 -1.6400554 4.80566983 -0.0793924886 -0.613948321 0.0246774832 0.0122179358 -0.78886577 -0.31709989 1.14850039 -0.0526774263 -4.83013947e-05 5.45767735e-05 0.000160734219 -0.0253559172 -0.0384715676 0.0215358859 
1624426391.27852225 -1.64331158 4.81707572 -0.0799400921 -0.613933244 0.024801121 0.0124110759 -0.788870612 -0.333858567 1.1316999 -0.0567964085 -4.83013947e-05 5.45767735e-05 0.000160734219 -0.0253559172 -0.0384715676 0.0215358859 
1624426391.28852844 -1.64663854 4.82826736 -0.0804799232 -0.613926526 0.0249771234 0.0126862433 -0.78886591 -0.331121199 1.10524452 -0.0511030325 -4.83013947e-05 5.45767735e-05 0.000160734219 -0.0253559172 -0.0384715676 0.0215358859 
1624426391.29856467 -1.64660678 4.84185773 -0.0789546843 -0.613873884 0.0241710439 0.00987250792 -0.788972211 -0.294527751 1.11914818 -0.00672957013 -9.14012512e-05 3.71102622e-05 0.000158904285 -0.025397358 -0.0383676125 0.0210114627 
1624426391.3086257 -1.64950627 4.85315573 -0.0788734607 -0.613867408 0.023925626 0.0100436786 -0.788982569 -0.281852529 1.12674688 0.0228757424 -9.14012512e-05 3.71102622e-05 0.000158904285 -0.025397358 -0.0383676125 0.0210114627 
1624426391.31855798 -1.65232396 4.86440204 -0.078684892 -0.613896685 0.0239025799 0.0101275528 -0.788959416 -0.285526257 1.13785022 0.0150951421 -9.14012512e-05 3.71102622e-05 0.000158904285 -0.025397358 -0.0383676125 0.0210114627 
1624426391.32855177 -1.6551873 4.87578975 -0.0786258088 -0.613895687 0.0238213417 0.00990099293 -0.788965525 -0.287497417 1.14110653 -0.00327116061 -9.14012512e-05 3.71102622e-05 0.000158904285 -0.025397358 -0.0383676125 0.0210114627 
1624426391.33853149 -1.65805906 4.88716341 -0.0787527111 -0.613877629 0.0239488339 0.00988671006 -0.788975895 -0.288021787 1.13824836 -0.0221608614 -9.14012512e-05 3.71102622e-05 0.000158904285 -0.025397358 -0.0383676125 0.0210114627 
1624426391.34854603 -1.6608965 4.8984723 -0.0790653733 -0.613827398 0.0239533105 0.00986528629 -0.789015108 -0.278644141 1.1202456 -0.0402808295 -9.14012512e-05 3.71102622e-05 0.000158904285 -0.025397358 -0.0383676125 0.0210114627 
1624426391.35852957 -1.66363446 4.90960933 -0.0794721625 -0.613749411 0.0240830398 0.0100636053 -0.78906932 -0.269848957 1.11083387 -0.0412111426 -9.14012512e-05 3.71102622e-05 0.000158904285 -0.025397358 -0.0383676125 0.0210114627 
1624426391.36853671 -1.66625305 4.92071391 -0.0797956489 -0.613682975 0.0238587139 0.0100451868 -0.789128039 -0.253496883 1.10849603 -0.023439948 -9.14012512e-05 3.71102622e-05 0.000158904285 -0.025397358 -0.0383676125 0.0210114627 
1624426391.37853551 -1.66872792 4.93183091 -0.0799724455 -0.613659414 0.023740311 0.0100827295 -0.789149453 -0.241536228 1.11517135 -0.0119236332 -9.14012512e-05 3.71102622e-05 0.000158904285 -0.025397358 -0.0383676125 0.0210114627 
1624426391.3885603 -1.67119671 4.94303511 -0.0800241605 -0.613670562 0.0236307653 0.00977733328 -0.789147915 -0.251000433 1.12012837 0.00160621565 -9.14012512e-05 3.71102622e-05 0.000158904285 -0.025397358 -0.0383676125 0.0210114627 
1624426391.39853859 -1.67618926 4.95417897 -0.0825881417 -0.613725206 0.0253021398 0.0111141776 -0.789035898 -0.27093868 1.11813581 -0.0178699109 -6.3103869e-05 3.04731985e-05 0.000159995914 -0.0254312456 -0.0384264208 0.0217804409 
1624426391.40854335 -1.67887431 4.9653231 -0.0828823445 -0.613768568 0.0253651247 0.0109360584 -0.789002635 -0.265816252 1.10962838 -0.0409426645 -6.3103869e-05 3.04731985e-05 0.000159995914 -0.0254312456 -0.0384264208 0.0217804409 
1624426391.4185431 -1.68149979 4.9763857 -0.0833545352 -0.613852676 0.0255013996 0.0110619751 -0.788931051 -0.259293066 1.10294705 -0.0534978229 -6.3103869e-05 3.04731985e-05 0.000159995914 -0.0254312456 -0.0384264208 0.0217804409 
1624426391.42853689 -1.68405606 4.98739545 -0.0839216382 -0.613976296 0.0254790835 0.0108731455 -0.788838196 -0.252278828 1.10037048 -0.0599932316 -6.3103869e-05 3.04731985e-05 0.000159995914 -0.0254312456 -0.0384264208 0.0217804409 
1624426391.43853474 -1.68658322 4.99840009 -0.0844957438 -0.614100222 0.0255839328 0.0108698376 -0.788738377 -0.253262318 1.10103223 -0.0548526351 -6.3103869e-05 3.04731985e-05 0.000159995914 -0.0254312456 -0.0384264208 0.0217804409 
1624426391.44853425 -1.68912293 5.00942135 -0.0849935223 -0.614231405 0.0256494709 0.0105970886 -0.788637805 -0.254704498 1.10332733 -0.0447079111 -6.3103869e-05 3.04731985e-05 0.000159995914 -0.0254312456 -0.0384264208 0.0217804409 
1624426391.45853376 -1.69172293 5.02040628 -0.0854016177 -0.61438447 0.025816346 0.0105240859 -0.788514098 -0.265320174 1.09376483 -0.0369151412 -6.3103869e-05 3.04731985e-05 0.000159995914 -0.0254312456 -0.0384264208 0.0217804409 
1624426391.46852851 -1.69441808 5.03123489 -0.0858137931 -0.61453324 0.0259230331 0.0107869897 -0.788391105 -0.273992327 1.07309624 -0.0455632767 -6.3103869e-05 3.04731985e-05 0.000159995914 -0.0254312456 -0.0384264208 0.0217804409 
1624426391.47851896 -1.6971782 5.04185764 -0.0862881796 -0.614654596 0.0259965271 0.0109810961 -0.788291395 -0.278559764 1.05348424 -0.0494046789 -6.3103869e-05 3.04731985e-05 0.000159995914 -0.0254312456 -0.0384264208 0.0217804409 
1624426391.4885509 -1.69995117 5.0524231 -0.0866286663 -0.614719488 0.026074016 0.0113869105 -0.788232475 -0.27426823 1.05288008 -0.0184758535 -6.3103869e-05 3.04731985e-05 0.000159995914 -0.0254312456 -0.0384264208 0.0217804409 
1624426391.49853826 -1.70188419 5.06282728 -0.0876458967 -0.614754929 0.0252698126 0.011050687 -0.788235813 -0.272497958 1.05201675 -0.00664452877 -7.11966352e-05 3.44263477e-05 0.000159062969 -0.0254413784 -0.0384045952 0.0220904349 
1624426391.50854588 -1.70461831 5.07338794 -0.0878152462 -0.614765735 0.0252035425 0.0110790494 -0.788229108 -0.273911037 1.05850593 -0.0271995932 -7.11966352e-05 3.44263477e-05 0.000159062969 -0.0254413784 -0.0384045952 0.0220904349 
1624426391.51854229 -1.70736028 5.0839933 -0.0881887592 -0.614709785 0.0252486141 0.0108374307 -0.788274659 -0.274678549 1.06332717 -0.0475297972 -7.11966352e-05 3.44263477e-05 0.000159062969 -0.0254413784 -0.0384045952 0.0220904349 
1624426391.52853847 -1.71013289 5.09459505 -0.0887730622 -0.614639249 0.0254636376 0.0108059708 -0.788323175 -0.28005603 1.05783492 -0.0693755152 -7.11966352e-05 3.44263477e-05 0.000159062969 -0.0254413784 -0.0384045952 0.0220904349 
1624426391.53848886 -1.71294111 5.1050236 -0.0895422294 -0.614531291 0.02573079 0.0107056164 -0.788400031 -0.28438675 1.03827142 -0.0852247473 -7.11966352e-05 3.44263477e-05 0.000159062969 -0.0254413784 -0.0384045952 0.0220904349 
1624426391.54852796 -1.71581379 5.11537752 -0.0904019316 -0.614440496 0.0259296444 0.0108474938 -0.78846234 -0.28791313 1.02444955 -0.0860461803 -7.11966352e-05 3.44263477e-05 0.000159062969 -0.0254413784 -0.0384045952 0.0220904349 
1624426391.55852079 -1.71861054 5.12564346 -0.0911840332 -0.614348397 0.0261665298 0.0109364646 -0.788525049 -0.271837412 1.03021038 -0.070486244 -7.11966352e-05 3.44263477e-05 0.000159062969 -0.0254413784 -0.0384045952 0.0220904349 
1624426391.56855893 -1.7212052 5.13606943 -0.0918764348 -0.61428979 0.0261777902 0.0107673248 -0.788572661 -0.24512384 1.0470607 -0.067467959 -7.11966352e-05 3.44263477e-05 0.000159062969 -0.0254413784 -0.0384045952 0.0220904349 
1624426391.57852411 -1.72355819 5.14650748 -0.092528617 -0.614255338 0.0261525616 0.0101766465 -0.788608178 -0.227117944 1.04784434 -0.0634242302 -7.11966352e-05 3.44263477e-05 0.000159062969 -0.0254413784 -0.0384045952 0.0220904349 
1624426391.58856535 -1.72584984 5.15699924 -0.0930790899 -0.614221998 0.026155395 0.0097127955 -0.788639901 -0.229329198 1.04188918 -0.0462182121 -7.11966352e-05 3.44263477e-05 0.000159062969 -0.0254413784 -0.0384045952 0.0220904349 
1624426391.59855914 -1.72993323 5.16448377 -0.0921157081 -0.614253333 0.0258844183 0.0118787912 -0.788594784 -0.243395504 0.993272908 -0.023630255 -4.38996877e-05 6.00892493e-05 0.000161429439 -0.0253578822 -0.0384601116 0.0215988832 
1624426391.60856891 -1.73235314 5.17434736 -0.0923154953 -0.614216403 0.0259702519 0.0118988016 -0.788620425 -0.240113433 0.977520363 -0.0162882009 -4.38996877e-05 6.00892493e-05 0.000161429439 -0.0253578822 -0.0384601116 0.0215988832 
1624426391.61853504 -1.73462862 5.18405135 -0.0925360073 -0.614193934 0.0257766027 0.0119825255 -0.78864301 -0.216529629 0.969873013 -0.0279640535 -4.38996877e-05 6.00892493e-05 0.000161429439 -0.0253578822 -0.0384601116 0.0215988832 
1624426391.62854552 -1.7367458 5.19379195 -0.0929011531 -0.61425924 0.0256802791 0.0119801487 -0.788595324 -0.206463915 0.976205894 -0.0449886618 -4.38996877e-05 6.00892493e-05 0.000161429439 -0.0253578822 -0.0384601116 0.0215988832 
1624426391.63852882 -1.73876798 5.20356065 -0.0933146527 -0.614371956 0.025493179 0.0116174671 -0.788519012 -0.198646695 0.980802698 -0.037849577 -4.38996877e-05 6.00892493e-05 0.000161429439 -0.0253578822 -0.0384601116 0.0215988832 
1624426391.64852214 -1.74078512 5.21332963 -0.0937147862 -0.614536793 0.0254031981 0.0112502021 -0.788398783 -0.205052449 0.974301011 -0.0422306537 -4.38996877e-05 6.00892493e-05 0.000161429439 -0.0253578822 -0.0384601116 0.0215988832 
1624426391.65853238 -1.7428233 5.22304438 -0.0941363238 -0.614658645 0.0254246217 0.0109795222 -0.788306913 -0.202165855 0.966660625 -0.041990619 -4.38996877e-05 6.00892493e-05 0.000161429439 -0.0253578822 -0.0384601116 0.0215988832 
1624426391.66851568 -1.74487406 5.23263395 -0.0944957795 -0.614817634 0.0254372746 0.0107491329 -0.788185688 -0.208673002 0.954460631 -0.0300207635 -4.38996877e-05 6.00892493e-05 0.000161429439 -0.0253578822 -0.0384601116 0.0215988832 
1624426391.67853427 -1.74697158 5.2421306 -0.0947857566 -0.614965054 0.0253625524 0.0107844328 -0.788072598 -0.210052017 0.941346351 -0.0278670518 -4.38996877e-05 6.00892493e-05 0.000161429439 -0.0253578822 -0.0384601116 0.0215988832 
1624426391.6885469 -1.74910039 5.25148425 -0.0951015804 -0.615129312 0.0254248026 0.0108485579 -0.787941507 -0.215173517 0.927024064 -0.0352180655 -4.38996877e-05 6.00892493e-05 0.000161429439 -0.0253578822 -0.0384601116 0.0215988832 
1624426391.69857407 -1.7526551 5.26144913 -0.0946608275 -0.615446639 0.0266308868 0.0110972234 -0.787650355 -0.228524935 0.927897682 -0.0298249382 -3.06771756e-05 4.75985956e-05 0.000163411818 -0.0253593902 -0.0384878855 0.0213203645 
1624426391.70855808 -1.75489625 5.27068812 -0.0949127098 -0.615658302 0.0266811767 0.0110638365 -0.78748369 -0.220423783 0.922858712 -0.0206321691 -3.06771756e-05 4.75985956e-05 0.000163411818 -0.0253593902 -0.0384878855 0.0213203645 
1624426391.71855283 -1.75710312 5.27986876 -0.095169242 -0.615898909 0.0266626462 0.011148368 -0.787294958 -0.221180817 0.914233535 -0.0307012607 -3.06771756e-05 4.75985956e-05 0.000163411818 -0.0253593902 -0.0384878855 0.0213203645 
1624426391.72855568 -1.75931939 5.28899057 -0.0954660319 -0.61611052 0.0266625875 0.0111191964 -0.787129784 -0.221946983 0.909609128 -0.0286397915 -3.06771756e-05 4.75985956e-05 0.000163411818 -0.0253593902 -0.0384878855 0.0213203645 
1624426391.73853517 -1.76154633 5.29804539 -0.0957533742 -0.616330867 0.0265142729 0.0111186196 -0.786962281 -0.224357881 0.905076661 -0.0289467983 -3.06771756e-05 4.75985956e-05 0.000163411818 -0.0253593902 -0.0384878855 0.0213203645 
1624426391.74853826 -1.76380377 5.30707609 -0.0960711911 -0.616523635 0.0265486011 0.0112422244 -0.786808358 -0.226990874 0.900506859 -0.0345969398 -3.06771756e-05 4.75985956e-05 0.000163411818 -0.0253593902 -0.0384878855 0.0213203645 
1624426391.75853181 -1.76610549 5.31604467 -0.0964147119 -0.616693474 0.0266033029 0.0114350514 -0.786670619 -0.233650103 0.894366073 -0.0341515464 -3.06771756e-05 4.75985956e-05 0.000163411818 -0.0253593902 -0.0384878855 0.0213203645 
1624426391.76853395 -1.76843355 5.32498896 -0.0967543533 -0.616884696 0.0267165747 0.0117636167 -0.786511992 -0.231862033 0.894109015 -0.0337622322 -3.06771756e-05 4.75985956e-05 0.000163411818 -0.0253593902 -0.0384878855 0.0213203645 
1624426391.77852798 -1.77067564 5.3339465 -0.0970563812 -0.61708435 0.0267899393 0.0118081964 -0.786352193 -0.216822774 0.89847045 -0.0266794194 -3.06771756e-05 4.75985956e-05 0.000163411818 -0.0253593902 -0.0384878855 0.0213203645 
1624426391.78853965 -1.77278636 5.34300675 -0.0973592767 -0.617325584 0.0268494025 0.0117819318 -0.786161192 -0.204829026 0.911465366 -0.0338290577 -3.06771756e-05 4.75985956e-05 0.000163411818 -0.0253593902 -0.0384878855 0.0213203645 
1624426391.79854393 -1.77586373 5.35127147 -0.0969849111 -0.617622582 0.0271116896 0.0123731405 -0.785909796 -0.202185817 0.897839262 -0.0256290034 -1.61079007e-05 5.36351031e-05 0.000164520274 -0.0253308105 -0.038513444 0.0210599311 
1624426391.80856419 -1.7779094 5.36024106 -0.0971580523 -0.617857676 0.0271407014 0.0123293758 -0.785724672 -0.206121121 0.892453405 -0.00892923566 -1.61079007e-05 5.36351031e-05 0.000164520274 -0.0253308105 -0.038513444 0.0210599311 
1624426391.81853461 -1.77995298 5.36906217 -0.0972358561 -0.618073161 0.0270259903 0.012194622 -0.785561236 -0.203806936 0.877000288 -0.00667768748 -1.61079007e-05 5.36351031e-05 0.000164520274 -0.0253308105 -0.038513444 0.0210599311 
1624426391.82854319 -1.78196328 5.37778782 -0.0973082372 -0.618307389 0.02699573 0.0123613898 -0.785375324 -0.197908094 0.866635844 -0.00778612577 -1.61079007e-05 5.36351031e-05 0.000164520274 -0.0253308105 -0.038513444 0.0210599311 
1624426391.83853221 -1.78387564 5.38643899 -0.0973584115 -0.618563184 0.0268970029 0.0124790773 -0.785175402 -0.184985401 0.865499582 -0.00225975808 -1.61079007e-05 5.36351031e-05 0.000164520274 -0.0253308105 -0.038513444 0.0210599311 
1624426391.84852767 -1.78569053 5.39512752 -0.0974286861 -0.618900056 0.0267730424 0.012570109 -0.784912682 -0.178158111 0.872995456 -0.0118015484 -1.61079007e-05 5.36351031e-05 0.000164520274 -0.0253308105 -0.038513444 0.0210599311 
1624426391.85853338 -1.78742862 5.4038875 -0.0975896454 -0.619309807 0.0267874284 0.0124766262 -0.784590422 -0.169260225 0.877999612 -0.0203719388 -1.61079007e-05 5.36351031e-05 0.000164520274 -0.0253308105 -0.038513444 0.0210599311 
1624426391.86853647 -1.7891074 5.4126362 -0.0977925691 -0.619806891 0.0267628319 0.0122384474 -0.78420239 -0.166391661 0.871200904 -0.0202002598 -1.61079007e-05 5.36351031e-05 0.000164520274 -0.0253308105 -0.038513444 0.0210599311 
1624426391.87852669 -1.79070729 5.42130361 -0.0979750445 -0.620316184 0.0268185668 0.012195186 -0.783798363 -0.153899654 0.863978267 -0.0163305734 -1.61079007e-05 5.36351031e-05 0.000164520274 -0.0253308105 -0.038513444 0.0210599311 
1624426391.88862157 -1.79220748 5.42998854 -0.0981510693 -0.620859065 0.0266188677 0.0120686323 -0.78337718 -0.143318527 0.856681235 -0.0185434965 -1.61079007e-05 5.36351031e-05 0.000164520274 -0.0253308105 -0.038513444 0.0210599311 
1624426391.89853573 -1.79759112 5.43737858 -0.0986956447 -0.621575846 0.0283455194 0.0147838153 -0.782701372 -0.158395621 0.842012629 -0.0179259902 3.49290618e-05 5.43026145e-05 0.000169576565 -0.0253240044 -0.0385985258 0.021115634 
1624426391.90854883 -1.79918372 5.4458418 -0.0988425217 -0.622108425 0.0280622463 0.0146859892 -0.782290189 -0.159708158 0.848417017 -0.0114109762 3.49290618e-05 5.43026145e-05 0.000169576565 -0.0253240044 -0.0385985258 0.021115634 
1624426391.91853619 -1.80078421 5.45434988 -0.098916757 -0.622645706 0.0279317724 0.0146033888 -0.781868839 -0.160794804 0.855353007 -0.00345486782 3.49290618e-05 5.43026145e-05 0.000169576565 -0.0253240044 -0.0385985258 0.021115634 
1624426391.92852831 -1.80242191 5.46292598 -0.0989514566 -0.623192791 0.0279870212 0.0144392355 -0.781433926 -0.167003307 0.861219831 -0.0034905404 3.49290618e-05 5.43026145e-05 0.000169576565 -0.0253240044 -0.0385985258 0.021115634 
1624426391.93852854 -1.80407684 5.47150391 -0.0989997857 -0.623754754 0.0280533883 0.0143125346 -0.780985381 -0.163975655 0.854326011 -0.00617505806 3.49290618e-05 5.43026145e-05 0.000169576565 -0.0253240044 -0.0385985258 0.021115634 
1624426391.94852686 -1.80570443 5.48000796 -0.0991096989 -0.624349403 0.0280885378 0.0142492706 -0.780509972 -0.161595808 0.846769982 -0.0158112584 3.49290618e-05 5.43026145e-05 0.000169576565 -0.0253240044 -0.0385985258 0.021115634 
1624426391.95851612 -1.80730275 5.48840007 -0.0992903918 -0.624962554 0.0279846408 0.0141720731 -0.780024242 -0.158411026 0.833457604 -0.0203661753 3.49290618e-05 5.43026145e-05 0.000169576565 -0.0253240044 -0.0385985258 0.021115634 
1624426391.96851373 -1.80894499 5.49672957 -0.0994839859 -0.625582049 0.0279056291 0.0142077368 -0.779529676 -0.170115738 0.832839867 -0.0183619065 3.49290618e-05 5.43026145e-05 0.000169576565 -0.0253240044 -0.0385985258 0.021115634 
1624426391.97851777 -1.81066088 5.50506185 -0.0996046382 -0.626195683 0.027870961 0.0142124797 -0.779037985 -0.172925188 0.83294416 -0.00575881027 3.49290618e-05 5.43026145e-05 0.000169576565 -0.0253240044 -0.0385985258 0.021115634 
1624426391.98854661 -1.8124441 5.51340367 -0.0996155395 -0.626816092 0.0279397778 0.0142618079 -0.778535521 -0.18269165 0.83062224 0.00358482306 3.49290618e-05 5.43026145e-05 0.000169576565 -0.0253240044 -0.0385985258 0.021115634 
1624426391.9985404 -1.81399337 5.52104253 -0.101690953 -0.627408725 0.0275519321 0.0146509558 -0.778064607 -0.182855642 0.81914528 -0.0104536891 3.46971737e-05 6.32472356e-05 0.00016957898 -0.0253490303 -0.0386002519 0.0218437523 
1624426392.00855756 -1.81585684 5.52917448 -0.101858794 -0.628005723 0.0275739564 0.0147411076 -0.777580342 -0.189199779 0.804459766 -0.0230572007 3.46971737e-05 6.32472356e-05 0.00016957898 -0.0253490303 -0.0386002519 0.0218437523 
1624426392.0185349 -1.81775983 5.53715189 -0.102105979 -0.628574774 0.0276570308 0.0150210233 -0.777112097 -0.192262679 0.794645507 -0.0264919571 3.46971737e-05 6.32472356e-05 0.00016957898 -0.0253490303 -0.0386002519 0.0218437523 
1624426392.02854252 -1.81969944 5.5451365 -0.102413594 -0.629123698 0.0276368002 0.0152275514 -0.776664472 -0.195364563 0.801060779 -0.0349842551 3.46971737e-05 6.32472356e-05 0.00016957898 -0.0253490303 -0.0386002519 0.0218437523 
1624426392.0385406 -1.82162181 5.55318149 -0.102796698 -0.629671443 0.0277635806 0.0153210985 -0.776214095 -0.189182271 0.808244816 -0.0416511021 3.46971737e-05 6.32472356e-05 0.00016957898 -0.0253490303 -0.0386002519 0.0218437523 
1624426392.04853678 -1.82351 5.5612462 -0.103107393 -0.630226452 0.0278744694 0.0151343092 -0.775763228 -0.1886003 0.805315429 -0.020511674 3.46971737e-05 6.32472356e-05 0.00016957898 -0.0253490303 -0.0386002519 0.0218437523 
1624426392.05853057 -1.82537927 5.56926095 -0.103237343 -0.630753124 0.0279284776 0.0150715121 -0.775334345 -0.185486048 0.798630948 -0.00549449102 3.46971737e-05 6.32472356e-05 0.00016957898 -0.0253490303 -0.0386002519 0.0218437523 
1624426392.068537 -1.82723039 5.57719317 -0.103334039 -0.631237245 0.0279023327 0.0148853127 -0.77494479 -0.184500097 0.786793128 -0.0138323492 3.46971737e-05 6.32472356e-05 0.00016957898 -0.0253490303 -0.0386002519 0.0218437523 
1624426392.07852292 -1.82906584 5.5849848 -0.103452488 -0.631682245 0.0279192681 0.014915387 -0.774580911 -0.183108466 0.773729954 -0.00989077984 3.46971737e-05 6.32472356e-05 0.00016957898 -0.0253490303 -0.0386002519 0.0218437523 
1624426392.08857036 -1.83089617 5.59274548 -0.103550892 -0.632091545 0.0278311885 0.0150272864 -0.774247948 -0.181228774 0.771077033 -0.00969712458 3.46971737e-05 6.32472356e-05 0.00016957898 -0.0253490303 -0.0386002519 0.0218437523 
1624426392.09853983 -1.83097082 5.60095928 -0.104550127 -0.632500984 0.0269870926 0.014085217 -0.773961116 -0.166757707 0.776059849 -0.0346643688 1.27018454e-05 6.23253451e-05 0.0001684867 -0.0253795192 -0.0385656697 0.022160232 
1624426392.10855603 -1.83265463 5.608739 -0.104938803 -0.632986438 0.0270604252 0.0141356124 -0.773560655 -0.169459388 0.777368628 -0.0429451527 1.27018454e-05 6.23253451e-05 0.0001684867 -0.0253795192 -0.0385656697 0.022160232 
1624426392.11854434 -1.83436418 5.6165026 -0.105331201 -0.633520588 0.0270975694 0.0142203158 -0.773120411 -0.172849879 0.777167656 -0.0356263203 1.27018454e-05 6.23253451e-05 0.0001684867 -0.0253795192 -0.0385656697 0.022160232 
1624426392.12855315 -1.83608277 5.62427109 -0.105693715 -0.634097433 0.0272312762 0.0143242292 -0.772640744 -0.170565762 0.775162336 -0.0368127636 1.27018454e-05 6.23253451e-05 0.0001684867 -0.0253795192 -0.0385656697 0.022160232 
1624426392.13853955 -1.83777007 5.63200079 -0.106021584 -0.634704027 0.0272534734 0.014294918 -0.77214228 -0.167354476 0.772883084 -0.0288501902 1.27018454e-05 6.23253451e-05 0.0001684867 -0.0253795192 -0.0385656697 0.022160232 
1624426392.14853072 -1.83942995 5.63969345 -0.106235239 -0.63532656 0.027309645 0.0144111977 -0.771625986 -0.164914713 0.767009781 -0.0139185268 1.27018454e-05 6.23253451e-05 0.0001684867 -0.0253795192 -0.0385656697 0.022160232 
1624426392.15852523 -1.84106154 5.64733832 -0.106385097 -0.635924661 0.0272004737 0.0144431911 -0.771136404 -0.161582547 0.76280313 -0.0160695678 1.27018454e-05 6.23253451e-05 0.0001684867 -0.0253795192 -0.0385656697 0.022160232 
1624426392.16853905 -1.84267732 5.65496368 -0.106584194 -0.636469112 0.0271444538 0.0145227861 -0.770687574 -0.161127824 0.760164721 -0.0236949326 1.27018454e-05 6.23253451e-05 0.0001684867 -0.0253795192 -0.0385656697 0.022160232 
1624426392.17849159 -1.84429309 5.66253463 -0.106829989 -0.636948648 0.0270069172 0.014506433 -0.770296442 -0.163566927 0.761245233 -0.0256985746 1.27018454e-05 6.23253451e-05 0.0001684867 -0.0253795192 -0.0385656697 0.022160232 
1624426392.1885519 -1.84594429 5.67021778 -0.107096126 -0.637374307 0.0269736608 0.0145083073 -0.769945403 -0.164693635 0.766174118 -0.0272095779 1.27018454e-05 6.23253451e-05 0.0001684867 -0.0253795192 -0.0385656697 0.022160232 
1624426392.1985395 -1.84615603 5.67787528 -0.106585042 -0.637808143 0.0261061501 0.0136099526 -0.769632387 -0.160837625 0.769399104 -0.0188311788 -6.05713121e-06 6.66887303e-05 0.000168787145 -0.0253734923 -0.0385304166 0.021911569 
1624426392.20856404 -1.84782936 5.68558094 -0.106735408 -0.638174147 0.0262218036 0.0135019291 -0.769326896 -0.173009147 0.767959847 -0.0111684312 -6.05713121e-06 6.66887303e-05 0.000168787145 -0.0253734923 -0.0385304166 0.021911569 
1624426392.21853948 -1.84959448 5.69320445 -0.106867179 -0.638497794 0.0263188179 0.0134185224 -0.769056454 -0.180883833 0.760496119 -0.0152506921 -6.05713121e-06 6.66887303e-05 0.000168787145 -0.0253734923 -0.0385304166 0.021911569 
1624426392.22853374 -1.85144968 5.70075965 -0.107051021 -0.638792147 0.0263858617 0.0133895096 -0.768810185 -0.190368472 0.751410778 -0.0215387172 -6.05713121e-06 6.66887303e-05 0.000168787145 -0.0253734923 -0.0385304166 0.021911569 
1624426392.23853087 -1.85338784 5.70823083 -0.107265757 -0.639049176 0.0263738506 0.0134342297 -0.768596183 -0.197375664 0.743254936 -0.0214209456 -6.05713121e-06 6.66887303e-05 0.000168787145 -0.0253734923 -0.0385304166 0.021911569 
1624426392.2485106 -1.85540667 5.71564141 -0.107509603 -0.639272596 0.0263379141 0.0134727473 -0.768410924 -0.207210347 0.741872478 -0.0274473539 -6.05713121e-06 6.66887303e-05 0.000168787145 -0.0253734923 -0.0385304166 0.021911569 
1624426392.25853634 -1.85753323 5.72310637 -0.107816844 -0.639459764 0.0263659616 0.0135244157 -0.768253303 -0.217010028 0.747285371 -0.0338430966 -6.05713121e-06 6.66887303e-05 0.000168787145 -0.0253734923 -0.0385304166 0.021911569 
1624426392.26853132 -1.85974786 5.7305973 -0.108135731 -0.639600064 0.0264822904 0.0134601397 -0.768133628 -0.22613729 0.751653439 -0.029966135 -6.05713121e-06 6.66887303e-05 0.000168787145 -0.0253734923 -0.0385304166 0.021911569 
1624426392.27851701 -1.86203319 5.73810881 -0.10843545 -0.639687302 0.0266365504 0.0134433644 -0.76805594 -0.231583513 0.752802067 -0.0300637687 -6.05713121e-06 6.66887303e-05 0.000168787145 -0.0253734923 -0.0385304166 0.021911569 
1624426392.28853297 -1.86436419 5.74562433 -0.108747337 -0.639749228 0.0267743461 0.0133491069 -0.768001212 -0.233873313 0.747906445 -0.0322141721 -6.05713121e-06 6.66887303e-05 0.000168787145 -0.0253734923 -0.0385304166 0.021911569 
1624426392.29855061 -1.85917371 5.75171552 -0.107942913 -0.639814541 0.0215784846 0.0103320032 -0.768156867 -0.179520437 0.734530871 -0.0258924407 -9.84381668e-05 0.000105935872 0.000167079582 -0.0253671771 -0.0383516798 0.0216414099 
1624426392.30855107 -1.86094403 5.75905925 -0.108248023 -0.639816479 0.0215806231 0.0103076907 -0.768155519 -0.17452684 0.734147432 -0.0351265499 -9.84381668e-05 0.000105935872 0.000167079582 -0.0253671771 -0.0383516798 0.0216414099 
1624426392.31853867 -1.86267277 5.76641921 -0.108635027 -0.639799104 0.0216141627 0.0102402651 -0.76816995 -0.171649785 0.739672216 -0.0423705651 -9.84381668e-05 0.000105935872 0.000167079582 -0.0253671771 -0.0383516798 0.0216414099 
1624426392.32853985 -1.86439374 5.7738518 -0.109045382 -0.639778661 0.0216724342 0.0101153014 -0.76818699 -0.17250365 0.746670093 -0.0396907345 -9.84381668e-05 0.000105935872 0.000167079582 -0.0253671771 -0.0383516798 0.0216414099 
1624426392.33853102 -1.86612056 5.78132537 -0.109400417 -0.639791839 0.0218391648 0.009955972 -0.768173374 -0.173166895 0.749365784 -0.0313789075 -9.84381668e-05 0.000105935872 0.000167079582 -0.0253671771 -0.0383516798 0.0216414099 
1624426392.34853029 -1.86782926 5.78879234 -0.109659267 -0.639819133 0.0220043621 0.00984980534 -0.768147294 -0.168597414 0.744137127 -0.0203948252 -9.84381668e-05 0.000105935872 0.000167079582 -0.0253671771 -0.0383516798 0.0216414099 
1624426392.35853457 -1.86948996 5.79615568 -0.109805283 -0.63987644 0.0221012415 0.00978113584 -0.768097654 -0.163399587 0.727899778 -0.00879597792 -9.84381668e-05 0.000105935872 0.000167079582 -0.0253671771 -0.0383516798 0.0216414099 
1624426392.36852646 -1.87111722 5.80335208 -0.109847429 -0.639958999 0.0220485754 0.00985527888 -0.768029435 -0.162317547 0.712549091 0.000359958236 -9.84381668e-05 0.000105935872 0.000167079582 -0.0253671771 -0.0383516798 0.0216414099 
1624426392.37853575 -1.8727636 5.81042499 -0.109858001 -0.640068761 0.021920556 0.0100997681 -0.767938452 -0.166652906 0.700720231 -0.00247234003 -9.84381668e-05 0.000105935872 0.000167079582 -0.0253671771 -0.0383516798 0.0216414099 
1624426392.38856101 -1.87445332 5.81748126 -0.109944154 -0.640207173 0.021833099 0.0104680615 -0.767820624 -0.17043933 0.706977491 -0.0147147947 -9.84381668e-05 0.000105935872 0.000167079582 -0.0253671771 -0.0383516798 0.0216414099 
1624426392.39853525 -1.8734241 5.82667411 -0.110169017 -0.640565619 0.0212667478 0.00803285166 -0.767566861 -0.154050393 0.739575702 -0.0190313461 -0.000139795796 8.71949858e-05 0.000169546942 -0.0254297954 -0.0382999903 0.0217433161 
1624426392.40856695 -1.87495607 5.834209 -0.110418656 -0.640723513 0.0214328824 0.0080358964 -0.767430411 -0.151375893 0.762641112 -0.0307388595 -0.000139795796 8.71949858e-05 0.000169546942 -0.0254297954 -0.0382999903 0.0217433161 
1624426392.41877556 -1.87648171 5.84204675 -0.110814954 -0.64087396 0.0217229505 0.00772306019 -0.767299834 -0.147516889 0.772876297 -0.0469010157 -0.000139795796 8.71949858e-05 0.000169546942 -0.0254297954 -0.0382999903 0.0217433161 
1624426392.4285419 -1.87793176 5.84954747 -0.111264049 -0.641014907 0.0219704802 0.00736605657 -0.76717855 -0.14943085 0.763159933 -0.0450668954 -0.000139795796 8.71949858e-05 0.000169546942 -0.0254297954 -0.0382999903 0.0217433161 
1624426392.43853235 -1.87943235 5.85707213 -0.111617018 -0.641088873 0.022183376 0.00716375618 -0.767112531 -0.150974295 0.743210158 -0.0255944555 -0.000139795796 8.71949858e-05 0.000169546942 -0.0254297954 -0.0382999903 0.0217433161 
1624426392.44853997 -1.88094626 5.8643886 -0.111787877 -0.641080583 0.0222075889 0.00718245437 -0.767118583 -0.151577228 0.718968076 -0.00855117546 -0.000139795796 8.71949858e-05 0.000169546942 -0.0254297954 -0.0382999903 0.0217433161 
1624426392.45853782 -1.88245482 5.87150264 -0.111766773 -0.64100943 0.02207227 0.00738922699 -0.767179982 -0.150200356 0.704147816 0.0127728971 -0.000139795796 8.71949858e-05 0.000169546942 -0.0254297954 -0.0382999903 0.0217433161 
1624426392.46859217 -1.88397844 5.87862136 -0.111561714 -0.640905668 0.021833198 0.00764768059 -0.767270975 -0.152876719 0.711899361 0.028017171 -0.000139795796 8.71949858e-05 0.000169546942 -0.0254297954 -0.0382999903 0.0217433161 
1624426392.47853279 -1.88551349 5.88579134 -0.111325563 -0.640837979 0.0216520767 0.00788430822 -0.767330248 -0.155966036 0.730662727 0.0194951076 -0.000139795796 8.71949858e-05 0.000169546942 -0.0254297954 -0.0382999903 0.0217433161 
1624426392.48866749 -1.88714013 5.89330205 -0.11126009 -0.64082355 0.0217059248 0.0079074637 -0.767340539 -0.165039015 0.75151396 -0.00657451221 -0.000139795796 8.71949858e-05 0.000169546942 -0.0254297954 -0.0382999903 0.0217433161 
1624426392.49857116 -1.88644196 5.89988181 -0.112333838 -0.640991156 0.0200672196 0.00731348078 -0.76725104 -0.155735062 0.757620954 -0.0282734181 -0.000167580206 0.00010576862 0.000172122321 -0.0254250463 -0.0382354014 0.0221358635 
1624426392.50900817 -1.8880569 5.90782432 -0.112689755 -0.64102675 0.0203202692 0.00726498518 -0.767215102 -0.153729564 0.764367835 -0.0399293717 -0.000167580206 0.00010576862 0.000172122321 -0.0254250463 -0.0382354014 0.0221358635 
1624426392.51855254 -1.88949189 5.91512821 -0.113089209 -0.641053901 0.0204548116 0.00736043013 -0.76718793 -0.146968171 0.766145421 -0.0437752885 -0.000167580206 0.00010576862 0.000172122321 -0.0254250463 -0.0382354014 0.0221358635 
1624426392.52853465 -1.89089386 5.92279137 -0.11347963 -0.641091668 0.0203824809 0.00740540699 -0.767157863 -0.133929201 0.76923427 -0.0344489377 -0.000167580206 0.00010576862 0.000172122321 -0.0254250463 -0.0382354014 0.0221358635 
1624426392.53853774 -1.89219438 5.93053584 -0.113740098 -0.641098858 0.0201851059 0.00745244846 -0.767156618 -0.12609397 0.779180658 -0.0176284146 -0.000167580206 0.00010576862 0.000172122321 -0.0254250463 -0.0382354014 0.0221358635 
1624426392.54852724 -1.89343318 5.93840004 -0.113885173 -0.641071275 0.0199381173 0.00736088324 -0.76718701 -0.121926517 0.795312499 -0.0114171588 -0.000167580206 0.00010576862 0.000172122321 -0.0254250463 -0.0382354014 0.0221358635 
1624426392.55852556 -1.89464102 5.94641402 -0.114031077 -0.640994652 0.0197751832 0.0071559138 -0.767257187 -0.119682387 0.807752767 -0.0177685729 -0.000167580206 0.00010576862 0.000172122321 -0.0254250463 -0.0382354014 0.0221358635 
1624426392.56853247 -1.8957796 5.95451428 -0.114246231 -0.640894184 0.0197138877 0.00702424757 -0.767343905 -0.107875272 0.81118028 -0.0252326098 -0.000167580206 0.00010576862 0.000172122321 -0.0254250463 -0.0382354014 0.0221358635 
1624426392.57851815 -1.89679188 5.96262247 -0.114552236 -0.64079085 0.0195390459 0.00688437686 -0.767435937 -0.0948724711 0.812783061 -0.0360559381 -0.000167580206 0.00010576862 0.000172122321 -0.0254250463 -0.0382354014 0.0221358635 
1624426392.58852768 -1.89771633 5.97077729 -0.11493607 -0.640742449 0.0193874934 0.00676672346 -0.767481238 -0.0898409431 0.816628185 -0.0406378753 -0.000167580206 0.00010576862 0.000172122321 -0.0254250463 -0.0382354014 0.0221358635 
1624426392.59854627 -1.90280161 5.97776204 -0.113315512 -0.639966101 0.0210343655 0.0094631131 -0.768056895 -0.126725446 0.817700107 -0.0194717614 -0.000110235148 0.00011233982 0.000158647453 -0.0253963275 -0.0383361257 0.0212964242 
1624426392.60855675 -1.90411395 5.98601865 -0.113462349 -0.640024798 0.0210602338 0.00946675634 -0.768007229 -0.135467198 0.831891847 -0.00986499057 -0.000110235148 0.00011233982 0.000158647453 -0.0253963275 -0.0383361257 0.0212964242 
1624426392.61854553 -1.90548351 5.99438488 -0.113569203 -0.640155886 0.0211166414 0.00944517824 -0.767896684 -0.138751283 0.843234043 -0.0115298223 -0.000110235148 0.00011233982 0.000158647453 -0.0253963275 -0.0383361257 0.0212964242 
1624426392.62853956 -1.90688515 6.00283364 -0.113695607 -0.640374353 0.0212374594 0.00947431526 -0.767710815 -0.141745958 0.847526704 -0.0137659516 -0.000110235148 0.00011233982 0.000158647453 -0.0253963275 -0.0383361257 0.0212964242 
1624426392.63853121 -1.90831361 6.01128713 -0.113856004 -0.640635136 0.0213080797 0.00956528587 -0.767490126 -0.144184019 0.844585502 -0.0183403988 -0.000110235148 0.00011233982 0.000158647453 -0.0253963275 -0.0383361257 0.0212964242 
1624426392.64852595 -1.90979313 6.01973836 -0.11409586 -0.640922439 0.021304819 0.0097676906 -0.767247759 -0.151876594 0.846548197 -0.0296558811 -0.000110235148 0.00011233982 0.000158647453 -0.0253963275 -0.0383361257 0.0212964242 
1624426392.658535 -1.91129687 6.02828688 -0.114378095 -0.641165594 0.0213452389 0.00983740242 -0.767042559 -0.14859906 0.861611471 -0.0267401636 -0.000110235148 0.00011233982 0.000158647453 -0.0253963275 -0.0383361257 0.0212964242 
1624426392.66855168 -1.91275385 6.03704482 -0.114584646 -0.641361637 0.0213461525 0.00971221583 -0.766880216 -0.142310419 0.887058394 -0.0145012494 -0.000110235148 0.00011233982 0.000158647453 -0.0253963275 -0.0383361257 0.0212964242 
1624426392.67851663 -1.91417521 6.04597569 -0.114765687 -0.641493857 0.0214188495 0.00934839897 -0.766772112 -0.142963061 0.905400614 -0.0218342506 -0.000110235148 0.00011233982 0.000158647453 -0.0253963275 -0.0383361257 0.0212964242 
1624426392.68854666 -1.9156288 6.05501598 -0.114991028 -0.641517069 0.0213883891 0.00895278582 -0.766758263 -0.146883662 0.89724385 -0.023099092 -0.000110235148 0.00011233982 0.000158647453 -0.0253963275 -0.0383361257 0.0212964242 
1624426392.69854307 -1.91760811 6.06083985 -0.114738968 -0.641158731 0.0201194724 0.01098813 -0.767065805 -0.157862411 0.859592478 0.00244312609 -9.59522984e-05 0.000153016322 0.000154554519 -0.0253341552 -0.0383421461 0.0211594836 
1624426392.70856833 -1.91923601 6.06936822 -0.114617519 -0.640973811 0.019828962 0.0111906111 -0.767224971 -0.166895678 0.841782898 0.021785387 -9.59522984e-05 0.000153016322 0.000154554519 -0.0253341552 -0.0383421461 0.0211594836 
1624426392.71853685 -1.92093558 6.07774814 -0.11439143 -0.640791365 0.019590855 0.0116138225 -0.767377185 -0.174091465 0.839493384 0.0235751701 -9.59522984e-05 0.000153016322 0.000154554519 -0.0253341552 -0.0383421461 0.0211594836 
1624426392.72853947 -1.9226658 6.08623247 -0.11418994 -0.640629641 0.0193345562 0.0119577943 -0.76751342 -0.171863991 0.856929948 0.0167123258 -9.59522984e-05 0.000153016322 0.000154554519 -0.0253341552 -0.0383421461 0.0211594836 
1624426392.73853636 -1.92438958 6.09491318 -0.11409354 -0.640541067 0.0192312612 0.0120927829 -0.767587822 -0.172999038 0.87975181 0.00257366386 -9.59522984e-05 0.000153016322 0.000154554519 -0.0253341552 -0.0383421461 0.0211594836 
1624426392.74854136 -1.92614169 6.1037996 -0.114165763 -0.640534208 0.0192620456 0.0120019827 -0.767594199 -0.177247931 0.896644922 -0.0170109543 -9.59522984e-05 0.000153016322 0.000154554519 -0.0253341552 -0.0383421461 0.0211594836 
1624426392.75853848 -1.92791008 6.11279048 -0.114342522 -0.640559785 0.0193199026 0.0118223961 -0.767574188 -0.176531107 0.902047894 -0.018350962 -9.59522984e-05 0.000153016322 0.000154554519 -0.0253341552 -0.0383421461 0.0211594836 
1624426392.76852012 -1.92966082 6.12179953 -0.114476879 -0.640570103 0.0194501475 0.0117381306 -0.767563581 -0.174261703 0.903076195 -0.00857005775 -9.59522984e-05 0.000153016322 0.000154554519 -0.0253341552 -0.0383421461 0.0211594836 
1624426392.77853036 -1.93138372 6.13085318 -0.114567305 -0.640587317 0.0194014701 0.0117466434 -0.767550317 -0.1699652 0.905801473 -0.00949649913 -9.59522984e-05 0.000153016322 0.000154554519 -0.0253341552 -0.0383421461 0.0211594836 
1624426392.78858542 -1.9330761 6.13998038 -0.114665379 -0.640604475 0.0194332512 0.0117938419 -0.767534469 -0.166656032 0.909641915 -0.010010928 -9.59522984e-05 0.000153016322 0.000154554519 -0.0253341552 -0.0383421461 0.0211594836 
1624426392.79854178 -1.93520891 6.15245188 -0.11502386 -0.64073027 0.0214169765 0.00993370769 -0.767402994 -0.166995502 0.942517624 0.0024048302 -9.78658215e-05 0.00010503906 0.000156284609 -0.0253959353 -0.0383534089 0.0212479838 
1624426392.80854702 -1.93688179 6.16195476 -0.11496631 -0.640745244 0.0215043589 0.00997954262 -0.767387454 -0.167405611 0.957063817 0.00909918825 -9.78658215e-05 0.00010503906 0.000156284609 -0.0253959353 -0.0383534089 0.0212479838 
1624426392.81854773 -1.93860268 6.17155507 -0.114903217 -0.640819911 0.0216500824 0.00984946174 -0.767322685 -0.176748179 0.96286192 0.00351861729 -9.78658215e-05 0.00010503906 0.000156284609 -0.0253959353 -0.0383534089 0.0212479838 
1624426392.82854009 -1.94038145 6.18119528 -0.114879088 -0.640893185 0.0219101995 0.00996030902 -0.76725267 -0.179277913 0.966654569 0.00131084297 -9.78658215e-05 0.00010503906 0.000156284609 -0.0253959353 -0.0383534089 0.0212479838 
1624426392.83853364 -1.9421423 6.19086763 -0.114943583 -0.641015093 0.0220023608 0.0100298616 -0.76714728 -0.173118199 0.969063677 -0.0142182814 -9.78658215e-05 0.00010503906 0.000156284609 -0.0253959353 -0.0383534089 0.0212479838 
1624426392.84852457 -1.94384028 6.20055056 -0.115191567 -0.641172567 0.0219851888 0.0101160968 -0.767015029 -0.166788017 0.969280081 -0.0354234527 -9.78658215e-05 0.00010503906 0.000156284609 -0.0253959353 -0.0383534089 0.0212479838 
1624426392.85853815 -1.94551821 6.2102823 -0.115533828 -0.641344834 0.0219556831 0.0100892086 -0.766872193 -0.168341679 0.974428108 -0.0329359608 -9.78658215e-05 0.00010503906 0.000156284609 -0.0253959353 -0.0383534089 0.0212479838 
1624426392.86853218 -1.94722118 6.22006691 -0.115766307 -0.641501915 0.0219706126 0.0101957413 -0.766738959 -0.172456397 0.983662157 -0.0135874926 -9.78658215e-05 0.00010503906 0.000156284609 -0.0253959353 -0.0383534089 0.0212479838 
1624426392.87851429 -1.94896837 6.22993996 -0.1158852 -0.641644774 0.0220810993 0.010291 -0.766614965 -0.177606826 0.994487033 -0.0102337529 -9.78658215e-05 0.00010503906 0.000156284609 -0.0253959353 -0.0383534089 0.0212479838 
1624426392.88855982 -1.95074381 6.23996551 -0.115987981 -0.641764736 0.0221974367 0.0103179145 -0.76651082 -0.175871709 1.00153574 -0.0102293412 -9.78658215e-05 0.00010503906 0.000156284609 -0.0253959353 -0.0383534089 0.0212479838 
1624426392.89855075 -1.95261751 6.24967314 -0.11704094 -0.641821413 0.0222562906 0.0106399996 -0.766457254 -0.176069474 1.00914102 -0.0245253361 -9.45790233e-05 0.000108603618 0.000155476482 -0.0253694123 -0.0383512405 0.0216024143 
1624426392.90857339 -1.95438049 6.25975756 -0.117309751 -0.641919421 0.0221667418 0.0105916323 -0.766378438 -0.175729495 1.00318644 -0.0291155246 -9.45790233e-05 0.000108603618 0.000155476482 -0.0253694123 -0.0383512405 0.0216024143 
1624426392.91853881 -1.95616027 6.26971554 -0.117495107 -0.641984963 0.0221821687 0.0106860452 -0.766321777 -0.181460688 0.9953199 -0.00808418894 -9.45790233e-05 0.000108603618 0.000155476482 -0.0253694123 -0.0383512405 0.0216024143 
1624426392.92853808 -1.95801972 6.27959907 -0.117466766 -0.642036761 0.0219463471 0.0109961783 -0.766280783 -0.190456438 0.98152985 0.0137528108 -9.45790233e-05 0.000108603618 0.000155476482 -0.0253694123 -0.0383512405 0.0216024143 
1624426392.93853426 -1.96003482 6.28942654 -0.11739838 -0.642101419 0.021929435 0.0116733973 -0.766217071 -0.212718698 0.984716266 -7.03275295e-05 -9.45790233e-05 0.000108603618 0.000155476482 -0.0253694123 -0.0383512405 0.0216024143 
1624426392.94852352 -1.96225778 6.29925764 -0.117547847 -0.642205533 0.0218796488 0.0122377681 -0.766122426 -0.232351031 0.983616376 -0.0298552293 -9.45790233e-05 0.000108603618 0.000155476482 -0.0253694123 -0.0383512405 0.0216024143 
1624426392.95853209 -1.96458161 6.30919711 -0.117938154 -0.64233092 0.0222454067 0.0132629678 -0.765989702 -0.232016132 1.00257631 -0.0481394265 -9.45790233e-05 0.000108603618 0.000155476482 -0.0253694123 -0.0383512405 0.0216024143 
1624426392.96852803 -1.96680194 6.31938477 -0.118325425 -0.642492944 0.0226620978 0.0135893345 -0.765835867 -0.21223191 1.03578378 -0.0293462833 -9.45790233e-05 0.000108603618 0.000155476482 -0.0253694123 -0.0383512405 0.0216024143 
1624426392.9785161 -1.96881121 6.3298152 -0.118475279 -0.64272366 0.0226422986 0.0134440195 -0.765645402 -0.190100305 1.05279298 -0.000660222319 -9.45790233e-05 0.000108603618 0.000155476482 -0.0253694123 -0.0383512405 0.0216024143 
1624426392.98853087 -1.97064378 6.34039094 -0.118438309 -0.642902734 0.0226521743 0.0130963078 -0.765500778 -0.175873706 1.05923554 0.00804336247 -9.45790233e-05 0.000108603618 0.000155476482 -0.0253694123 -0.0383512405 0.0216024143 
1624426392.99854231 -1.97368496 6.35443448 -0.120659586 -0.642813523 0.0251039629 0.011311095 -0.765527677 -0.181070277 1.08356463 -0.00567960756 -8.37050298e-05 5.34696633e-05 0.000152242049 -0.0253813615 -0.0383673492 0.0224200001 
1624426393.00859714 -1.97547619 6.365339 -0.120749549 -0.642794609 0.0251315899 0.0112694889 -0.765543266 -0.175221797 1.0854463 -0.0122148249 -8.37050298e-05 5.34696633e-05 0.000152242049 -0.0253813615 -0.0383673492 0.0224200001 
1624426393.01853824 -1.97727672 6.37613409 -0.120911372 -0.642783707 0.0249689549 0.0112957255 -0.765557355 -0.187019096 1.08636442 -0.0203415065 -8.37050298e-05 5.34696633e-05 0.000152242049 -0.0253813615 -0.0383673492 0.0224200001 
1624426393.02854824 -1.97916357 6.38715496 -0.121117851 -0.642791969 0.0254014253 0.0116227392 -0.765531295 -0.189973911 1.11560597 -0.0209131474 -8.37050298e-05 5.34696633e-05 0.000152242049 -0.0253813615 -0.0383673492 0.0224200001 
1624426393.03854656 -1.98096747 6.39839898 -0.121286204 -0.642929664 0.0256895625 0.0115649524 -0.765406915 -0.170865097 1.13357528 -0.0127630411 -8.37050298e-05 5.34696633e-05 0.000152242049 -0.0253813615 -0.0383673492 0.0224200001 
1624426393.04853964 -1.98259011 6.40974264 -0.121482028 -0.643229064 0.0260357439 0.0118141318 -0.765139816 -0.153888438 1.13672817 -0.0264288078 -8.37050298e-05 5.34696633e-05 0.000152242049 -0.0253813615 -0.0383673492 0.0224200001 
1624426393.05853152 -1.9840647 6.42111147 -0.121829416 -0.643632061 0.0259967332 0.0115027586 -0.764806921 -0.141268568 1.1388862 -0.0431052473 -8.37050298e-05 5.34696633e-05 0.000152242049 -0.0253813615 -0.0383673492 0.0224200001 
1624426393.06853294 -1.98548012 6.43253245 -0.12224373 -0.644118607 0.0261096871 0.01160498 -0.764391803 -0.141775992 1.14498395 -0.0397458659 -8.37050298e-05 5.34696633e-05 0.000152242049 -0.0253813615 -0.0383673492 0.0224200001 
1624426393.07851934 -1.98689945 6.44401628 -0.122663934 -0.644617609 0.0260223264 0.0114850087 -0.763975832 -0.142477185 1.15491078 -0.04440931 -8.37050298e-05 5.34696633e-05 0.000152242049 -0.0253813615 -0.0383673492 0.0224200001 
1624426393.08854055 -1.98833229 6.45562177 -0.123087791 -0.645146071 0.0262679248 0.0116676148 -0.763518441 -0.14348437 1.16127397 -0.0401827449 -8.37050298e-05 5.34696633e-05 0.000152242049 -0.0253813615 -0.0383673492 0.0224200001 
1624426393.09855223 -1.99363051 6.46703262 -0.122533591 -0.645108165 0.0286196316 0.0138319788 -0.763429793 -0.164435143 1.16750328 -0.0229970618 -2.87219597e-05 4.81138053e-05 0.000141679039 -0.0254086773 -0.038458152 0.0219636819 
1624426393.10854268 -1.99522648 6.47865404 -0.12268119 -0.645664034 0.028738168 0.0139773225 -0.762952625 -0.155062477 1.15900008 -0.00655105147 -2.87219597e-05 4.81138053e-05 0.000141679039 -0.0254086773 -0.038458152 0.0219636819 
1624426393.11853719 -1.99675316 6.49019378 -0.122770397 -0.646214982 0.028668701 0.0142295905 -0.762483981 -0.15044328 1.15021788 -0.0113001485 -2.87219597e-05 4.81138053e-05 0.000141679039 -0.0254086773 -0.038458152 0.0219636819 
1624426393.12854075 -1.99820213 6.50171681 -0.122917854 -0.646744106 0.0284680298 0.0144879351 -0.762037881 -0.1392463 1.15356538 -0.018180744 -2.87219597e-05 4.81138053e-05 0.000141679039 -0.0254086773 -0.038458152 0.0219636819 
1624426393.13852525 -1.99952392 6.51333012 -0.123089824 -0.647232998 0.0282231467 0.0144546454 -0.761632434 -0.125522864 1.17270539 -0.0162666307 -2.87219597e-05 4.81138053e-05 0.000141679039 -0.0254086773 -0.038458152 0.0219636819 
1624426393.14852595 -2.0007856 6.52516593 -0.123355464 -0.647710687 0.0279522172 0.0142500317 -0.761240091 -0.126795621 1.1942892 -0.0368575144 -2.87219597e-05 4.81138053e-05 0.000141679039 -0.0254086773 -0.038458152 0.0219636819 
1624426393.15851831 -2.00208109 6.53708792 -0.12377288 -0.648157106 0.027906717 0.0139832682 -0.760866644 -0.132499871 1.19193115 -0.0466895702 -2.87219597e-05 4.81138053e-05 0.000141679039 -0.0254086773 -0.038458152 0.0219636819 
1624426393.16852379 -2.00346433 6.54892586 -0.124032634 -0.648500664 0.0279860065 0.0139829486 -0.760570937 -0.143997104 1.17436055 -0.00523272788 -2.87219597e-05 4.81138053e-05 0.000141679039 -0.0254086773 -0.038458152 0.0219636819 
1624426393.17851853 -2.00496445 6.560565 -0.123945918 -0.6488414 0.0278360914 0.014235614 -0.76028109 -0.156185127 1.15469281 0.0225849335 -2.87219597e-05 4.81138053e-05 0.000141679039 -0.0254086773 -0.038458152 0.0219636819 
1624426393.1885519 -2.00649853 6.57211996 -0.123880289 -0.649177258 0.0275166585 0.0147032859 -0.759997062 -0.149608889 1.14861208 -0.00950274623 -2.87219597e-05 4.81138053e-05 0.000141679039 -0.0254086773 -0.038458152 0.0219636819 
1624426393.19860649 -2.01112152 6.58844686 -0.125598103 -0.649286708 0.0317841881 0.0136975097 -0.759755826 -0.175133429 1.19219888 -0.0428278191 4.73026512e-06 -2.99559694e-05 0.000137349161 -0.0254896367 -0.0385319615 0.0223909313 
1624426393.20855474 -2.01292128 6.6003846 -0.12592522 -0.649658985 0.0316477517 0.0138037488 -0.759441294 -0.186691143 1.20776765 -0.0229358572 4.73026512e-06 -2.99559694e-05 0.000137349161 -0.0254896367 -0.0385319615 0.0223909313 
1624426393.21858478 -2.01487938 6.61253835 -0.126299839 -0.650035882 0.0315343442 0.0139718895 -0.759120361 -0.203757018 1.21570444 -0.0517635692 4.73026512e-06 -2.99559694e-05 0.000137349161 -0.0254896367 -0.0385319615 0.0223909313 
1624426393.22853398 -2.01697276 6.62463269 -0.126945212 -0.65035114 0.0318266519 0.0140412418 -0.758836809 -0.217055949 1.2155123 -0.0779699791 4.73026512e-06 -2.99559694e-05 0.000137349161 -0.0254896367 -0.0385319615 0.0223909313 
1624426393.23853636 -2.01917941 6.63678254 -0.127572577 -0.650600152 0.0319661653 0.0139294855 -0.75861952 -0.224170502 1.21388079 -0.0474732968 4.73026512e-06 -2.99559694e-05 0.000137349161 -0.0254896367 -0.0385319615 0.0223909313 
1624426393.24852824 -2.0213661 6.648838 -0.1281069 -0.650795222 0.0318807993 0.014198672 -0.758450784 -0.213521528 1.19916966 -0.0594781095 4.73026512e-06 -2.99559694e-05 0.000137349161 -0.0254896367 -0.0385319615 0.0223909313 
1624426393.25853133 -2.02346791 6.66074889 -0.128791186 -0.650902237 0.0316164476 0.014093182 -0.75837198 -0.206710069 1.18227168 -0.0773367825 4.73026512e-06 -2.99559694e-05 0.000137349161 -0.0254896367 -0.0385319615 0.0223909313 
1624426393.26852942 -2.02562484 6.67260255 -0.129374577 -0.650928695 0.0314941452 0.0141771287 -0.758352795 -0.224759686 1.18891448 -0.0393638895 4.73026512e-06 -2.99559694e-05 0.000137349161 -0.0254896367 -0.0385319615 0.0223909313 
1624426393.2785213 -2.02803036 6.68452441 -0.129586791 -0.65092044 0.031476744 0.0142842943 -0.758358592 -0.256734823 1.19739486 -0.00311326989 4.73026512e-06 -2.99559694e-05 0.000137349161 -0.0254896367 -0.0385319615 0.0223909313 
1624426393.28855681 -2.0307415 6.6965005 -0.129751939 -0.650889862 0.0317389901 0.0147881091 -0.75836425 -0.283574814 1.18934669 -0.0297995168 4.73026512e-06 -2.99559694e-05 0.000137349161 -0.0254896367 -0.0385319615 0.0223909313 
1624426393.29854441 -2.02643141 6.71183692 -0.130794651 -0.650966801 0.0297527043 0.00947485995 -0.758463729 -0.232418379 1.20935722 -0.0589783004 -0.000108915639 -6.32998891e-05 0.000136003001 -0.0255747822 -0.0383681688 0.0227694662 
1624426393.30854654 -2.02865367 6.7239895 -0.131322086 -0.650965813 0.0300758758 0.00983631222 -0.758447229 -0.21193931 1.22063965 -0.0464860052 -0.000108915639 -6.32998891e-05 0.000136003001 -0.0255747822 -0.0383681688 0.0227694662 
1624426393.31854367 -2.03072284 6.73628838 -0.131894786 -0.651014022 0.03015705 0.00988273549 -0.758402022 -0.202013505 1.23984303 -0.0680870287 -0.000108915639 -6.32998891e-05 0.000136003001 -0.0255747822 -0.0383681688 0.0227694662 
1624426393.32856894 -2.03275604 6.74877264 -0.132792508 -0.651066132 0.0302867742 0.0094935943 -0.758357089 -0.203602001 1.25071789 -0.111004862 -0.000108915639 -6.32998891e-05 0.000136003001 -0.0255747822 -0.0383681688 0.0227694662 
1624426393.3385334 -2.03481401 6.76119645 -0.133642311 -0.6510897 0.030655881 0.00905940891 -0.758327335 -0.209459789 1.2429042 -0.0595617919 -0.000108915639 -6.32998891e-05 0.000136003001 -0.0255747822 -0.0383681688 0.0227694662 
1624426393.34852338 -2.03688302 6.77350192 -0.133895861 -0.65102492 0.0307100688 0.00903717075 -0.758381023 -0.204757452 1.2206592 0.00880087231 -0.000108915639 -6.32998891e-05 0.000136003001 -0.0255747822 -0.0383681688 0.0227694662 
1624426393.35853505 -2.03892502 6.78572225 -0.133964847 -0.650890408 0.030675209 0.00938460075 -0.758493663 -0.203165266 1.22055607 -0.0225819855 -0.000108915639 -6.32998891e-05 0.000136003001 -0.0255747822 -0.0383681688 0.0227694662 
1624426393.3685379 -2.04090834 6.79789791 -0.13431949 -0.650791117 0.0307205911 0.00950233044 -0.758575556 -0.193386248 1.21388319 -0.0483264631 -0.000108915639 -6.32998891e-05 0.000136003001 -0.0255747822 -0.0383681688 0.0227694662 
1624426393.37853169 -2.04281043 6.81008267 -0.134693988 -0.650729269 0.0306048142 0.00965095072 -0.758631414 -0.187267348 1.22458101 -0.0266196942 -0.000108915639 -6.32998891e-05 0.000136003001 -0.0255747822 -0.0383681688 0.0227694662 
1624426393.38853574 -2.04464385 6.82237187 -0.135075608 -0.650695129 0.0305354196 0.00981212446 -0.758661426 -0.179269171 1.23226738 -0.0496734196 -0.000108915639 -6.32998891e-05 0.000136003001 -0.0255747822 -0.0383681688 0.0227694662 
1624426393.39855409 -2.04697601 6.83358042 -0.135092137 -0.650822982 0.0302264958 0.0107615535 -0.758551247 -0.18289473 1.22912604 -0.089319456 -9.84387499e-05 -4.70533823e-05 0.000137829743 -0.0255455255 -0.0383791632 0.0224879142 
1624426393.40854549 -2.04880125 6.84589251 -0.135817194 -0.65090656 0.030732827 0.0108160797 -0.758458408 -0.182467375 1.23541017 -0.0558166488 -9.84387499e-05 -4.70533823e-05 0.000137829743 -0.0255455255 -0.0383791632 0.0224879142 
1624426393.41854906 -2.05059623 6.85824963 -0.136262953 -0.651055047 0.0306116989 0.0106884844 -0.758337659 -0.176400876 1.23513352 -0.0333033477 -9.84387499e-05 -4.70533823e-05 0.000137829743 -0.0255455255 -0.0383791632 0.0224879142 
1624426393.42855501 -2.05221643 6.87061812 -0.13678501 -0.651153575 0.0305711568 0.0107261098 -0.758254163 -0.14744593 1.23709208 -0.0710460564 -9.84387499e-05 -4.70533823e-05 0.000137829743 -0.0255455255 -0.0383791632 0.0224879142 
1624426393.43854403 -2.053716 6.88294166 -0.137343652 -0.651272047 0.0304941482 0.0103034203 -0.758161373 -0.152797926 1.23032426 -0.0408051009 -9.84387499e-05 -4.70533823e-05 0.000137829743 -0.0255455255 -0.0383791632 0.0224879142 
1624426393.44852853 -2.05530798 6.89523801 -0.137515458 -0.651366989 0.0304394758 0.0104693122 -0.75807973 -0.166092489 1.23276535 0.00639061937 -9.84387499e-05 -4.70533823e-05 0.000137829743 -0.0255455255 -0.0383791632 0.0224879142 
1624426393.45859694 -2.05701843 6.90764615 -0.137613992 -0.651404578 0.0302616106 0.010595085 -0.758052804 -0.173671926 1.23199933 -0.0259635884 -9.84387499e-05 -4.70533823e-05 0.000137829743 -0.0255455255 -0.0383791632 0.0224879142 
1624426393.46853161 -2.05871457 6.91989592 -0.13798678 -0.651429408 0.0303727405 0.0107769713 -0.758024458 -0.167788061 1.234067 -0.0490843168 -9.84387499e-05 -4.70533823e-05 0.000137829743 -0.0255455255 -0.0383791632 0.0224879142 
1624426393.47852445 -2.0603742 6.93227129 -0.138382436 -0.651498154 0.0304777669 0.0107402938 -0.757961679 -0.164376077 1.24278085 -0.03010364 -9.84387499e-05 -4.70533823e-05 0.000137829743 -0.0255455255 -0.0383791632 0.0224879142 
1624426393.48852873 -2.06197572 6.94475288 -0.138780621 -0.65160066 0.0303513674 0.0108039509 -0.757877727 -0.155789743 1.25246962 -0.0494992301 -9.84387499e-05 -4.70533823e-05 0.000137829743 -0.0255455255 -0.0383791632 0.0224879142 
1624426393.49854374 -2.06562154 6.95474811 -0.138603294 -0.651990826 0.0304904773 0.0131211705 -0.757499919 -0.171270454 1.25189645 -0.0820114972 -6.04514921e-05 -1.18106457e-05 0.000145318662 -0.0254804782 -0.0384190063 0.0221163761 
1624426393.50856447 -2.06737937 6.9672881 -0.139267797 -0.652076218 0.03059933 0.0126073661 -0.75743075 -0.179570034 1.2509127 -0.0506139819 -6.04514921e-05 -1.18106457e-05 0.000145318662 -0.0254804782 -0.0384190063 0.0221163761 
1624426393.51854444 -2.06923792 6.97969786 -0.139577439 -0.652120569 0.0307734587 0.0124775547 -0.75738766 -0.192885385 1.23602377 -0.0114387196 -6.04514921e-05 -1.18106457e-05 0.000145318662 -0.0254804782 -0.0384190063 0.0221163761 
1624426393.52853703 -2.07118423 6.99188658 -0.139676871 -0.652123724 0.0305594098 0.0125914751 -0.757391726 -0.19666463 1.20352543 -0.00846246367 -6.04514921e-05 -1.18106457e-05 0.000145318662 -0.0254804782 -0.0384190063 0.0221163761 
1624426393.5385313 -2.07325328 7.00382574 -0.139842048 -0.652132569 0.030642421 0.013168125 -0.757370949 -0.217383455 1.18567635 -0.024591947 -6.04514921e-05 -1.18106457e-05 0.000145318662 -0.0254804782 -0.0384190063 0.0221163761 
1624426393.54853106 -2.07540673 7.01573338 -0.140163057 -0.652108067 0.0304698172 0.0138243932 -0.757387315 -0.21331667 1.19590942 -0.0396114507 -6.04514921e-05 -1.18106457e-05 0.000145318662 -0.0254804782 -0.0384190063 0.0221163761 
1624426393.55853081 -2.07750499 7.02781478 -0.140519067 -0.652093511 0.0306182091 0.0140094039 -0.757390464 -0.20634569 1.22043095 -0.0315923547 -6.04514921e-05 -1.18106457e-05 0.000145318662 -0.0254804782 -0.0384190063 0.0221163761 
1624426393.56853366 -2.07950085 7.04014588 -0.140841985 -0.65213235 0.0305839895 0.0137973815 -0.757362298 -0.192712845 1.24508561 -0.0329726562 -6.04514921e-05 -1.18106457e-05 0.000145318662 -0.0254804782 -0.0384190063 0.0221163761 
1624426393.57853532 -2.08137253 7.05258767 -0.141232326 -0.652191293 0.0306656768 0.0132350278 -0.757318274 -0.181561694 1.24285935 -0.0450827729 -6.04514921e-05 -1.18106457e-05 0.000145318662 -0.0254804782 -0.0384190063 0.0221163761 
1624426393.58855247 -2.08318268 7.06497087 -0.141661023 -0.652176341 0.0306863831 0.0127462684 -0.757338695 -0.179848162 1.22953856 -0.0405097047 -6.04514921e-05 -1.18106457e-05 0.000145318662 -0.0254804782 -0.0384190063 0.0221163761 
1624426393.59855032 -2.08487992 7.07491125 -0.141732091 -0.652107348 0.0294728744 0.0138514708 -0.757426889 -0.174580444 1.20416424 -0.0427355678 -5.6075844e-05 2.41044107e-05 0.000145948842 -0.0254308245 -0.0384127337 0.0219994007 
1624426393.60855126 -2.08666803 7.08694372 -0.142293627 -0.652073084 0.0293768883 0.0137889575 -0.757461257 -0.183008763 1.20210215 -0.0695610638 -5.6075844e-05 2.41044107e-05 0.000145948842 -0.0254308245 -0.0384127337 0.0219994007 
1624426393.6185379 -2.08851565 7.09902942 -0.142954116 -0.652057014 0.0297232653 0.0138477263 -0.757460506 -0.187009074 1.21827166 -0.0627135337 -5.6075844e-05 2.41044107e-05 0.000145948842 -0.0254308245 -0.0384127337 0.0219994007 
1624426393.62853456 -2.09036294 7.11126273 -0.143385251 -0.652140215 0.0301014939 0.0138580437 -0.757373748 -0.18257298 1.22920882 -0.0235422637 -5.6075844e-05 2.41044107e-05 0.000145948842 -0.0254308245 -0.0384127337 0.0219994007 
1624426393.63853145 -2.09209361 7.1235161 -0.143624713 -0.652375226 0.0303126731 0.0138823348 -0.757162457 -0.163668208 1.22222778 -0.0243649317 -5.6075844e-05 2.41044107e-05 0.000145948842 -0.0254308245 -0.0384127337 0.0219994007 
1624426393.64853263 -2.09365479 7.13567694 -0.143900558 -0.652662469 0.0303617257 0.0135687366 -0.756918593 -0.148530591 1.20965336 -0.0307975949 -5.6075844e-05 2.41044107e-05 0.000145948842 -0.0254308245 -0.0384127337 0.0219994007 
1624426393.65852618 -2.095062 7.14769058 -0.144104107 -0.653000781 0.0301820151 0.0134340093 -0.756636341 -0.133092331 1.19462448 -0.00993851981 -5.6075844e-05 2.41044107e-05 0.000145948842 -0.0254308245 -0.0384127337 0.0219994007 
1624426393.66851807 -2.09634192 7.15959938 -0.144265552 -0.653375215 0.0298409573 0.0134911648 -0.756325548 -0.123100567 1.18906902 -0.0223767149 -5.6075844e-05 2.41044107e-05 0.000145948842 -0.0254308245 -0.0384127337 0.0219994007 
1624426393.67851448 -2.09751453 7.17147197 -0.144537802 -0.653731388 0.0295857964 0.0136622844 -0.756024666 -0.111505687 1.18630114 -0.032092727 -5.6075844e-05 2.41044107e-05 0.000145948842 -0.0254308245 -0.0384127337 0.0219994007 
1624426393.68855238 -2.09860146 7.18342464 -0.144676708 -0.654083603 0.0292927676 0.0135820802 -0.755732824 -0.105058722 1.19520707 0.00441634108 -5.6075844e-05 2.41044107e-05 0.000145948842 -0.0254308245 -0.0384127337 0.0219994007 
1624426393.69853473 -2.10452822 7.19469159 -0.147575285 -0.655225756 0.0314379248 0.016876239 -0.754589994 -0.134211391 1.19717639 0.00249254496 2.49168242e-05 2.2913856e-05 0.000165567071 -0.0254392145 -0.0385248978 0.0231556132 
1624426393.70855808 -2.10587227 7.20671416 -0.147705665 -0.655580991 0.0310589705 0.0169390439 -0.75429568 -0.133972023 1.20173466 -0.0285078 2.49168242e-05 2.2913856e-05 0.000165567071 -0.0254392145 -0.0385248978 0.0231556132 
1624426393.71855068 -2.10718433 7.2188311 -0.147981309 -0.655925398 0.0308295219 0.0169937839 -0.754004392 -0.12863515 1.22344877 -0.0266618893 2.49168242e-05 2.2913856e-05 0.000165567071 -0.0254392145 -0.0385248978 0.0231556132 
1624426393.72854519 -2.10843137 7.23120656 -0.148189668 -0.656314242 0.0305848994 0.0166871546 -0.75368277 -0.120908781 1.25300234 -0.0150328228 2.49168242e-05 2.2913856e-05 0.000165567071 -0.0254392145 -0.0385248978 0.0231556132 
1624426393.73853469 -2.10965403 7.24382351 -0.148543377 -0.656742546 0.0304500469 0.0163567639 -0.753322294 -0.123880193 1.27304052 -0.0557832272 2.49168242e-05 2.2913856e-05 0.000165567071 -0.0254392145 -0.0385248978 0.0231556132 
1624426393.74852824 -2.11092392 7.25662552 -0.149353996 -0.65714432 0.0306673919 0.0159722588 -0.752971275 -0.130262362 1.28901431 -0.106445249 2.49168242e-05 2.2913856e-05 0.000165567071 -0.0254392145 -0.0385248978 0.0231556132 
1624426393.75853729 -2.11227484 7.26952919 -0.150341824 -0.657563358 0.0309218658 0.0156039571 -0.752602674 -0.139677854 1.28938475 -0.0909416793 2.49168242e-05 2.2913856e-05 0.000165567071 -0.0254392145 -0.0385248978 0.0231556132 
1624426393.76851654 -2.11371231 7.28225211 -0.151006725 -0.658056396 0.0311303793 0.0157262321 -0.752160464 -0.148413957 1.26049071 -0.0423151163 2.49168242e-05 2.2913856e-05 0.000165567071 -0.0254392145 -0.0385248978 0.0231556132 
1624426393.77850413 -2.11522444 7.29476158 -0.15127885 -0.65857698 0.031009551 0.0160411397 -0.751703034 -0.154386355 1.24451177 -0.0121775075 2.49168242e-05 2.2913856e-05 0.000165567071 -0.0254392145 -0.0385248978 0.0231556132 
1624426393.78854728 -2.11671618 7.30723528 -0.151248613 -0.659106536 0.0308409242 0.0164366493 -0.751237145 -0.142681651 1.23951114 0.0181989151 2.49168242e-05 2.2913856e-05 0.000165567071 -0.0254392145 -0.0385248978 0.0231556132 
1624426393.79853821 -2.11961945 7.32035952 -0.155134119 -0.659597195 0.0319132605 0.0171284804 -0.750746095 -0.152464361 1.25093824 0.00301029538 4.96555289e-05 5.86845048e-06 0.000163727183 -0.025442656 -0.0385966337 0.0248671805 
1624426393.80855989 -2.12116537 7.33292004 -0.155222145 -0.660199535 0.0317485229 0.0174001763 -0.750217194 -0.156049671 1.2557299 -0.0205775169 4.96555289e-05 5.86845048e-06 0.000163727183 -0.025442656 -0.0385966337 0.0248671805 
1624426393.81853819 -2.1227743 7.34550736 -0.155568618 -0.66079341 0.0317069135 0.0175579778 -0.749692243 -0.166437167 1.26721085 -0.0488676728 4.96555289e-05 5.86845048e-06 0.000163727183 -0.025442656 -0.0385966337 0.0248671805 
1624426393.82853889 -2.12446419 7.35819958 -0.156075943 -0.661371479 0.0318454485 0.0176945067 -0.749173237 -0.171516971 1.27105302 -0.0525903149 4.96555289e-05 5.86845048e-06 0.000163727183 -0.025442656 -0.0385966337 0.0248671805 
1624426393.83853602 -2.12619053 7.37091723 -0.156632151 -0.661923728 0.032038208 0.0179906721 -0.748670066 -0.17385028 1.27320756 -0.0586831117 4.96555289e-05 5.86845048e-06 0.000163727183 -0.025442656 -0.0385966337 0.0248671805 
1624426393.8485322 -2.12785582 7.38365091 -0.157249201 -0.66245616 0.0320622896 0.0181307956 -0.748194574 -0.159334354 1.27450303 -0.0647740434 4.96555289e-05 5.86845048e-06 0.000163727183 -0.025442656 -0.0385966337 0.0248671805 
1624426393.85852528 -2.12931262 7.39637133 -0.157833449 -0.662963045 0.0319523925 0.0181762302 -0.747749069 -0.132227463 1.27134319 -0.0521566004 4.96555289e-05 5.86845048e-06 0.000163727183 -0.025442656 -0.0385966337 0.0248671805 
1624426393.86853242 -2.13063707 7.40910577 -0.158365544 -0.663476717 0.0314452425 0.0179833942 -0.747319503 -0.132474609 1.27372681 -0.0541864647 4.96555289e-05 5.86845048e-06 0.000163727183 -0.025442656 -0.0385966337 0.0248671805 
1624426393.87852049 -2.13207198 7.4218316 -0.158859382 -0.663974623 0.0314621468 0.0182107766 -0.74687094 -0.154850186 1.27447868 -0.0446990356 4.96555289e-05 5.86845048e-06 0.000163727183 -0.025442656 -0.0385966337 0.0248671805 
1624426393.8885355 -2.13367683 7.43462293 -0.159201094 -0.664469199 0.031666208 0.0185649558 -0.74641361 -0.165638233 1.2799533 -0.0235409621 4.96555289e-05 5.86845048e-06 0.000163727183 -0.025442656 -0.0385966337 0.0248671805 
1624426393.89853954 -2.13403306 7.44818153 -0.159983247 -0.665127072 0.0316270315 0.0177985375 -0.745847786 -0.141384028 1.2974931 -0.037314138 2.88554592e-05 -2.61712255e-06 0.000165627778 -0.0254607609 -0.0385761768 0.0251009312 
1624426393.9085443 -2.13532212 7.46122213 -0.160545897 -0.665780374 0.0318001103 0.0176959813 -0.745259752 -0.11630496 1.30938683 -0.0751622895 2.88554592e-05 -2.61712255e-06 0.000165627778 -0.0254607609 -0.0385761768 0.0251009312 
1624426393.91854095 -2.13640607 7.47427821 -0.161296227 -0.666499491 0.03195261 0.0173726154 -0.744617789 -0.100557646 1.30270331 -0.0749538451 2.88554592e-05 -2.61712255e-06 0.000165627778 -0.0254607609 -0.0385761768 0.0251009312 
1624426393.92854333 -2.13743098 7.4871978 -0.161848898 -0.667210273 0.031859081 0.0172067225 -0.74398883 -0.104374835 1.28060075 -0.0355541635 2.88554592e-05 -2.61712255e-06 0.000165627778 -0.0254607609 -0.0385761768 0.0251009312 
1624426393.93853283 -2.13846431 7.49995952 -0.162168107 -0.66787772 0.0315896898 0.0173036114 -0.743398969 -0.102509425 1.27442627 -0.0283547949 2.88554592e-05 -2.61712255e-06 0.000165627778 -0.0254607609 -0.0385761768 0.0251009312 
1624426393.94852567 -2.13940747 7.51269254 -0.162433529 -0.668487443 0.0314830892 0.0174312714 -0.742852277 -0.0862573459 1.27400367 -0.0247676473 2.88554592e-05 -2.61712255e-06 0.000165627778 -0.0254607609 -0.0385761768 0.0251009312 
1624426393.95852256 -2.14026161 7.5255089 -0.162615658 -0.669122897 0.0314800182 0.0174769154 -0.742279 -0.0846238323 1.29006598 -0.0116694184 2.88554592e-05 -2.61712255e-06 0.000165627778 -0.0254607609 -0.0385761768 0.0251009312 
1624426393.96853232 -2.14105839 7.53841653 -0.162757221 -0.669736008 0.0312912607 0.0172521799 -0.741739105 -0.0745767738 1.28894065 -0.0166156827 2.88554592e-05 -2.61712255e-06 0.000165627778 -0.0254607609 -0.0385761768 0.0251009312 
1624426393.97852826 -2.14177643 7.55128192 -0.163120239 -0.670365742 0.0312187439 0.0171459552 -0.741175538 -0.0690892255 1.28518322 -0.0560173434 2.88554592e-05 -2.61712255e-06 0.000165627778 -0.0254607609 -0.0385761768 0.0251009312 
1624426393.98854733 -2.14246963 7.56409544 -0.163674761 -0.67096563 0.0311492262 0.0170159023 -0.740638446 -0.0692879329 1.27264397 -0.054675927 2.88554592e-05 -2.61712255e-06 0.000165627778 -0.0254607609 -0.0385761768 0.0251009312 
1624426393.99853563 -2.14741052 7.57714703 -0.162092551 -0.671623859 0.0334513169 0.0189055067 -0.739895251 -0.110950611 1.27076488 -0.0331552485 9.47259822e-05 -1.77938573e-05 0.000169196577 -0.0254344905 -0.0386473047 0.0241076388 
1624426394.00854945 -2.14856144 7.58987863 -0.162478966 -0.672224353 0.0331458612 0.01898882 -0.739361343 -0.118917229 1.27204061 -0.0440211695 9.47259822e-05 -1.77938573e-05 0.000169196577 -0.0254344905 -0.0386473047 0.0241076388 
1624426394.01853395 -2.14989526 7.60263594 -0.162855908 -0.672853412 0.0333152579 0.01913748 -0.738777461 -0.148260156 1.28338404 -0.0314844081 9.47259822e-05 -1.77938573e-05 0.000169196577 -0.0254344905 -0.0386473047 0.0241076388 
1624426394.02854896 -2.15158378 7.61555798 -0.162987084 -0.673518693 0.033764347 0.0192850575 -0.73814675 -0.188936738 1.29714997 0.00528852394 9.47259822e-05 -1.77938573e-05 0.000169196577 -0.0254344905 -0.0386473047 0.0241076388 
1624426394.03854179 -2.15362443 7.62850135 -0.162980253 -0.674172965 0.0343310564 0.0194890325 -0.737517708 -0.219486282 1.29338064 -0.00392117127 9.47259822e-05 -1.77938573e-05 0.000169196577 -0.0254344905 -0.0386473047 0.0241076388 
1624426394.04854202 -2.15582458 7.64135513 -0.163168517 -0.67474296 0.0349894628 0.0197258073 -0.736959 -0.220533505 1.27731648 -0.0337308987 9.47259822e-05 -1.77938573e-05 0.000169196577 -0.0254344905 -0.0386473047 0.0241076388 
1624426394.05852914 -2.15804071 7.65400802 -0.163581879 -0.675264923 0.0352193765 0.0198435674 -0.73646664 -0.223265372 1.25652513 -0.0490481697 9.47259822e-05 -1.77938573e-05 0.000169196577 -0.0254344905 -0.0386473047 0.0241076388 
1624426394.06853843 -2.16025103 7.66651646 -0.164183857 -0.675657918 0.0351617784 0.0200252524 -0.736103944 -0.218387696 1.24284253 -0.0712356217 9.47259822e-05 -1.77938573e-05 0.000169196577 -0.0254344905 -0.0386473047 0.0241076388 
1624426394.07853246 -2.16247012 7.67889476 -0.164881526 -0.675891735 0.034901059 0.0200451979 -0.735901127 -0.22569613 1.2342948 -0.0683814507 9.47259822e-05 -1.77938573e-05 0.000169196577 -0.0254344905 -0.0386473047 0.0241076388 
1624426394.08857083 -2.16486063 7.6913064 -0.165313058 -0.675930402 0.0348235923 0.0203092022 -0.735862043 -0.250577406 1.23854477 -0.0175951147 9.47259822e-05 -1.77938573e-05 0.000169196577 -0.0254344905 -0.0386473047 0.0241076388 
1624426394.09854126 -2.15657108 7.70502479 -0.166489593 -0.674700467 0.0291564172 0.0139815746 -0.737383006 -0.17208758 1.26999386 0.0105748594 -8.48597434e-05 -1.4297954e-05 0.000137690013 -0.0255957137 -0.0384172328 0.0248917012 
1624426394.10854053 -2.15816543 7.71778551 -0.166473356 -0.674515508 0.0291363171 0.0138551393 -0.73755538 -0.146805924 1.28233571 -0.00732707592 -8.48597434e-05 -1.4297954e-05 0.000137690013 -0.0255957137 -0.0384172328 0.0248917012 
1624426394.11853838 -2.15956538 7.7305939 -0.166625564 -0.674352732 0.0291372836 0.0132623571 -0.737715068 -0.133244852 1.27989473 -0.0231212524 -8.48597434e-05 -1.4297954e-05 0.000137690013 -0.0255957137 -0.0384172328 0.0248917012 
1624426394.12853456 -2.160871 7.74329993 -0.1669518 -0.674173819 0.0289122523 0.0128332403 -0.737895013 -0.127979297 1.2622821 -0.0421508548 -8.48597434e-05 -1.4297954e-05 0.000137690013 -0.0255957137 -0.0384172328 0.0248917012 
1624426394.13852978 -2.16221135 7.75579798 -0.167529194 -0.673993008 0.0287217853 0.0125819764 -0.738071933 -0.140218098 1.23852398 -0.0733830945 -8.48597434e-05 -1.4297954e-05 0.000137690013 -0.0255957137 -0.0384172328 0.0248917012 
1624426394.14853477 -2.16368271 7.76812726 -0.168248085 -0.673832826 0.0285512207 0.0127501603 -0.738221907 -0.153907434 1.22610075 -0.0703233475 -8.48597434e-05 -1.4297954e-05 0.000137690013 -0.0255957137 -0.0384172328 0.0248917012 
1624426394.15852189 -2.16525345 7.78044646 -0.168856136 -0.673760428 0.0286793502 0.0130993246 -0.738276905 -0.160645859 1.24091722 -0.0514436487 -8.48597434e-05 -1.4297954e-05 0.000137690013 -0.0255957137 -0.0384172328 0.0248917012 
1624426394.16853189 -2.16684181 7.79297826 -0.169297096 -0.673821709 0.0287713772 0.0133419157 -0.738213049 -0.156707737 1.2629383 -0.0366602803 -8.48597434e-05 -1.4297954e-05 0.000137690013 -0.0255957137 -0.0384172328 0.0248917012 
1624426394.17852783 -2.1683851 7.80562842 -0.169611186 -0.673983454 0.0289989821 0.0133702529 -0.738055959 -0.152075929 1.26812126 -0.0261831832 -8.48597434e-05 -1.4297954e-05 0.000137690013 -0.0255957137 -0.0384172328 0.0248917012 
1624426394.18854308 -2.16990869 7.81828586 -0.169890524 -0.674222552 0.0290090754 0.0132104709 -0.737840028 -0.152178504 1.25951258 -0.0295994996 -8.48597434e-05 -1.4297954e-05 0.000137690013 -0.0255957137 -0.0384172328 0.0248917012 
1624426394.19853997 -2.16834563 7.82938346 -0.17040934 -0.674109215 0.0263522937 0.0124526371 -0.738056403 -0.125106098 1.23338208 -0.0442701957 -0.000132597203 1.57211774e-05 0.000128826986 -0.0255992084 -0.0383266809 0.0250522579 
1624426394.20854807 -2.16950383 7.84166471 -0.170940404 -0.674287444 0.0261118927 0.012620932 -0.737899264 -0.106347306 1.22088031 -0.0618566293 -0.000132597203 1.57211774e-05 0.000128826986 -0.0255992084 -0.0383266809 0.0250522579 
1624426394.21854162 -2.17051858 7.85384727 -0.171615445 -0.674451526 0.0253982008 0.0125817079 -0.737774878 -0.0967322878 1.21720294 -0.0732387175 -0.000132597203 1.57211774e-05 0.000128826986 -0.0255992084 -0.0383266809 0.0250522579 
1624426394.22853565 -2.17156096 7.86613728 -0.172273845 -0.674551466 0.025299598 0.0127373998 -0.73768422 -0.111869135 1.24226815 -0.0585199204 -0.000132597203 1.57211774e-05 0.000128826986 -0.0255992084 -0.0383266809 0.0250522579 
1624426394.2385323 -2.17279815 7.87875234 -0.172777019 -0.674588585 0.0253204576 0.0126147921 -0.737651667 -0.135651788 1.28158804 -0.042148526 -0.000132597203 1.57211774e-05 0.000128826986 -0.0255992084 -0.0383266809 0.0250522579 
1624426394.24852109 -2.17416311 7.8915986 -0.173210691 -0.674590597 0.0258441992 0.0124544591 -0.737634388 -0.137645675 1.29054838 -0.0446833805 -0.000132597203 1.57211774e-05 0.000128826986 -0.0255992084 -0.0383266809 0.0250522579 
1624426394.25851917 -2.17550537 7.90436156 -0.173552874 -0.674655544 0.0262379781 0.0122318052 -0.73756481 -0.130857796 1.26253326 -0.0237662741 -0.000132597203 1.57211774e-05 0.000128826986 -0.0255992084 -0.0383266809 0.0250522579 
1624426394.26852894 -2.17679427 7.91687117 -0.173687215 -0.6747071 0.0264555897 0.0124202959 -0.737506724 -0.126670995 1.2369487 -0.00307572566 -0.000132597203 1.57211774e-05 0.000128826986 -0.0255992084 -0.0383266809 0.0250522579 
1624426394.27853131 -2.17803417 7.92921576 -0.173732962 -0.674714455 0.0261538662 0.0123308038 -0.737512258 -0.121250007 1.23138179 -0.00607140455 -0.000132597203 1.57211774e-05 0.000128826986 -0.0255992084 -0.0383266809 0.0250522579 
1624426394.28854084 -2.17927805 7.94155004 -0.173832474 -0.674723679 0.0258514253 0.012194297 -0.737516753 -0.127289644 1.233126 -0.0138120397 -0.000132597203 1.57211774e-05 0.000128826986 -0.0255992084 -0.0383266809 0.0250522579 
1624426394.29853368 -2.17934178 7.95485108 -0.175155398 -0.674668289 0.0255549576 0.0109908264 -0.737596668 -0.131574221 1.25129625 -0.031728144 -0.000154829887 2.60678802e-06 0.000127145957 -0.0256437267 -0.0383059647 0.0255846646 
1624426394.30855036 -2.18069059 7.96743754 -0.175590268 -0.674606292 0.0257760563 0.0110626827 -0.737644604 -0.137738416 1.26180352 -0.0551009658 -0.000154829887 2.60678802e-06 0.000127145957 -0.0256437267 -0.0383059647 0.0255846646 
1624426394.31854415 -2.1820615 7.98004717 -0.176242465 -0.674546052 0.0260879244 0.0110602067 -0.737688766 -0.1366144 1.26168906 -0.0754194159 -0.000154829887 2.60678802e-06 0.000127145957 -0.0256437267 -0.0383059647 0.0255846646 
1624426394.32853913 -2.18334887 7.99257241 -0.176884049 -0.674478134 0.0263391432 0.0108494628 -0.737745068 -0.120989557 1.24461559 -0.0529619054 -0.000154829887 2.60678802e-06 0.000127145957 -0.0256437267 -0.0383059647 0.0255846646 
1624426394.33853221 -2.18452753 8.00497497 -0.177314374 -0.674438073 0.0263471741 0.0108088838 -0.737782001 -0.114904468 1.23761577 -0.0331627179 -0.000154829887 2.60678802e-06 0.000127145957 -0.0256437267 -0.0383059647 0.0255846646 
1624426394.34853482 -2.18558251 8.01728511 -0.17765543 -0.674420757 0.0259751813 0.010492935 -0.737815581 -0.0960373026 1.22376969 -0.0350304916 -0.000154829887 2.60678802e-06 0.000127145957 -0.0256437267 -0.0383059647 0.0255846646 
1624426394.35852599 -2.18652978 8.02949983 -0.178003725 -0.67436006 0.0258491137 0.0103478017 -0.737877534 -0.0935845084 1.22133263 -0.0346901571 -0.000154829887 2.60678802e-06 0.000127145957 -0.0256437267 -0.0383059647 0.0255846646 
1624426394.36855245 -2.18742206 8.04176426 -0.178353482 -0.674290603 0.0255587646 0.0101159396 -0.737954334 -0.0844001719 1.22508239 -0.0350766494 -0.000154829887 2.60678802e-06 0.000127145957 -0.0256437267 -0.0383059647 0.0255846646 
1624426394.37853956 -2.18830474 8.05406321 -0.178753569 -0.674194479 0.0256402604 0.00997474995 -0.73804125 -0.0923630719 1.23787954 -0.0450440356 -0.000154829887 2.60678802e-06 0.000127145957 -0.0256437267 -0.0383059647 0.0255846646 
1624426394.38855815 -2.18928159 8.06646334 -0.179130516 -0.674143194 0.0257610476 0.00961886621 -0.738088613 -0.102645539 1.23754491 -0.03020554 -0.000154829887 2.60678802e-06 0.000127145957 -0.0256437267 -0.0383059647 0.0255846646 
1624426394.39853621 -2.19080281 8.07692133 -0.179407817 -0.674139181 0.0252717113 0.010999977 -0.738089903 -0.107460009 1.22520741 -0.0231805384 -0.000142803649 3.41521019e-05 0.000128586476 -0.0255945307 -0.0383027693 0.0255807371 
1624426394.40854979 -2.19181667 8.08910305 -0.179684495 -0.674191999 0.0253397729 0.0109497726 -0.738040071 -0.0950374669 1.20783217 -0.0320800454 -0.000142803649 3.41521019e-05 0.000128586476 -0.0255945307 -0.0383027693 0.0255807371 
1624426394.41854 -2.19275015 8.10106427 -0.179886142 -0.674278332 0.0253156282 0.0109572749 -0.737961915 -0.0918419689 1.18675605 -0.00828882102 -0.000142803649 3.41521019e-05 0.000128586476 -0.0255945307 -0.0383027693 0.0255807371 
1624426394.42851281 -2.19364078 8.11281171 -0.179806097 -0.674348535 0.0249366016 0.0109223491 -0.737911188 -0.0867699184 1.16913817 0.0243414974 -0.000142803649 3.41521019e-05 0.000128586476 -0.0255945307 -0.0383027693 0.0255807371 
1624426394.43853593 -2.1945268 8.12448377 -0.179695721 -0.674439381 0.0244123407 0.0112645308 -0.737840545 -0.0900253108 1.15988927 -0.0023172306 -0.000142803649 3.41521019e-05 0.000128586476 -0.0255945307 -0.0383027693 0.0255807371 
1624426394.44853115 -2.19542312 8.13609495 -0.179972973 -0.674491385 0.0240267938 0.0113813241 -0.737803869 -0.0893241505 1.16345598 -0.0531597071 -0.000142803649 3.41521019e-05 0.000128586476 -0.0255945307 -0.0383027693 0.0255807371 
1624426394.45852399 -2.19630412 8.14787743 -0.180472108 -0.674478556 0.0241564436 0.0114564617 -0.737810201 -0.0870008923 1.19473024 -0.0467388413 -0.000142803649 3.41521019e-05 0.000128586476 -0.0255945307 -0.0383027693 0.0255807371 
1624426394.46852708 -2.19717731 8.15993441 -0.180770974 -0.674493367 0.0243136974 0.0110744009 -0.73779733 -0.0875841753 1.21591912 -0.013015784 -0.000142803649 3.41521019e-05 0.000128586476 -0.0255945307 -0.0383027693 0.0255807371 
1624426394.47853017 -2.19804087 8.17195763 -0.180810328 -0.674579948 0.0245713926 0.0105906016 -0.737716734 -0.0850746441 1.18798238 0.00514729619 -0.000142803649 3.41521019e-05 0.000128586476 -0.0255945307 -0.0383027693 0.0255807371 
1624426394.48858261 -2.19885392 8.18374014 -0.180565315 -0.674587994 0.0246231329 0.0102440527 -0.737712545 -0.0766869587 1.15622711 0.0435997149 -0.000142803649 3.41521019e-05 0.000128586476 -0.0255945307 -0.0383027693 0.0255807371 
1624426394.49854255 -2.20160777 8.1964617 -0.185740565 -0.674967579 0.0263848058 0.0108169874 -0.737296142 -0.0851103211 1.13374464 0.0562904971 -0.000104607276 9.31385587e-06 0.000138071943 -0.0257335534 -0.0383467721 0.028164888 
1624426394.50854445 -2.20249963 8.20769217 -0.185309852 -0.675051206 0.0258905947 0.011301237 -0.737229834 -0.0932275746 1.11192331 0.0298358387 -0.000104607276 9.31385587e-06 0.000138071943 -0.0257335534 -0.0383467721 0.028164888 
1624426394.51854873 -2.20346767 8.21884782 -0.185321184 -0.675111792 0.0256579804 0.0116928894 -0.737176378 -0.100297583 1.11825146 -0.0321013944 -0.000104607276 9.31385587e-06 0.000138071943 -0.0257335534 -0.0383467721 0.028164888 
1624426394.5285387 -2.20450312 8.23014395 -0.18569169 -0.675214579 0.0258288773 0.0119695146 -0.737071823 -0.107000818 1.1432405 -0.0420740256 -0.000104607276 9.31385587e-06 0.000138071943 -0.0257335534 -0.0383467721 0.028164888 
1624426394.53854156 -2.20556552 8.2416177 -0.186141663 -0.675375201 0.0260490725 0.0119504453 -0.736917207 -0.105418077 1.1508557 -0.0478950999 -0.000104607276 9.31385587e-06 0.000138071943 -0.0257335534 -0.0383467721 0.028164888 
1624426394.54853201 -2.20663447 8.25304036 -0.186760207 -0.6755519 0.0263797374 0.0118379932 -0.736745276 -0.108576664 1.13585991 -0.0759318224 -0.000104607276 9.31385587e-06 0.000138071943 -0.0257335534 -0.0383467721 0.028164888 
1624426394.55852246 -2.20773746 8.26428496 -0.187370461 -0.675721592 0.026666778 0.0115465288 -0.736583934 -0.112231036 1.11520939 -0.0462355276 -0.000104607276 9.31385587e-06 0.000138071943 -0.0257335534 -0.0383467721 0.028164888 
1624426394.568537 -2.2088552 8.27536714 -0.187605123 -0.675835276 0.0265276626 0.0116411989 -0.736483161 -0.110992583 1.09800903 -0.000628848529 -0.000104607276 9.31385587e-06 0.000138071943 -0.0257335534 -0.0383467721 0.028164888 
1624426394.57852221 -2.20999605 8.28624517 -0.18761904 -0.675917082 0.0264128919 0.0119001842 -0.736408069 -0.11751637 1.08081908 -0.00215872317 -0.000104607276 9.31385587e-06 0.000138071943 -0.0257335534 -0.0383467721 0.028164888 
1624426394.58853483 -2.21121952 8.29705506 -0.187656881 -0.67589859 0.0262797942 0.0121201764 -0.736426215 -0.126868691 1.07843243 -0.00539977495 -0.000104607276 9.31385587e-06 0.000138071943 -0.0257335534 -0.0383467721 0.028164888 
1624426394.59853625 -2.21013928 8.31116464 -0.189426287 -0.675403358 0.0266866728 0.00927553392 -0.736907111 -0.103364342 1.10764999 -0.0186437763 -0.000148188595 -4.25994643e-05 0.000125723843 -0.0258812289 -0.0382952931 0.0290155359 
1624426394.60856438 -2.21113515 8.32227 -0.189759754 -0.675337449 0.0266227432 0.00920594893 -0.736970698 -0.095250586 1.10719299 -0.0478626657 -0.000148188595 -4.25994643e-05 0.000125723843 -0.0258812289 -0.0382952931 0.0290155359 
1624426394.61853313 -2.21202218 8.33328328 -0.190332251 -0.675231022 0.0267542788 0.00910591607 -0.73706469 -0.0827106558 1.10236523 -0.0669956458 -0.000148188595 -4.25994643e-05 0.000125723843 -0.0258812289 -0.0382952931 0.0290155359 
1624426394.62854433 -2.21278923 8.34424087 -0.191026439 -0.675131106 0.0265503148 0.00889289567 -0.737166187 -0.0705282383 1.08670277 -0.0716866842 -0.000148188595 -4.25994643e-05 0.000125723843 -0.0258812289 -0.0382952931 0.0290155359 
1624426394.63852215 -2.21354939 8.35508874 -0.191662104 -0.675038104 0.0265636289 0.00878389621 -0.737252178 -0.0818420113 1.08769439 -0.055728821 -0.000148188595 -4.25994643e-05 0.000125723843 -0.0258812289 -0.0382952931 0.0290155359 
1624426394.64852953 -2.21445151 8.36600659 -0.192041657 -0.674986489 0.0265961793 0.00848422917 -0.73730177 -0.0984481277 1.09426392 -0.0201259224 -0.000148188595 -4.25994643e-05 0.000125723843 -0.0258812289 -0.0382952931 0.0290155359 
1624426394.65853 -2.21543953 8.37695335 -0.192231068 -0.674981337 0.0270959785 0.00872836794 -0.737285439 -0.0991481558 1.09498544 -0.0177543412 -0.000148188595 -4.25994643e-05 0.000125723843 -0.0258812289 -0.0382952931 0.0290155359 
1624426394.66854286 -2.21636463 8.38782685 -0.192524713 -0.675012526 0.0272206174 0.00882772352 -0.73725111 -0.085632452 1.07692038 -0.040899231 -0.000148188595 -4.25994643e-05 0.000125723843 -0.0258812289 -0.0382952931 0.0290155359 
1624426394.67856073 -2.21718167 8.39852552 -0.19285135 -0.67511794 0.0275008946 0.00903583928 -0.737141656 -0.0774846812 1.05899826 -0.024311738 -0.000148188595 -4.25994643e-05 0.000125723843 -0.0258812289 -0.0382952931 0.0290155359 
1624426394.68855071 -2.21790953 8.40901312 -0.192986757 -0.675289633 0.0270840957 0.00918461673 -0.736997969 -0.0682337443 1.04062569 -0.00279666962 -0.000148188595 -4.25994643e-05 0.000125723843 -0.0258812289 -0.0382952931 0.0290155359 
1624426394.69853115 -2.22030596 8.42054124 -0.195349283 -0.675900849 0.0284851459 0.00995610677 -0.736374575 -0.0803439476 1.04538605 -0.0430156417 -0.000118058876 -6.38444286e-05 0.000136566495 -0.0259883625 -0.0383365532 0.0299881848 
1624426394.70856524 -2.22105187 8.4311176 -0.195904939 -0.676039706 0.0283433679 0.00994287562 -0.736252748 -0.0683302633 1.06270139 -0.0677381899 -0.000118058876 -6.38444286e-05 0.000136566495 -0.0259883625 -0.0383365532 0.0299881848 
1624426394.71854353 -2.22165212 8.44182938 -0.196513676 -0.676180788 0.0285778576 0.00966896532 -0.736117762 -0.0519814228 1.08431525 -0.0542739137 -0.000118058876 -6.38444286e-05 0.000136566495 -0.0259883625 -0.0383365532 0.0299881848 
1624426394.72853899 -2.2220796 8.45263653 -0.19707429 -0.676343937 0.02862487 0.00920914053 -0.735971934 -0.0335542422 1.07809618 -0.0578999241 -0.000118058876 -6.38444286e-05 0.000136566495 -0.0259883625 -0.0383365532 0.0299881848 
1624426394.73854947 -2.22237866 8.46332941 -0.19770807 -0.676470529 0.0288701254 0.00887310306 -0.735850125 -0.0261933917 1.05823969 -0.0687233048 -0.000118058876 -6.38444286e-05 0.000136566495 -0.0259883625 -0.0383365532 0.0299881848 
1624426394.74853826 -2.22259073 8.47381747 -0.198266011 -0.676574847 0.0288292926 0.00864824756 -0.735758491 -0.0162693278 1.04172921 -0.0429901317 -0.000118058876 -6.38444286e-05 0.000136566495 -0.0259883625 -0.0383365532 0.0299881848 
1624426394.75863934 -2.22276619 8.48428175 -0.198638039 -0.676752149 0.0287303709 0.00881091785 -0.735597351 -0.01847069 1.03018365 -0.0306709805 -0.000118058876 -6.38444286e-05 0.000136566495 -0.0259883625 -0.0383365532 0.0299881848 
1624426394.76851892 -2.22294737 8.49446233 -0.199021087 -0.676960394 0.0285039031 0.00895180268 -0.735412821 -0.0182083072 1.03074838 -0.0468723616 -0.000118058876 -6.38444286e-05 0.000136566495 -0.0259883625 -0.0383365532 0.0299881848 
1624426394.77853107 -2.22309257 8.504823 -0.199481558 -0.677202485 0.0285266463 0.00887791182 -0.735189913 -0.0107966517 1.03887119 -0.0451100225 -0.000118058876 -6.38444286e-05 0.000136566495 -0.0259883625 -0.0383365532 0.0299881848 
1624426394.78857255 -2.22315802 8.51525904 -0.19993027 -0.677534112 0.0284482467 0.00871976998 -0.734889237 -0.00223851842 1.03971521 -0.0442616786 -0.000118058876 -6.38444286e-05 0.000136566495 -0.0259883625 -0.0383365532 0.0299881848 
1624426394.79856896 -2.22880827 8.52051939 -0.199087953 -0.679551957 0.0289998716 0.0143064824 -0.732914367 -0.0461466401 0.993463487 -0.0446546902 -1.22247913e-05 1.5985895e-05 0.000180585278 -0.0257707382 -0.0384734954 0.0291973675 
1624426394.80854869 -2.2292788 8.53037091 -0.199552366 -0.679908078 0.0290203619 0.0141634339 -0.732585982 -0.0481517012 0.980843138 -0.0484166783 -1.22247913e-05 1.5985895e-05 0.000180585278 -0.0257707382 -0.0384734954 0.0291973675 
1624426394.81854963 -2.2297754 8.54010942 -0.200013826 -0.680281236 0.0291490588 0.0141613754 -0.732234407 -0.0511573768 0.966674523 -0.0438666703 -1.22247913e-05 1.5985895e-05 0.000180585278 -0.0257707382 -0.0384734954 0.0291973675 
1624426394.82853746 -2.23025511 8.54973025 -0.200432295 -0.680661862 0.0291797693 0.0143855989 -0.731875006 -0.044901589 0.959836708 -0.0399289913 -1.22247913e-05 1.5985895e-05 0.000180585278 -0.0257707382 -0.0384734954 0.0291973675 
1624426394.83852482 -2.23066377 8.55929497 -0.20084935 -0.681039267 0.0291153388 0.0144289767 -0.731525542 -0.0369347567 0.955529373 -0.0435876819 -1.22247913e-05 1.5985895e-05 0.000180585278 -0.0257707382 -0.0384734954 0.0291973675 
1624426394.84852362 -2.23095725 8.56883064 -0.201303722 -0.681394296 0.028820718 0.0143562024 -0.731207958 -0.0217677392 0.951832815 -0.0472975837 -1.22247913e-05 1.5985895e-05 0.000180585278 -0.0257707382 -0.0384734954 0.0291973675 
1624426394.85852885 -2.23118673 8.57838289 -0.201787513 -0.681711791 0.0285870077 0.0141631391 -0.730924909 -0.0241054039 0.957618531 -0.0494100923 -1.22247913e-05 1.5985895e-05 0.000180585278 -0.0257707382 -0.0384734954 0.0291973675 
1624426394.86853576 -2.23150642 8.5880126 -0.202281199 -0.682036152 0.028510799 0.0139337023 -0.730629642 -0.0397879041 0.96699322 -0.0492589862 -1.22247913e-05 1.5985895e-05 0.000180585278 -0.0257707382 -0.0384734954 0.0291973675 
1624426394.8785193 -2.23194858 8.59769384 -0.202805058 -0.682310509 0.0288123901 0.0138303705 -0.730363564 -0.0487888087 0.972446852 -0.0556855441 -1.22247913e-05 1.5985895e-05 0.000180585278 -0.0257707382 -0.0384734954 0.0291973675 
1624426394.88853884 -2.23243419 8.60735878 -0.203369804 -0.682594248 0.0290645762 0.013806681 -0.730088843 -0.0481452836 0.95677204 -0.0570433661 -1.22247913e-05 1.5985895e-05 0.000180585278 -0.0257707382 -0.0384734954 0.0291973675 
1624426394.89853835 -2.23389235 8.61445884 -0.200941276 -0.683075304 0.0283833758 0.0155926108 -0.729629621 -0.0483505483 0.922734015 -0.0308683073 7.02340064e-06 5.51948628e-05 0.000186297651 -0.025592383 -0.0384731969 0.0277751638 
1624426394.90856171 -2.23441223 8.62357554 -0.201143727 -0.683395749 0.0281942171 0.0156344876 -0.729335931 -0.0553819837 0.896356594 -0.00952750296 7.02340064e-06 5.51948628e-05 0.000186297651 -0.025592383 -0.0384731969 0.0277751638 
1624426394.91858697 -2.23507123 8.63252153 -0.201225394 -0.683725754 0.0279665595 0.0160759486 -0.72902574 -0.0760854458 0.888332867 -0.00676475877 7.02340064e-06 5.51948628e-05 0.000186297651 -0.025592383 -0.0384731969 0.0277751638 
1624426394.92853856 -2.2359242 8.64139493 -0.201406945 -0.684045805 0.0279039512 0.0165470327 -0.728717299 -0.095339871 0.894980431 -0.0297221962 7.02340064e-06 5.51948628e-05 0.000186297651 -0.025592383 -0.0384731969 0.0277751638 
1624426394.93851876 -2.23687045 8.65042433 -0.201785641 -0.684376006 0.028213647 0.0170368676 -0.728383976 -0.0942855562 0.914481909 -0.0461671495 7.02340064e-06 5.51948628e-05 0.000186297651 -0.025592383 -0.0384731969 0.0277751638 
1624426394.94853115 -2.23774915 8.65966244 -0.20224169 -0.684729229 0.0285517428 0.0169923944 -0.728039793 -0.0812354909 0.930854094 -0.0449297516 7.02340064e-06 5.51948628e-05 0.000186297651 -0.025592383 -0.0384731969 0.0277751638 
1624426394.95853162 -2.23850983 8.6689619 -0.202731805 -0.685090036 0.0288308788 0.0167713864 -0.727694402 -0.0708935266 0.928951322 -0.0530888293 7.02340064e-06 5.51948628e-05 0.000186297651 -0.025592383 -0.0384731969 0.0277751638 
1624426394.96853876 -2.2392074 8.67820269 -0.203273611 -0.68541807 0.0290003631 0.0164548621 -0.727385926 -0.0685208142 0.917887991 -0.0551949912 7.02340064e-06 5.51948628e-05 0.000186297651 -0.025592383 -0.0384731969 0.0277751638 
1624426394.9785018 -2.23993363 8.687291 -0.203767821 -0.685686168 0.029127159 0.0164125284 -0.727129092 -0.0772645856 0.906518019 -0.0440136371 7.02340064e-06 5.51948628e-05 0.000186297651 -0.025592383 -0.0384731969 0.0277751638 
1624426394.9885428 -2.24072894 8.69632644 -0.204174214 -0.68585795 0.029100411 0.0164508743 -0.726967267 -0.0811485527 0.8931898 -0.0369331866 7.02340064e-06 5.51948628e-05 0.000186297651 -0.025592383 -0.0384731969 0.0277751638 
1624426394.99856424 -2.23925569 8.70414401 -0.202933857 -0.685730558 0.0272526862 0.0159957425 -0.727169189 -0.0606609292 0.884694644 -0.0289054814 -3.45899078e-05 7.85172269e-05 0.000179438382 -0.0255254974 -0.0384159683 0.0270545101 
1624426395.00857091 -2.23980742 8.71302443 -0.203206494 -0.685830696 0.0272760079 0.0160918954 -0.727071748 -0.0496115512 0.890206621 -0.025585658 -3.45899078e-05 7.85172269e-05 0.000179438382 -0.0255254974 -0.0384159683 0.0270545101 
1624426395.01852655 -2.24027272 8.72190377 -0.203461635 -0.685954826 0.0273309837 0.0159771115 -0.726955105 -0.0438635298 0.893573931 -0.0256698658 -3.45899078e-05 7.85172269e-05 0.000179438382 -0.0255254974 -0.0384159683 0.0270545101 
1624426395.02853966 -2.24070866 8.73083201 -0.203778353 -0.686095968 0.0273254983 0.0158040819 -0.726825887 -0.0432114605 0.889736404 -0.0375909422 -3.45899078e-05 7.85172269e-05 0.000179438382 -0.0255254974 -0.0384159683 0.0270545101 
1624426395.03854012 -2.24115931 8.73968237 -0.204203139 -0.686226995 0.0273670364 0.0156538958 -0.726703868 -0.0469145116 0.880253478 -0.0473622915 -3.45899078e-05 7.85172269e-05 0.000179438382 -0.0255254974 -0.0384159683 0.0270545101 
1624426395.04853797 -2.24165769 8.74843059 -0.204664416 -0.686366342 0.0273793872 0.0155990765 -0.726572971 -0.0527823497 0.869767433 -0.04491293 -3.45899078e-05 7.85172269e-05 0.000179438382 -0.0255254974 -0.0384159683 0.0270545101 
1624426395.05853438 -2.24222668 8.75709814 -0.205081027 -0.686507701 0.0274375744 0.0156257415 -0.72643664 -0.061056551 0.864363723 -0.0384391886 -3.45899078e-05 7.85172269e-05 0.000179438382 -0.0255254974 -0.0384159683 0.0270545101 
1624426395.06852794 -2.24284978 8.76571562 -0.20544778 -0.686656451 0.0275122761 0.0157914894 -0.726289626 -0.0636443322 0.860245486 -0.0349586792 -3.45899078e-05 7.85172269e-05 0.000179438382 -0.0255254974 -0.0384159683 0.0270545101 
1624426395.07850838 -2.24347458 8.77429167 -0.20576275 -0.686792837 0.0275618524 0.0158834499 -0.726156773 -0.0615590385 0.858325856 -0.0281587349 -3.45899078e-05 7.85172269e-05 0.000179438382 -0.0255254974 -0.0384159683 0.0270545101 
1624426395.08854818 -2.24404937 8.78289705 -0.206034801 -0.686908458 0.0274902354 0.0158965167 -0.726049832 -0.0529446467 0.855926754 -0.0260357492 -3.45899078e-05 7.85172269e-05 0.000179438382 -0.0255254974 -0.0384159683 0.0270545101 
1624426395.0985465 -2.24404239 8.79061641 -0.205483101 -0.686956804 0.0264745726 0.0159952473 -0.726039667 -0.0389008524 0.845543596 -0.0373641781 -4.3365713e-05 9.39276361e-05 0.000178622887 -0.0254846657 -0.0383988506 0.0266327082 
1624426395.10854864 -2.24443975 8.79911446 -0.205908775 -0.68700849 0.0262578264 0.0157928596 -0.726003063 -0.0405537458 0.853701565 -0.0477524576 -4.3365713e-05 9.39276361e-05 0.000178622887 -0.0254846657 -0.0383988506 0.0266327082 
1624426395.11853504 -2.24489127 8.80773467 -0.206387048 -0.687022223 0.026216367 0.0155675951 -0.725996431 -0.0498735131 0.872689427 -0.0480322746 -4.3365713e-05 9.39276361e-05 0.000178622887 -0.0254846657 -0.0383988506 0.0266327082 
1624426395.12853479 -2.24544362 8.81651384 -0.206916658 -0.687013299 0.0264551832 0.0153866362 -0.72600007 -0.060599089 0.883188054 -0.0578924718 -4.3365713e-05 9.39276361e-05 0.000178622887 -0.0254846657 -0.0383988506 0.0266327082 
1624426395.13852358 -2.2460831 8.82530358 -0.207457536 -0.686993784 0.0268540686 0.0152480424 -0.726006816 -0.0674417394 0.876733692 -0.0504046123 -4.3365713e-05 9.39276361e-05 0.000178622887 -0.0254846657 -0.0383988506 0.0266327082 
1624426395.14853048 -2.24674479 8.83397714 -0.207892277 -0.686985775 0.0270371912 0.0152631644 -0.72600728 -0.0648043858 0.856780387 -0.036483482 -4.3365713e-05 9.39276361e-05 0.000178622887 -0.0254846657 -0.0383988506 0.0266327082 
1624426395.15852737 -2.24742444 8.8424248 -0.208246486 -0.687045456 0.0270303506 0.0153556661 -0.725949106 -0.0711689286 0.833278619 -0.0343803991 -4.3365713e-05 9.39276361e-05 0.000178622887 -0.0254846657 -0.0383988506 0.0266327082 
1624426395.16853476 -2.24820001 8.85069722 -0.208577611 -0.687130338 0.0268293221 0.0156761773 -0.725869371 -0.083829659 0.819984617 -0.0317957367 -4.3365713e-05 9.39276361e-05 0.000178622887 -0.0254846657 -0.0383988506 0.0266327082 
1624426395.17852545 -2.24907743 8.85894294 -0.208936312 -0.687211756 0.0266672468 0.0161289446 -0.725788342 -0.0918171454 0.830696409 -0.0400112476 -4.3365713e-05 9.39276361e-05 0.000178622887 -0.0254846657 -0.0383988506 0.0266327082 
1624426395.18855286 -2.24998725 8.86740597 -0.209380908 -0.687276868 0.0267983407 0.0164149396 -0.725715444 -0.0896509775 0.857281808 -0.0486650625 -4.3365713e-05 9.39276361e-05 0.000178622887 -0.0254846657 -0.0383988506 0.0266327082 
1624426395.19862771 -2.24752786 8.87451616 -0.207001371 -0.687640835 0.0240540263 0.015202297 -0.725493195 -0.0572479359 0.865721798 -0.0347931738 -0.000107495196 0.00012862001 0.000183722777 -0.025415886 -0.0383261246 0.025335772 
1624426395.20856214 -2.2480509 8.88310499 -0.207382839 -0.687713008 0.0243129687 0.0148642647 -0.725423153 -0.0480496667 0.863380993 -0.0420040603 -0.000107495196 0.00012862001 0.000183722777 -0.025415886 -0.0383261246 0.025335772 
1624426395.21855617 -2.24847278 8.89168323 -0.20781691 -0.687704102 0.0244069375 0.0144465681 -0.72543688 -0.0363779112 0.853293295 -0.0448620825 -0.000107495196 0.00012862001 0.000183722777 -0.025415886 -0.0383261246 0.025335772 
1624426395.22854114 -2.24878122 8.90012891 -0.208222908 -0.68761777 0.0244042222 0.0142351148 -0.725522982 -0.0254013804 0.838385484 -0.0364596198 -0.000107495196 0.00012862001 0.000183722777 -0.025415886 -0.0383261246 0.025335772 
1624426395.23852277 -2.2490386 8.9084288 -0.208532378 -0.687496489 0.0241715299 0.0141169603 -0.725648004 -0.0261691687 0.824646645 -0.0255483375 -0.000107495196 0.00012862001 0.000183722777 -0.025415886 -0.0383261246 0.025335772 
1624426395.2485261 -2.2492883 8.91666435 -0.208746547 -0.687341657 0.0239777638 0.0141754921 -0.725799951 -0.0237549527 0.821915072 -0.0172712764 -0.000107495196 0.00012862001 0.000183722777 -0.025415886 -0.0383261246 0.025335772 
1624426395.25852776 -2.2495042 8.92492232 -0.20888906 -0.687205774 0.0237734711 0.0141818047 -0.725935205 -0.0194171071 0.829405312 -0.011226594 -0.000107495196 0.00012862001 0.000183722777 -0.025415886 -0.0383261246 0.025335772 
1624426395.26852894 -2.24968738 8.93326683 -0.209020397 -0.687121215 0.0236980244 0.0141370338 -0.726018583 -0.0172160071 0.839299077 -0.0150375718 -0.000107495196 0.00012862001 0.000183722777 -0.025415886 -0.0383261246 0.025335772 
1624426395.27851915 -2.24984468 8.94168988 -0.209242337 -0.687078387 0.0236756553 0.0139361049 -0.726063729 -0.0142744262 0.84696127 -0.029393912 -0.000107495196 0.00012862001 0.000183722777 -0.025415886 -0.0383261246 0.025335772 
1624426395.28856754 -2.24997056 8.95020271 -0.209554197 -0.687088926 0.0237226977 0.0136765696 -0.726057155 -0.0107792046 0.847404998 -0.0326777022 -0.000107495196 0.00012862001 0.000183722777 -0.025415886 -0.0383261246 0.025335772 
1624426395.29854059 -2.25267588 8.95704327 -0.208240155 -0.686747883 0.0243885798 0.015750647 -0.726315675 -0.0295746655 0.833155154 -0.0281877996 -5.74509481e-05 0.000155329662 0.000175494373 -0.0253412688 -0.0383632997 0.0244561359 
1624426395.30855823 -2.25299108 8.96535984 -0.208536466 -0.686877831 0.0244487749 0.0155696818 -0.726194662 -0.0333533265 0.82723055 -0.0309699613 -5.74509481e-05 0.000155329662 0.000175494373 -0.0253412688 -0.0383632997 0.0244561359 
1624426395.31853557 -2.25333431 8.97358841 -0.208805332 -0.687023245 0.0245490237 0.0155754798 -0.726053587 -0.0354482218 0.822222191 -0.0229254396 -5.74509481e-05 0.000155329662 0.000175494373 -0.0253412688 -0.0383632997 0.0244561359 
1624426395.3285377 -2.25368884 8.98178871 -0.208973455 -0.687166335 0.0245651222 0.0156100361 -0.725916875 -0.0354429831 0.817488252 -0.0106919696 -5.74509481e-05 0.000155329662 0.000175494373 -0.0253412688 -0.0383632997 0.0244561359 
1624426395.33853984 -2.25404699 8.98998377 -0.209063325 -0.687318784 0.0246050758 0.0156216479 -0.72577093 -0.0361715917 0.821172205 -0.00727815465 -5.74509481e-05 0.000155329662 0.000175494373 -0.0253412688 -0.0383632997 0.0244561359 
1624426395.34857178 -2.25439396 8.99823622 -0.209144412 -0.687495617 0.0246335202 0.015578259 -0.725603393 -0.0330014815 0.824062899 -0.00888763354 -5.74509481e-05 0.000155329662 0.000175494373 -0.0253412688 -0.0383632997 0.0244561359 
1624426395.35852599 -2.25473964 9.00644107 -0.20922459 -0.687664448 0.0247651043 0.0154035626 -0.725442642 -0.0364533528 0.824455758 -0.00722169861 -5.74509481e-05 0.000155329662 0.000175494373 -0.0253412688 -0.0383632997 0.0244561359 
1624426395.36853385 -2.25510094 9.01469192 -0.209344923 -0.687800724 0.0248154287 0.0152541928 -0.725314875 -0.0357486328 0.824418048 -0.0168260479 -5.74509481e-05 0.000155329662 0.000175494373 -0.0253412688 -0.0383632997 0.0244561359 
1624426395.37855148 -2.25544874 9.0229197 -0.209604357 -0.687884516 0.0248779411 0.0150553764 -0.725237421 -0.0336896464 0.81824264 -0.0349694657 -5.74509481e-05 0.000155329662 0.000175494373 -0.0253412688 -0.0383632997 0.0244561359 
1624426395.38853502 -2.25579832 9.03101446 -0.209892702 -0.687913054 0.0248385807 0.0148654103 -0.72521562 -0.0363408154 0.8033782 -0.022794641 -5.74509481e-05 0.000155329662 0.000175494373 -0.0253412688 -0.0383632997 0.0244561359 
1624426395.39853668 -2.25669826 9.04069232 -0.209193254 -0.687892134 0.025858772 0.0140774282 -0.725215528 -0.0421003471 0.80212338 0.00229299339 -5.04907701e-05 0.000121790589 0.000175118962 -0.0253595779 -0.0383814024 0.0240683477 
1624426395.40855026 -2.25716129 9.04868401 -0.209166957 -0.68783206 0.0256279756 0.0142103025 -0.725278106 -0.0503790127 0.794046859 0.00295932161 -5.04907701e-05 0.000121790589 0.000175118962 -0.0253595779 -0.0383814024 0.0240683477 
1624426395.41852951 -2.25776049 9.05658089 -0.20911488 -0.687766481 0.0255164788 0.0145061812 -0.725338367 -0.0697098924 0.788612816 0.00747769486 -5.04907701e-05 0.000121790589 0.000175118962 -0.0253595779 -0.0383814024 0.0240683477 
1624426395.42853999 -2.25854101 9.06454185 -0.209071519 -0.687691495 0.0254732039 0.014998578 -0.725400969 -0.0862311294 0.80191164 0.00118556208 -5.04907701e-05 0.000121790589 0.000175118962 -0.0253595779 -0.0383814024 0.0240683477 
1624426395.43852639 -2.25941996 9.07267535 -0.209126195 -0.687691745 0.025711098 0.0153394826 -0.725385211 -0.0897977775 0.827005203 -0.0121357588 -5.04907701e-05 0.000121790589 0.000175118962 -0.0253595779 -0.0383814024 0.0240683477 
1624426395.44853783 -2.26032329 9.08106535 -0.209242746 -0.687786959 0.0260081602 0.015316372 -0.725284829 -0.0906622145 0.849077787 -0.0111477611 -5.04907701e-05 0.000121790589 0.000175118962 -0.0253595779 -0.0383814024 0.0240683477 
1624426395.4585433 -2.26123255 9.08960727 -0.209316811 -0.687905299 0.026483176 0.0152543025 -0.725156705 -0.091091171 0.858371792 -0.00365715075 -5.04907701e-05 0.000121790589 0.000175118962 -0.0253595779 -0.0383814024 0.0240683477 
1624426395.46853638 -2.26213749 9.09818234 -0.209421468 -0.687996435 0.0266783612 0.0150569653 -0.725067209 -0.0900225323 0.857830317 -0.0172886908 -5.04907701e-05 0.000121790589 0.000175118962 -0.0253595779 -0.0383814024 0.0240683477 
1624426395.4785223 -2.26302532 9.10671621 -0.209627605 -0.688033491 0.0267765329 0.0149866967 -0.725029883 -0.0877918729 0.851349283 -0.0239968108 -5.04907701e-05 0.000121790589 0.000175118962 -0.0253595779 -0.0383814024 0.0240683477 
1624426395.48853326 -2.26387991 9.11524896 -0.209845971 -0.688006297 0.0267087051 0.015096964 -0.725055902 -0.0829392267 0.853333384 -0.0196286614 -5.04907701e-05 0.000121790589 0.000175118962 -0.0253595779 -0.0383814024 0.0240683477 
1624426395.49854994 -2.26152925 9.11932076 -0.209594617 -0.687889178 0.0222868963 0.0161075246 -0.725294644 -0.0523698431 0.834259376 -0.0102297528 -0.000105750255 0.000212915225 0.00017443178 -0.0252850117 -0.0383069273 0.0239240237 
1624426395.50856328 -2.26198574 9.12776264 -0.209661633 -0.687713587 0.0222553391 0.0160178898 -0.725464093 -0.0388074067 0.851866322 -0.00315560908 -0.000105750255 0.000212915225 0.00017443178 -0.0252850117 -0.0383069273 0.0239240237 
1624426395.51854348 -2.2623427 9.13629927 -0.209602761 -0.687511843 0.0221702291 0.0157196174 -0.725664413 -0.0327265549 0.858846843 0.0149533525 -0.000105750255 0.000212915225 0.00017443178 -0.0252850117 -0.0383069273 0.0239240237 
1624426395.5285399 -2.26262341 9.14488438 -0.209459697 -0.687313129 0.0222136197 0.0156213701 -0.725853423 -0.0234341067 0.858789844 0.0136696706 -0.000105750255 0.000212915225 0.00017443178 -0.0252850117 -0.0383069273 0.0239240237 
1624426395.53852057 -2.26282356 9.15344461 -0.209380882 -0.687156891 0.0220413618 0.0154032137 -0.726011244 -0.0166735503 0.856571739 0.00212387876 -0.000105750255 0.000212915225 0.00017443178 -0.0252850117 -0.0383069273 0.0239240237 
1624426395.54853129 -2.26293459 9.16201268 -0.209377983 -0.687073432 0.0219642897 0.0154283337 -0.72609203 -0.00550911967 0.855206044 -0.0015446355 -0.000105750255 0.000212915225 0.00017443178 -0.0252850117 -0.0383069273 0.0239240237 
1624426395.55852771 -2.26294735 9.17059852 -0.209411156 -0.687066444 0.0216650911 0.0153631925 -0.726109012 0.00295596476 0.862577866 -0.00509244046 -0.000105750255 0.000212915225 0.00017443178 -0.0252850117 -0.0383069273 0.0239240237 
1624426395.56852865 -2.26288188 9.17927863 -0.209470885 -0.687126235 0.0215029576 0.0153651822 -0.72605721 0.0101366643 0.87328175 -0.00685213666 -0.000105750255 0.000212915225 0.00017443178 -0.0252850117 -0.0383069273 0.0239240237 
1624426395.57850242 -2.26278224 9.18806058 -0.209507865 -0.68724157 0.0213231683 0.0151830819 -0.725957176 0.00984332864 0.887727911 -0.000563368501 -0.000105750255 0.000212915225 0.00017443178 -0.0252850117 -0.0383069273 0.0239240237 
1624426395.58856487 -2.26269644 9.19704439 -0.209502907 -0.6874288 0.0213628182 0.0151511307 -0.725779387 0.00721066835 0.897882261 0.00154872991 -0.000105750255 0.000212915225 0.00017443178 -0.0252850117 -0.0383069273 0.0239240237 
1624426395.59852624 -2.26715206 9.21170404 -0.210416896 -0.684702241 0.0271808029 0.0141029323 -0.728179341 -0.0267230118 0.946313006 -0.00928879438 -2.38533358e-05 9.61576416e-05 0.000100250779 -0.0253495299 -0.0383996201 0.0242511622 
1624426395.60855389 -2.26742268 9.22120881 -0.210506735 -0.684926702 0.0272710832 0.0140464585 -0.727965932 -0.0272511922 0.949398861 -0.00862947991 -2.38533358e-05 9.61576416e-05 0.000100250779 -0.0253495299 -0.0383996201 0.0242511622 
1624426395.61853266 -2.26767689 9.23067574 -0.210616867 -0.685144955 0.0272029221 0.0139656684 -0.727764627 -0.0236995608 0.948014611 -0.0134436895 -2.38533358e-05 9.61576416e-05 0.000100250779 -0.0253495299 -0.0383996201 0.0242511622 
1624426395.62860346 -2.26793652 9.2401956 -0.21072625 -0.685366194 0.0271563423 0.0139381837 -0.727558548 -0.0278607557 0.94257253 -0.00827914131 -2.38533358e-05 9.61576416e-05 0.000100250779 -0.0253495299 -0.0383996201 0.0242511622 
1624426395.63852978 -2.26821899 9.24952742 -0.210693783 -0.685540071 0.02698353 0.0139056219 -0.727401769 -0.0290529802 0.937644799 0.0148207625 -2.38533358e-05 9.61576416e-05 0.000100250779 -0.0253495299 -0.0383996201 0.0242511622 
1624426395.64856386 -2.26853108 9.25894114 -0.21048161 -0.685633328 0.0267969594 0.0139509007 -0.727319899 -0.0331525956 0.938703263 0.027469719 -2.38533358e-05 9.61576416e-05 0.000100250779 -0.0253495299 -0.0383996201 0.0242511622 
1624426395.65854359 -2.26886695 9.26833037 -0.210246314 -0.685680882 0.0265426694 0.0138534124 -0.727286256 -0.034157115 0.942958417 0.0196851205 -2.38533358e-05 9.61576416e-05 0.000100250779 -0.0253495299 -0.0383996201 0.0242511622 
1624426395.66851377 -2.26925858 9.27774495 -0.210078603 -0.685673099 0.0263013249 0.0135701331 -0.727307701 -0.0444032145 0.945588879 0.0139573761 -2.38533358e-05 9.61576416e-05 0.000100250779 -0.0253495299 -0.0383996201 0.0242511622 
1624426395.67851734 -2.26977071 9.28724377 -0.209972833 -0.685633825 0.0262676135 0.0134994883 -0.727347259 -0.057987764 0.953497338 0.00718908051 -2.38533358e-05 9.61576416e-05 0.000100250779 -0.0253495299 -0.0383996201 0.0242511622 
1624426395.68854547 -2.27046246 9.29686543 -0.210057859 -0.685559841 0.026390415 0.0134368705 -0.727413707 -0.0799745251 0.965437186 -0.024146631 -2.38533358e-05 9.61576416e-05 0.000100250779 -0.0253495299 -0.0383996201 0.0242511622 
1624426395.69853139 -2.26928276 9.30199304 -0.209950912 -0.685433157 0.0230991047 0.0149659612 -0.727615173 -0.0740325764 0.921389693 -0.0421993164 -5.82325807e-05 0.000184806279 9.90611934e-05 -0.0252600108 -0.0383546517 0.0241066026 
1624426395.70854115 -2.27008139 9.31109779 -0.210219442 -0.685348756 0.0233189302 0.0150409538 -0.727686113 -0.0855376629 0.897782574 -0.0114543085 -5.82325807e-05 0.000184806279 9.90611934e-05 -0.0252600108 -0.0383546517 0.0241066026 
1624426395.71857238 -2.27095444 9.31999567 -0.21014734 -0.68525645 0.0230511919 0.0154186837 -0.727773663 -0.0885287382 0.876254566 0.025829814 -5.82325807e-05 0.000184806279 9.90611934e-05 -0.0252600108 -0.0383546517 0.0241066026 
1624426395.72854185 -2.27187183 9.32875311 -0.209886889 -0.685159683 0.0227163154 0.015618014 -0.727871043 -0.0955108187 0.880596898 0.026419926 -5.82325807e-05 0.000184806279 9.90611934e-05 -0.0252600108 -0.0383546517 0.0241066026 
1624426395.73854923 -2.27289199 9.33764064 -0.209632897 -0.685045835 0.0225648505 0.0158750603 -0.727977344 -0.108369773 0.8955981 0.0243409365 -5.82325807e-05 0.000184806279 9.90611934e-05 -0.0252600108 -0.0383546517 0.0241066026 
1624426395.74853134 -2.27402225 9.34668327 -0.209509578 -0.684862321 0.0225933847 0.0160546011 -0.728145171 -0.11808745 0.916168631 0.000367148268 -5.82325807e-05 0.000184806279 9.90611934e-05 -0.0252600108 -0.0383546517 0.0241066026 
1624426395.75857949 -2.27520768 9.35594202 -0.209654905 -0.684633207 0.0229286964 0.0160637678 -0.728349918 -0.117862161 0.926708379 -0.0292932905 -5.82325807e-05 0.000184806279 9.90611934e-05 -0.0252600108 -0.0383546517 0.0241066026 
1624426395.76853085 -2.27633833 9.36510053 -0.209979724 -0.684412017 0.0230963155 0.0158372639 -0.728557433 -0.10937433 0.913946892 -0.0359880997 -5.82325807e-05 0.000184806279 9.90611934e-05 -0.0252600108 -0.0383546517 0.0241066026 
1624426395.77853012 -2.27741795 9.37420681 -0.210285002 -0.684146923 0.023332255 0.0158664813 -0.728798222 -0.106564361 0.907442461 -0.0250718796 -5.82325807e-05 0.000184806279 9.90611934e-05 -0.0252600108 -0.0383546517 0.0241066026 
1624426395.78854489 -2.27847517 9.38326276 -0.210444483 -0.683868318 0.0232261822 0.0157455921 -0.729065666 -0.104567526 0.90107537 -0.00677723321 -5.82325807e-05 0.000184806279 9.90611934e-05 -0.0252600108 -0.0383546517 0.0241066026 
1624426395.79855275 -2.27638094 9.39875971 -0.210934447 -0.685050112 0.0248433872 0.0103649693 -0.727998432 -0.0869515216 0.947171888 -0.00255212319 -0.00012692103 6.10949572e-05 0.000132881074 -0.0253698739 -0.0382920636 0.0243977754 
1624426395.80856109 -2.27727074 9.40823809 -0.210873696 -0.684724563 0.0248006228 0.010296151 -0.728307072 -0.0908603845 0.946925578 0.014692293 -0.00012692103 6.10949572e-05 0.000132881074 -0.0253698739 -0.0382920636 0.0243977754 
1624426395.81853414 -2.27818837 9.41768989 -0.210766904 -0.684414617 0.0248193551 0.0104585175 -0.728595396 -0.0931609485 0.948542639 0.00672381745 -0.00012692103 6.10949572e-05 0.000132881074 -0.0253698739 -0.0382920636 0.0243977754 
1624426395.82853961 -2.27908747 9.42715657 -0.210795894 -0.684128944 0.024889059 0.010420883 -0.728861803 -0.0865607808 0.943757152 -0.0125186949 -0.00012692103 6.10949572e-05 0.000132881074 -0.0253698739 -0.0382920636 0.0243977754 
1624426395.83852339 -2.27994197 9.4365651 -0.210902769 -0.683869224 0.0248881316 0.01048177 -0.729104655 -0.084616556 0.941005258 -0.00889096056 -0.00012692103 6.10949572e-05 0.000132881074 -0.0253698739 -0.0382920636 0.0243977754 
1624426395.84852886 -2.28076358 9.44600509 -0.211023715 -0.683613689 0.0247642732 0.0104994965 -0.729348212 -0.0796151742 0.94596011 -0.0152850736 -0.00012692103 6.10949572e-05 0.000132881074 -0.0253698739 -0.0382920636 0.0243977754 
1624426395.85854077 -2.28156633 9.45548576 -0.21116986 -0.683363838 0.0246209304 0.010313052 -0.729589827 -0.0807445953 0.947918669 -0.0139091952 -0.00012692103 6.10949572e-05 0.000132881074 -0.0253698739 -0.0382920636 0.0243977754 
1624426395.8685298 -2.28236456 9.46497545 -0.211244775 -0.683113089 0.0246126603 0.0103317524 -0.729824623 -0.0790759836 0.952104621 -0.00109025183 -0.00012692103 6.10949572e-05 0.000132881074 -0.0253698739 -0.0382920636 0.0243977754 
1624426395.87852979 -2.28318738 9.47450588 -0.211241517 -0.682852472 0.02453525 0.0101777941 -0.730073239 -0.0854882477 0.953982579 0.0017418672 -0.00012692103 6.10949572e-05 0.000132881074 -0.0253698739 -0.0382920636 0.0243977754 
1624426395.88854384 -2.2840785 9.4840506 -0.21121846 -0.68257864 0.0246275809 0.0102134738 -0.730325658 -0.092485289 0.952282045 0.00286310396 -0.00012692103 6.10949572e-05 0.000132881074 -0.0253698739 -0.0382920636 0.0243977754 
1624426395.89857745 -2.28298448 9.49476059 -0.213195681 -0.682421694 0.024288598 0.00848272936 -0.73050581 -0.0920003793 0.959796083 -0.00341487437 -0.000166670837 4.00961888e-05 0.000134772631 -0.025386342 -0.0382233266 0.0254564041 
1624426395.90861917 -2.28390742 9.50430659 -0.213209326 -0.682132422 0.0244063603 0.0086385187 -0.730770186 -0.0918194533 0.941472708 0.000697291964 -0.000166670837 4.00961888e-05 0.000134772631 -0.025386342 -0.0382233266 0.0254564041 
1624426395.91854119 -2.28483034 9.51355052 -0.213136002 -0.681837815 0.0243167361 0.00876236639 -0.731046586 -0.0942169245 0.921842824 0.0140826656 -0.000166670837 4.00961888e-05 0.000134772631 -0.025386342 -0.0382233266 0.0254564041 
1624426395.92855144 -2.2857708 9.5226731 -0.212909846 -0.681515047 0.0239692639 0.00905879527 -0.731355354 -0.0936821744 0.900806886 0.0311022952 -0.000166670837 4.00961888e-05 0.000134772631 -0.025386342 -0.0382233266 0.0254564041 
1624426395.93853927 -2.28675331 9.53167711 -0.212609734 -0.681134609 0.0234817839 0.00942211358 -0.731720899 -0.103059245 0.902188533 0.028993247 -0.000166670837 4.00961888e-05 0.000134772631 -0.025386342 -0.0382233266 0.0254564041 
1624426395.94853187 -2.28777955 9.54079156 -0.212406699 -0.680684663 0.0231530849 0.00974691659 -0.732145697 -0.102340099 0.922052248 0.0116439011 -0.000166670837 4.00961888e-05 0.000134772631 -0.025386342 -0.0382233266 0.0254564041 
1624426395.95852494 -2.28876611 9.55017006 -0.212426946 -0.680198798 0.0230887681 0.00973201353 -0.732599339 -0.0951080663 0.954946044 -0.0156961092 -0.000166670837 4.00961888e-05 0.000134772631 -0.025386342 -0.0382233266 0.0254564041 
1624426395.9685297 -2.2896308 9.55982601 -0.212681457 -0.67968604 0.0232536297 0.00932898312 -0.733075116 -0.0777477581 0.97532517 -0.0351820348 -0.000166670837 4.00961888e-05 0.000134772631 -0.025386342 -0.0382233266 0.0254564041 
1624426395.97852468 -2.29035263 9.56954137 -0.213075954 -0.679185724 0.0232516031 0.00854457919 -0.733548298 -0.0666913857 0.968722119 -0.0437568143 -0.000166670837 4.00961888e-05 0.000134772631 -0.025386342 -0.0382233266 0.0254564041 
1624426395.98853612 -2.2910196 9.57913101 -0.213531766 -0.678671302 0.0232494724 0.00813948304 -0.734028934 -0.0665496504 0.947015725 -0.0473015436 -0.000166670837 4.00961888e-05 0.000134772631 -0.025386342 -0.0382233266 0.0254564041 
1624426395.99857044 -2.29238427 9.5900436 -0.211847713 -0.678230095 0.0242408877 0.00740031154 -0.734412386 -0.0736912348 0.93798182 -0.0205215697 -0.000157682541 9.81664095e-06 0.000136513614 -0.0254160103 -0.0382570496 0.0244007752 
1624426396.00854635 -2.29316418 9.59933835 -0.21193173 -0.677787602 0.0241603068 0.00778572082 -0.734819454 -0.0826670242 0.92545645 0.00367745571 -0.000157682541 9.81664095e-06 0.000136513614 -0.0254160103 -0.0382570496 0.0244007752 
1624426396.01854086 -2.29396927 9.60863198 -0.21185243 -0.677451026 0.024077202 0.00821171049 -0.735127855 -0.078440022 0.934292163 0.0121913986 -0.000157682541 9.81664095e-06 0.000136513614 -0.0254160103 -0.0382570496 0.0244007752 
1624426396.0285399 -2.29469977 9.61805183 -0.211754852 -0.677264085 0.0239603603 0.00840677542 -0.735301698 -0.0676735339 0.949858342 0.00732600451 -0.000157682541 9.81664095e-06 0.000136513614 -0.0254160103 -0.0382570496 0.0244007752 
1624426396.03853297 -2.29532276 9.627598 -0.211750884 -0.677201137 0.0239000736 0.00833726763 -0.735362425 -0.0570112534 0.960698174 -0.00653186241 -0.000157682541 9.81664095e-06 0.000136513614 -0.0254160103 -0.0382570496 0.0244007752 
1624426396.0485332 -2.29588192 9.6372148 -0.21186368 -0.677216199 0.0238654158 0.00814351129 -0.735351851 -0.054818577 0.96261923 -0.0160268574 -0.000157682541 9.81664095e-06 0.000136513614 -0.0254160103 -0.0382570496 0.0244007752 
1624426396.05853724 -2.29644906 9.64683213 -0.212118335 -0.677254091 0.0239895434 0.00821937787 -0.73531207 -0.0585629357 0.96006971 -0.0348835522 -0.000157682541 9.81664095e-06 0.000136513614 -0.0254160103 -0.0382570496 0.0244007752 
1624426396.06853342 -2.29704246 9.6564023 -0.212471628 -0.677304463 0.0241702523 0.00814929915 -0.735260533 -0.0601628911 0.954695523 -0.0358019347 -0.000157682541 9.81664095e-06 0.000136513614 -0.0254160103 -0.0382570496 0.0244007752 
1624426396.07853031 -2.2975958 9.66593086 -0.212762251 -0.677340351 0.0243806695 0.00841186977 -0.735217568 -0.0505405107 0.951609094 -0.0223408943 -0.000157682541 9.81664095e-06 0.000136513614 -0.0254160103 -0.0382570496 0.0244007752 
1624426396.08854198 -2.29798805 9.6754311 -0.212939296 -0.677367334 0.0243224911 0.00837639399 -0.73519504 -0.0278173315 0.946223522 -0.013026651 -0.000157682541 9.81664095e-06 0.000136513614 -0.0254160103 -0.0382570496 0.0244007752 
1624426396.09854937 -2.30185467 9.68462773 -0.2138936 -0.677881652 0.0260843094 0.0105179364 -0.734632866 -0.0313113613 0.939308989 -0.0153248544 -8.18130365e-05 1.04034637e-05 0.000151553776 -0.025447358 -0.0383263542 0.0246944325 
1624426396.10855412 -2.30213056 9.69402024 -0.214021569 -0.677879803 0.0257684259 0.0103112235 -0.73464865 -0.0238410225 0.938299147 -0.0102568678 -8.18130365e-05 1.04034637e-05 0.000151553776 -0.025447358 -0.0383263542 0.0246944325 
1624426396.11854029 -2.3024362 9.70340531 -0.214097169 -0.677864854 0.0256052245 0.0101743356 -0.734670059 -0.0373726398 0.941317256 -0.00488396139 -8.18130365e-05 1.04034637e-05 0.000151553776 -0.025447358 -0.0383263542 0.0246944325 
1624426396.12853312 -2.30287132 9.71283442 -0.214221703 -0.677829011 0.0256556836 0.0101160193 -0.734702173 -0.0497121362 0.945855063 -0.0200407893 -8.18130365e-05 1.04034637e-05 0.000151553776 -0.025447358 -0.0383263542 0.0246944325 
1624426396.13852215 -2.3033887 9.72227998 -0.214530951 -0.677807829 0.0258889708 0.0100504767 -0.734714432 -0.0538787512 0.945333245 -0.0418768125 -8.18130365e-05 1.04034637e-05 0.000151553776 -0.025447358 -0.0383263542 0.0246944325 
1624426396.14853024 -2.3039108 9.73169466 -0.214899591 -0.677849377 0.0260963515 0.0100338054 -0.73466899 -0.0504561099 0.936080519 -0.0317915779 -8.18130365e-05 1.04034637e-05 0.000151553776 -0.025447358 -0.0383263542 0.0246944325 
1624426396.15853357 -2.30440713 9.74096211 -0.215070211 -0.677958254 0.0262271555 0.0100991676 -0.734562965 -0.048777251 0.916793006 -0.00232099824 -8.18130365e-05 1.04034637e-05 0.000151553776 -0.025447358 -0.0383263542 0.0246944325 
1624426396.16853094 -2.30490342 9.75006927 -0.215051572 -0.67812442 0.0260117458 0.0102627194 -0.734414962 -0.0505077195 0.905117869 0.00604974226 -8.18130365e-05 1.04034637e-05 0.000151553776 -0.025447358 -0.0383263542 0.0246944325 
1624426396.17852807 -2.30545972 9.75908567 -0.214963138 -0.678319176 0.0260148814 0.0105673723 -0.734230653 -0.0607829888 0.898679072 0.0116421952 -8.18130365e-05 1.04034637e-05 0.000151553776 -0.025447358 -0.0383263542 0.0246944325 
1624426396.18855095 -2.30612085 9.76814678 -0.214891107 -0.678527015 0.0259271701 0.0109023824 -0.73403679 -0.0711421229 0.909406246 0.00273119576 -8.18130365e-05 1.04034637e-05 0.000151553776 -0.025447358 -0.0383263542 0.0246944325 
1624426396.19854879 -2.30691132 9.7791807 -0.216997308 -0.678691322 0.0271946619 0.0101870897 -0.733849278 -0.0631093412 0.943562901 -0.0278273819 -7.9140645e-05 -2.6904696e-05 0.000151581102 -0.0255146465 -0.0382990519 0.0257023603 
1624426396.2085588 -2.30749711 9.78867183 -0.217356701 -0.678863856 0.0273030598 0.00993625965 -0.733689089 -0.0539319882 0.952767781 -0.0439793882 -7.9140645e-05 -2.6904696e-05 0.000151581102 -0.0255146465 -0.0382990519 0.0257023603 
1624426396.21854568 -2.30800644 9.79816431 -0.217827579 -0.678980242 0.0274640233 0.00978712121 -0.733577379 -0.0480665735 0.948221862 -0.0503198658 -7.9140645e-05 -2.6904696e-05 0.000151581102 -0.0255146465 -0.0382990519 0.0257023603 
1624426396.22854471 -2.30850672 9.80761698 -0.218381277 -0.679015213 0.0275729325 0.00952952713 -0.733544315 -0.0520002586 0.942493479 -0.0604303171 -7.9140645e-05 -2.6904696e-05 0.000151581102 -0.0255146465 -0.0382990519 0.0257023603 
1624426396.23852634 -2.30904357 9.81698324 -0.218963314 -0.679004085 0.0276081835 0.00954057279 -0.733553146 -0.0555670935 0.934205885 -0.0561913682 -7.9140645e-05 -2.6904696e-05 0.000151581102 -0.0255146465 -0.0382990519 0.0257023603 
1624426396.24852395 -2.30958543 9.82630272 -0.219468272 -0.678949982 0.027700403 0.00966161989 -0.733598162 -0.052830112 0.930136742 -0.0448243751 -7.9140645e-05 -2.6904696e-05 0.000151581102 -0.0255146465 -0.0382990519 0.0257023603 
1624426396.25853181 -2.31011989 9.83565072 -0.219865124 -0.678879056 0.0276273262 0.00976290692 -0.733665213 -0.0539774631 0.937995785 -0.0344837513 -7.9140645e-05 -2.6904696e-05 0.000151581102 -0.0255146465 -0.0382990519 0.0257023603 
1624426396.2685163 -2.31064901 9.84508559 -0.220182129 -0.678828806 0.027665764 0.00972885135 -0.733710711 -0.0520119498 0.951908473 -0.0290156987 -7.9140645e-05 -2.6904696e-05 0.000151581102 -0.0255146465 -0.0382990519 0.0257023603 
1624426396.27851558 -2.31119692 9.85462206 -0.22046966 -0.678812665 0.0276552094 0.00956955656 -0.733728137 -0.0575773927 0.955524493 -0.0284947432 -7.9140645e-05 -2.6904696e-05 0.000151581102 -0.0255146465 -0.0382990519 0.0257023603 
1624426396.28854704 -2.31180699 9.86421322 -0.220830188 -0.678797984 0.0277847372 0.00959774345 -0.733736457 -0.0640544123 0.956690436 -0.0433847129 -7.9140645e-05 -2.6904696e-05 0.000151581102 -0.0255146465 -0.0382990519 0.0257023603 
1624426396.29854894 -2.31298604 9.87096938 -0.219843594 -0.678882499 0.0266326571 0.0113682214 -0.73367569 -0.0696778848 0.935943592 -0.0464976478 -6.62356402e-05 3.01136535e-05 0.000154267228 -0.0254345573 -0.0383401017 0.024952174 
1624426396.30854654 -2.31367203 9.88029429 -0.220301907 -0.678914713 0.0267525735 0.0114432252 -0.733640352 -0.0675515967 0.929485144 -0.0451870345 -6.62356402e-05 3.01136535e-05 0.000154267228 -0.0254345573 -0.0383401017 0.024952174 
1624426396.31854463 -2.31433793 9.88957824 -0.220739018 -0.67894904 0.0267790126 0.0114576246 -0.733607394 -0.0656545556 0.927661718 -0.0422518674 -6.62356402e-05 3.01136535e-05 0.000154267228 -0.0254345573 -0.0383401017 0.024952174 
1624426396.3285358 -2.31499388 9.89887466 -0.221101946 -0.678999291 0.0268714379 0.0115346993 -0.733556296 -0.0656516278 0.933266057 -0.0303978906 -6.62356402e-05 3.01136535e-05 0.000154267228 -0.0254345573 -0.0383401017 0.024952174 
1624426396.33857942 -2.31568001 9.90828803 -0.221394386 -0.679060764 0.0269336501 0.0115703926 -0.733496546 -0.0709788577 0.941231144 -0.0278360974 -6.62356402e-05 3.01136535e-05 0.000154267228 -0.0254345573 -0.0383401017 0.024952174 
1624426396.34852576 -2.31639316 9.91768499 -0.221746276 -0.679117642 0.0270975229 0.0116149206 -0.733437145 -0.0724203554 0.948297913 -0.0429215847 -6.62356402e-05 3.01136535e-05 0.000154267228 -0.0254345573 -0.0383401017 0.024952174 
1624426396.35853362 -2.3170962 9.92723846 -0.222299575 -0.679176048 0.0272655445 0.0115664649 -0.733377599 -0.0680774731 0.960896239 -0.067651243 -6.62356402e-05 3.01136535e-05 0.000154267228 -0.0254345573 -0.0383401017 0.024952174 
1624426396.36852932 -2.31774355 9.93694792 -0.223120191 -0.679236206 0.0275469064 0.0114778999 -0.733312759 -0.0614471395 0.981831738 -0.0965426973 -6.62356402e-05 3.01136535e-05 0.000154267228 -0.0254345573 -0.0383401017 0.024952174 
1624426396.37853909 -2.31833121 9.94687807 -0.224171405 -0.679298622 0.027841545 0.0111654368 -0.733248637 -0.0559704569 1.00226003 -0.113494878 -6.62356402e-05 3.01136535e-05 0.000154267228 -0.0254345573 -0.0383401017 0.024952174 
1624426396.38854861 -2.31887893 9.95693661 -0.225130016 -0.679366592 0.0281294305 0.0108703667 -0.733179107 -0.0534705251 1.007534 -0.0780448268 -6.62356402e-05 3.01136535e-05 0.000154267228 -0.0254345573 -0.0383401017 0.024952174 
1624426396.39854121 -2.3207444 9.96219234 -0.221291095 -0.679319608 0.0261348775 0.0142672508 -0.733238218 -0.0558697532 0.977450068 -0.00477221099 -3.57893406e-05 0.000131786005 0.000153846538 -0.0253361681 -0.0384123066 0.0227289113 
1624426396.40856123 -2.32126742 9.97202615 -0.221206497 -0.679316569 0.0259792405 0.0140280382 -0.73325118 -0.0485254335 0.985381954 0.0216581737 -3.57893406e-05 0.000131786005 0.000153846538 -0.0253361681 -0.0384123066 0.0227289113 
1624426396.41854525 -2.32169164 9.98193415 -0.220896576 -0.679310683 0.0259038749 0.0137994486 -0.733263636 -0.036453893 0.999390185 0.0404251218 -3.57893406e-05 0.000131786005 0.000153846538 -0.0253361681 -0.0384123066 0.0227289113 
1624426396.42853785 -2.32208527 9.99195755 -0.220510292 -0.679300352 0.0257538647 0.0132704043 -0.733288257 -0.0423315677 1.0067752 0.0368889301 -3.57893406e-05 0.000131786005 0.000153846538 -0.0253361681 -0.0384123066 0.0227289113 
1624426396.43852544 -2.32252554 10.0019993 -0.220332412 -0.679271616 0.02575761 0.0131616241 -0.733316704 -0.0458313685 1.00407835 -0.00126879308 -3.57893406e-05 0.000131786005 0.000153846538 -0.0253361681 -0.0384123066 0.0227289113 
1624426396.44853997 -2.32299605 10.0120545 -0.220586258 -0.679251154 0.0257315744 0.0128806594 -0.73334156 -0.0481343885 1.00402552 -0.0494266747 -3.57893406e-05 0.000131786005 0.000153846538 -0.0253361681 -0.0384123066 0.0227289113 
1624426396.45852518 -2.32352219 10.0220307 -0.221080812 -0.679290092 0.025936681 0.0129198831 -0.733297577 -0.0572489823 0.994179962 -0.0496305668 -3.57893406e-05 0.000131786005 0.000153846538 -0.0253361681 -0.0384123066 0.0227289113 
1624426396.46853709 -2.32412019 10.0320398 -0.221395276 -0.679379718 0.0260218315 0.0130177798 -0.733209793 -0.0622079266 1.00526484 -0.0131873829 -3.57893406e-05 0.000131786005 0.000153846538 -0.0253361681 -0.0384123066 0.0227289113 
1624426396.47852564 -2.32473735 10.0421234 -0.221321247 -0.679529898 0.0261273555 0.013265071 -0.733062424 -0.0613662991 1.01375586 0.0280100088 -3.57893406e-05 0.000131786005 0.000153846538 -0.0253361681 -0.0384123066 0.0227289113 
1624426396.4885807 -2.32536998 10.0523722 -0.220802799 -0.679757676 0.0261681064 0.0132304342 -0.732850385 -0.0644671495 1.02479217 0.0751118688 -3.57893406e-05 0.000131786005 0.000153846538 -0.0253361681 -0.0384123066 0.0227289113 
1624426396.49854207 -2.32672319 10.060721 -0.227908662 -0.679652165 0.0257898756 0.0145877064 -0.732935887 -0.0693354071 1.01096979 0.0498518081 -7.61814131e-06 0.000162313868 0.000145772746 -0.0252033294 -0.0384159778 0.0267322496 
1624426396.50854659 -2.32747136 10.0708214 -0.227610812 -0.679818416 0.0256217268 0.0147094307 -0.732785153 -0.0802323067 1.0081897 0.00969129682 -7.61814131e-06 0.000162313868 0.000145772746 -0.0252033294 -0.0384159778 0.0267322496 
1624426396.51854897 -2.32831361 10.0808996 -0.22760888 -0.679872716 0.0254690771 0.0148209732 -0.732737848 -0.0881758983 1.00698418 -0.00930495627 -7.61814131e-06 0.000162313868 0.000145772746 -0.0252033294 -0.0384159778 0.0267322496 
1624426396.52854228 -2.32925248 10.0910092 -0.227706509 -0.679871086 0.0254287947 0.0150212821 -0.732736681 -0.0997248322 1.01629049 -0.0102339509 -7.61814131e-06 0.000162313868 0.000145772746 -0.0252033294 -0.0384159778 0.0267322496 
1624426396.53853083 -2.33023426 10.1012324 -0.22782757 -0.67981789 0.0254516731 0.0151835786 -0.732781897 -0.0968558016 1.03068678 -0.0140060453 -7.61814131e-06 0.000162313868 0.000145772746 -0.0252033294 -0.0384159778 0.0267322496 
1624426396.54852557 -2.33116384 10.1116307 -0.227998248 -0.67974501 0.0255345727 0.0152195955 -0.732845871 -0.0891589234 1.05007734 -0.0201475058 -7.61814131e-06 0.000162313868 0.000145772746 -0.0252033294 -0.0384159778 0.0267322496 
1624426396.55852413 -2.33202919 10.1221683 -0.228076698 -0.679663777 0.0255688774 0.0148478734 -0.732927639 -0.0839355133 1.05773771 0.00445531263 -7.61814131e-06 0.000162313868 0.000145772746 -0.0252033294 -0.0384159778 0.0267322496 
1624426396.56853604 -2.33286971 10.1327813 -0.227995834 -0.679580871 0.0253995662 0.014600947 -0.733015358 -0.0839689769 1.06234686 0.0116982249 -7.61814131e-06 0.000162313868 0.000145772746 -0.0252033294 -0.0384159778 0.0267322496 
1624426396.57852244 -2.33371264 10.1433769 -0.227937543 -0.679480197 0.0252917875 0.0144313044 -0.733115765 -0.0848467127 1.05965026 -2.42220155e-05 -7.61814131e-06 0.000162313868 0.000145772746 -0.0252033294 -0.0384159778 0.0267322496 
1624426396.58854151 -2.33459178 10.1539948 -0.227909026 -0.679376818 0.0251854817 0.0143395946 -0.733217026 -0.0906460583 1.05989382 0.00571677994 -7.61814131e-06 0.000162313868 0.000145772746 -0.0252033294 -0.0384159778 0.0267322496 
1624426396.59853268 -2.33484447 10.1665009 -0.229922873 -0.679632714 0.0257674425 0.0130621728 -0.732983487 -0.0821390296 1.07373707 -0.0112205662 -2.09855265e-05 0.000120224617 0.000153913916 -0.0251846647 -0.0383899362 0.0277639612 
1624426396.60854578 -2.33569695 10.1772841 -0.230135554 -0.679629442 0.0257508166 0.0131352849 -0.732985798 -0.0881333655 1.08008594 -0.0312599793 -2.09855265e-05 0.000120224617 0.000153913916 -0.0251846647 -0.0383899362 0.0277639612 
1624426396.61854243 -2.33663022 10.188174 -0.230365759 -0.679707186 0.0259188759 0.0132102075 -0.732906435 -0.0985834288 1.09861468 -0.0147964403 -2.09855265e-05 0.000120224617 0.000153913916 -0.0251846647 -0.0383899362 0.0277639612 
1624426396.62853742 -2.33758412 10.1992529 -0.230435069 -0.679855381 0.0262939784 0.0133061096 -0.732753871 -0.0922920106 1.11828364 0.000927596763 -2.09855265e-05 0.000120224617 0.000153913916 -0.0251846647 -0.0383899362 0.0277639612 
1624426396.63851905 -2.33841668 10.2104481 -0.230561632 -0.6801007 0.026471502 0.0132246402 -0.732521267 -0.0745255213 1.12486967 -0.0262868721 -2.09855265e-05 0.000120224617 0.000153913916 -0.0251846647 -0.0383899362 0.0277639612 
1624426396.64853597 -2.33909046 10.2216828 -0.230885629 -0.680401812 0.0266460924 0.0130381663 -0.732238599 -0.0600028448 1.11828154 -0.0384030657 -2.09855265e-05 0.000120224617 0.000153913916 -0.0251846647 -0.0383899362 0.0277639612 
1624426396.65853667 -2.33969089 10.2328043 -0.231141604 -0.680742817 0.0266181884 0.0129108624 -0.731924859 -0.0600754388 1.10586898 -0.0127882066 -2.09855265e-05 0.000120224617 0.000153913916 -0.0251846647 -0.0383899362 0.0277639612 
1624426396.6685338 -2.34033646 10.2437817 -0.23130261 -0.681089553 0.0262872109 0.0131550299 -0.731609833 -0.0690755949 1.09024105 -0.0194222245 -2.09855265e-05 0.000120224617 0.000153913916 -0.0251846647 -0.0383899362 0.0277639612 
1624426396.67852235 -2.34098291 10.2546914 -0.231595831 -0.681378362 0.0263401111 0.0136794538 -0.731329337 -0.0603634199 1.09419544 -0.0392893673 -2.09855265e-05 0.000120224617 0.000153913916 -0.0251846647 -0.0383899362 0.0277639612 
1624426396.6935401 -2.34323455 10.2746353 -0.230567085 -0.681384715 0.0286954458 0.0128402944 -0.731250004 -0.0543316249 1.14728299 -0.00175662041 2.34189655e-06 5.16576076e-05 0.000142475567 -0.0253117198 -0.0384154957 0.0269727649 
1624426396.69855952 -2.34349411 10.2804162 -0.230543757 -0.681553238 0.0287359013 0.012853056 -0.731091124 -0.0490882514 1.15614239 0.0110515268 2.34189655e-06 5.16576076e-05 0.000142475567 -0.0253117198 -0.0384154957 0.0269727649 
1624426396.70856452 -2.34396988 10.2919952 -0.230507183 -0.681924551 0.0286730145 0.0125982497 -0.730751701 -0.0460186775 1.15848766 -0.00374038854 2.34189655e-06 5.16576076e-05 0.000142475567 -0.0253117198 -0.0384154957 0.0269727649 
1624426396.71854877 -2.34442905 10.3035225 -0.23060409 -0.682297029 0.0289691078 0.0125312173 -0.730393403 -0.0459602997 1.15062214 -0.0156714273 2.34189655e-06 5.16576076e-05 0.000142475567 -0.0253117198 -0.0384154957 0.0269727649 
1624426396.72854638 -2.34488532 10.3149837 -0.230689854 -0.682641561 0.0289481642 0.0123678921 -0.730075022 -0.0453143052 1.14216555 -0.00148559776 2.34189655e-06 5.16576076e-05 0.000142475567 -0.0253117198 -0.0384154957 0.0269727649 
1624426396.73859406 -2.34534558 10.3264329 -0.230819616 -0.682992018 0.0289605793 0.0127813101 -0.72973956 -0.0463015402 1.13679478 -0.0243436422 2.34189655e-06 5.16576076e-05 0.000142475567 -0.0253117198 -0.0384154957 0.0269727649 
1624426396.74853826 -2.34578567 10.3377371 -0.23111034 -0.683353616 0.0287780032 0.0127611185 -0.729408538 -0.0422099369 1.13673677 -0.0341274649 2.34189655e-06 5.16576076e-05 0.000142475567 -0.0253117198 -0.0384154957 0.0269727649 
1624426396.75853324 -2.34618686 10.3491879 -0.23129131 -0.683729179 0.0289198725 0.0130243921 -0.729046237 -0.0380689546 1.15456668 -0.00208464555 2.34189655e-06 5.16576076e-05 0.000142475567 -0.0253117198 -0.0384154957 0.0269727649 
1624426396.76851797 -2.34655956 10.3607642 -0.231283424 -0.68413938 0.0288100118 0.0128367107 -0.728668999 -0.0365843201 1.16424215 0.00366419449 2.34189655e-06 5.16576076e-05 0.000142475567 -0.0253117198 -0.0384154957 0.0269727649 
1624426396.77853656 -2.34692698 10.372408 -0.231354854 -0.684558224 0.0289731114 0.0127694276 -0.728270237 -0.0367648755 1.16020465 -0.0179236404 2.34189655e-06 5.16576076e-05 0.000142475567 -0.0253117198 -0.0384154957 0.0269727649 
1624426396.78855896 -2.34723517 10.3839659 -0.231524656 -0.684940769 0.0289065001 0.0125175295 -0.727917488 -0.0247338945 1.146211 -0.0159607769 2.34189655e-06 5.16576076e-05 0.000142475567 -0.0253117198 -0.0384154957 0.0269727649 
1624426396.79853559 -2.35098154 10.3969874 -0.232751725 -0.684730082 0.0317338489 0.0134156811 -0.727981934 -0.0539045072 1.15250608 -0.017100235 7.49199982e-05 1.08002892e-05 0.000127750305 -0.0253362195 -0.0385048127 0.0274007706 
1624426396.80854607 -2.35157786 10.408551 -0.232999399 -0.685146918 0.0317282951 0.0134946787 -0.727588421 -0.0652356397 1.15780095 -0.0323826643 7.49199982e-05 1.08002892e-05 0.000127750305 -0.0253362195 -0.0385048127 0.0274007706 
1624426396.81855559 -2.35227964 10.4200924 -0.23328639 -0.685547092 0.0319396764 0.0136189336 -0.727199812 -0.074985548 1.14827334 -0.0249609131 7.49199982e-05 1.08002892e-05 0.000127750305 -0.0253362195 -0.0385048127 0.0274007706 
1624426396.82853031 -2.35301715 10.4314849 -0.233385212 -0.685922446 0.032088912 0.0138272774 -0.726835268 -0.0728902577 1.13600824 0.0051463333 7.49199982e-05 1.08002892e-05 0.000127750305 -0.0253362195 -0.0385048127 0.0274007706 
1624426396.83852172 -2.35373653 10.4427134 -0.233251266 -0.686306641 0.0318694159 0.0140364762 -0.726478157 -0.0711105806 1.11162651 0.0216659463 7.49199982e-05 1.08002892e-05 0.000127750305 -0.0253362195 -0.0385048127 0.0274007706 
1624426396.84852624 -2.35449552 10.4538327 -0.233173308 -0.686688418 0.0316897705 0.0145053226 -0.726115949 -0.080617615 1.11122693 -0.00608127439 7.49199982e-05 1.08002892e-05 0.000127750305 -0.0253362195 -0.0385048127 0.0274007706 
1624426396.85853076 -2.35531956 10.4650474 -0.233377171 -0.686990959 0.0314539489 0.0146397135 -0.725837275 -0.0841167413 1.13070177 -0.0346729032 7.49199982e-05 1.08002892e-05 0.000127750305 -0.0253362195 -0.0385048127 0.0274007706 
1624426396.86852193 -2.3561723 10.4764912 -0.233740353 -0.687243383 0.0315139896 0.014588023 -0.725596713 -0.0865819586 1.16008536 -0.0380276739 7.49199982e-05 1.08002892e-05 0.000127750305 -0.0253362195 -0.0385048127 0.0274007706 
1624426396.87851787 -2.35704807 10.4881462 -0.234253521 -0.687431745 0.0316713653 0.0143677944 -0.725415803 -0.0886432616 1.17185533 -0.0646476404 7.49199982e-05 1.08002892e-05 0.000127750305 -0.0253362195 -0.0385048127 0.0274007706 
1624426396.88861609 -2.35797664 10.4999607 -0.235013085 -0.6875541 0.0319520372 0.0139389647 -0.725295893 -0.0952637411 1.16806005 -0.0857877586 7.49199982e-05 1.08002892e-05 0.000127750305 -0.0253362195 -0.0385048127 0.0274007706 
1624426396.89860845 -2.35629697 10.5108351 -0.2312909 -0.687363909 0.0300194291 0.0125121689 -0.725584686 -0.0726232868 1.15155075 -0.0490197572 1.45042443e-05 3.29047912e-05 0.000119958849 -0.0253455637 -0.0384166734 0.0251814301 
1624426396.90856171 -2.357045 10.5222334 -0.231728457 -0.68737452 0.0299399339 0.0124306377 -0.72557932 -0.0776837761 1.13880332 -0.0389025854 1.45042443e-05 3.29047912e-05 0.000119958849 -0.0253455637 -0.0384166734 0.0251814301 
1624426396.9185555 -2.35785653 10.5335732 -0.232049995 -0.687326376 0.0298057214 0.0123939889 -0.725631078 -0.0847240082 1.13056648 -0.0254450343 1.45042443e-05 3.29047912e-05 0.000119958849 -0.0253455637 -0.0384166734 0.0251814301 
1624426396.92854047 -2.35878532 10.5448842 -0.232229897 -0.68726534 0.0296557371 0.0124547604 -0.725693991 -0.101313307 1.13504205 -0.010589469 1.45042443e-05 3.29047912e-05 0.000119958849 -0.0253455637 -0.0384166734 0.0251814301 
1624426396.93853521 -2.35981936 10.5562727 -0.232329109 -0.687230898 0.0296324208 0.0126039596 -0.725724985 -0.105604175 1.14384712 -0.00926343743 1.45042443e-05 3.29047912e-05 0.000119958849 -0.0253455637 -0.0384166734 0.0251814301 
1624426396.94852924 -2.36087493 10.567763 -0.232531721 -0.687233691 0.0296765306 0.0125564159 -0.725721361 -0.105635926 1.15559025 -0.0312831946 1.45042443e-05 3.29047912e-05 0.000119958849 -0.0253455637 -0.0384166734 0.0251814301 
1624426396.95851731 -2.36190514 10.5793204 -0.232931007 -0.687288842 0.0298432803 0.0124976132 -0.725663307 -0.100652105 1.15864894 -0.0486692698 1.45042443e-05 3.29047912e-05 0.000119958849 -0.0253455637 -0.0384166734 0.0251814301 
1624426396.96854377 -2.36289827 10.5909288 -0.233418145 -0.68734478 0.0298868849 0.0122795889 -0.725612251 -0.0974484083 1.15689951 -0.0485013583 1.45042443e-05 3.29047912e-05 0.000119958849 -0.0253455637 -0.0384166734 0.0251814301 
1624426396.97850204 -2.36389117 10.6024234 -0.23391794 -0.687412029 0.0298565196 0.0122131034 -0.725550915 -0.101965372 1.15166273 -0.0518764273 1.45042443e-05 3.29047912e-05 0.000119958849 -0.0253455637 -0.0384166734 0.0251814301 
1624426396.98855209 -2.36499491 10.6140052 -0.234389393 -0.687508271 0.0300479299 0.0121858211 -0.725452276 -0.117682713 1.153159 -0.0419446545 1.45042443e-05 3.29047912e-05 0.000119958849 -0.0253455637 -0.0384166734 0.0251814301 
1624426396.99860311 -2.36196369 10.6262675 -0.233685927 -0.686998763 0.0281815819 0.00954370001 -0.726049183 -0.0991980371 1.14141466 0.0173627257 -8.13176895e-05 2.32189581e-05 0.000101218471 -0.0253828558 -0.0383389691 0.0248756158 
1624426397.00855088 -2.36298832 10.6375005 -0.233299791 -0.687076698 0.0282268381 0.009932973 -0.725968451 -0.106803344 1.11697237 0.0602699387 -8.13176895e-05 2.32189581e-05 0.000101218471 -0.0253828558 -0.0383389691 0.0248756158 
1624426397.01854253 -2.36402715 10.648584 -0.232742309 -0.687142788 0.0278628301 0.0104319149 -0.725912961 -0.101136145 1.10158304 0.0513197289 -8.13176895e-05 2.32189581e-05 0.000101218471 -0.0253828558 -0.0383389691 0.0248756158 
1624426397.02854276 -2.36506603 10.6595879 -0.232473365 -0.687228904 0.0276281709 0.0111872142 -0.725829156 -0.106635982 1.09914699 0.00246775954 -8.13176895e-05 2.32189581e-05 0.000101218471 -0.0253828558 -0.0383389691 0.0248756158 
1624426397.03852654 -2.36606676 10.6707177 -0.232669062 -0.687300792 0.0274106325 0.0116561094 -0.725761954 -0.0938336766 1.13043571 -0.0416707993 -8.13176895e-05 2.32189581e-05 0.000101218471 -0.0253828558 -0.0383389691 0.0248756158 
1624426397.04854417 -2.36694048 10.6822274 -0.233094598 -0.687381143 0.0275330579 0.0116322367 -0.725681601 -0.080603093 1.16744137 -0.0432866415 -8.13176895e-05 2.32189581e-05 0.000101218471 -0.0253828558 -0.0383389691 0.0248756158 
1624426397.0585618 -2.36775814 10.6940258 -0.233616759 -0.687494496 0.0275898016 0.0112823812 -0.725577583 -0.0826422977 1.18808303 -0.0609616451 -8.13176895e-05 2.32189581e-05 0.000101218471 -0.0253828558 -0.0383389691 0.0248756158 
1624426397.06852269 -2.36860423 10.7058259 -0.234254507 -0.687526901 0.0281717807 0.0109499809 -0.725529606 -0.0872384631 1.18121821 -0.0670887699 -8.13176895e-05 2.32189581e-05 0.000101218471 -0.0253828558 -0.0383389691 0.0248756158 
1624426397.07851148 -2.36951155 10.7174973 -0.234747553 -0.687532723 0.0284689504 0.0106600764 -0.725516806 -0.0944291824 1.15566861 -0.0316311197 -8.13176895e-05 2.32189581e-05 0.000101218471 -0.0253828558 -0.0383389691 0.0248756158 
1624426397.08854628 -2.37044394 10.7289296 -0.234922153 -0.687541193 0.0285694283 0.0109185918 -0.725500985 -0.0914036001 1.1228731 -0.00316774439 -8.13176895e-05 2.32189581e-05 0.000101218471 -0.0253828558 -0.0383389691 0.0248756158 
1624426397.09854221 -2.36905511 10.7420132 -0.2372654 -0.687068987 0.0281878621 0.00892083852 -0.725990406 -0.0793228147 1.11492107 -0.020001838 -0.000132167314 -1.66561833e-05 8.61823504e-05 -0.0254599761 -0.038297038 0.0261159109 
1624426397.10853791 -2.36985547 10.7531643 -0.237412972 -0.687031281 0.028091078 0.00937344048 -0.726024138 -0.0808186615 1.11624517 -0.00952509887 -0.000132167314 -1.66561833e-05 8.61823504e-05 -0.0254599761 -0.038297038 0.0261159109 
1624426397.11852431 -2.3706385 10.7644074 -0.237510541 -0.687000997 0.0279818476 0.00964541878 -0.72605345 -0.0760002936 1.13544832 -0.0100153013 -0.000132167314 -1.66561833e-05 8.61823504e-05 -0.0254599761 -0.038297038 0.0261159109 
1624426397.1285367 -2.37140218 10.7758509 -0.237750643 -0.687023344 0.0280872074 0.00976535266 -0.726026633 -0.0765472276 1.15041583 -0.0379457875 -0.000132167314 -1.66561833e-05 8.61823504e-05 -0.0254599761 -0.038297038 0.0261159109 
1624426397.13852644 -2.37214238 10.7873629 -0.238229435 -0.68705562 0.0282820766 0.00953825326 -0.725991543 -0.0716449282 1.1543384 -0.0579109608 -0.000132167314 -1.66561833e-05 8.61823504e-05 -0.0254599761 -0.038297038 0.0261159109 
1624426397.14852977 -2.3728399 10.7988688 -0.238807011 -0.68708442 0.0284200555 0.00928421479 -0.725962192 -0.0678123913 1.14608641 -0.0575657542 -0.000132167314 -1.66561833e-05 8.61823504e-05 -0.0254599761 -0.038297038 0.0261159109 
1624426397.15853572 -2.37351261 10.8102852 -0.2394151 -0.687105851 0.0284649521 0.00919039767 -0.725941342 -0.0666499445 1.13583431 -0.0639796954 -0.000132167314 -1.66561833e-05 8.61823504e-05 -0.0254599761 -0.038297038 0.0261159109 
1624426397.16854215 -2.37419672 10.8215961 -0.240022338 -0.687130157 0.0285055103 0.00916336416 -0.725917086 -0.0700844843 1.12488358 -0.0573900126 -0.000132167314 -1.66561833e-05 8.61823504e-05 -0.0254599761 -0.038297038 0.0261159109 
1624426397.17854047 -2.37492688 10.8328721 -0.240515527 -0.687148834 0.0286897447 0.00935838772 -0.725889661 -0.0759710208 1.13070926 -0.0412642758 -0.000132167314 -1.66561833e-05 8.61823504e-05 -0.0254599761 -0.038297038 0.0261159109 
1624426397.1885426 -2.37570582 10.844212 -0.24092723 -0.687178248 0.0287140106 0.00935083454 -0.725860953 -0.0797840979 1.13677537 -0.0410587456 -0.000132167314 -1.66561833e-05 8.61823504e-05 -0.0254599761 -0.038297038 0.0261159109 
1624426397.1985395 -2.37507608 10.8542902 -0.24062312 -0.686774717 0.0275243734 0.00938166809 -0.726288428 -0.074411297 1.12158085 -0.0364036945 -0.000163429609 1.29644116e-05 7.33199454e-05 -0.0254286476 -0.038264632 0.025807837 
1624426397.20855761 -2.37578462 10.865488 -0.240885038 -0.686808584 0.0275760505 0.0094724005 -0.726253265 -0.0670406318 1.1139309 -0.015885226 -0.000163429609 1.29644116e-05 7.33199454e-05 -0.0254286476 -0.038264632 0.025807837 
1624426397.21852422 -2.37629678 10.8766398 -0.241011322 -0.686741787 0.0276561744 0.00938993643 -0.726314452 -0.0357338601 1.1239081 -0.00945624139 -0.000163429609 1.29644116e-05 7.33199454e-05 -0.0254286476 -0.038264632 0.025807837 
1624426397.22854018 -2.3765445 10.8878756 -0.241095249 -0.686667678 0.0272921583 0.00864464222 -0.726407536 -0.0137311356 1.11966657 -0.00730235707 -0.000163429609 1.29644116e-05 7.33199454e-05 -0.0254286476 -0.038264632 0.025807837 
1624426397.23853135 -2.37672268 10.8990349 -0.241283872 -0.686555268 0.0270417104 0.00816283559 -0.726528718 -0.0219370934 1.1141659 -0.0304556493 -0.000163429609 1.29644116e-05 7.33199454e-05 -0.0254286476 -0.038264632 0.025807837 
1624426397.2485292 -2.3770283 10.9101388 -0.241660077 -0.686352474 0.0267681579 0.00764445941 -0.726736066 -0.0391997899 1.10709044 -0.0448015129 -0.000163429609 1.29644116e-05 7.33199454e-05 -0.0254286476 -0.038264632 0.025807837 
1624426397.25853181 -2.37755236 10.9211447 -0.24211224 -0.686085154 0.0270500539 0.00786297863 -0.726975673 -0.065583987 1.09352331 -0.0456074627 -0.000163429609 1.29644116e-05 7.33199454e-05 -0.0254286476 -0.038264632 0.025807837 
1624426397.26853871 -2.37824051 10.9320311 -0.242628638 -0.68585705 0.0271784187 0.00811430955 -0.727183332 -0.0719512341 1.08225195 -0.0576009467 -0.000163429609 1.29644116e-05 7.33199454e-05 -0.0254286476 -0.038264632 0.025807837 
1624426397.27851653 -2.378913 10.94282 -0.243190664 -0.685656912 0.0273224472 0.00848373964 -0.727362433 -0.0628460331 1.08031548 -0.0550539975 -0.000163429609 1.29644116e-05 7.33199454e-05 -0.0254286476 -0.038264632 0.025807837 
1624426397.28855872 -2.37949239 10.953726 -0.243628793 -0.685548192 0.0271735883 0.008308687 -0.7274725 -0.0525445073 1.09173259 -0.0322038404 -0.000163429609 1.29644116e-05 7.33199454e-05 -0.0254286476 -0.038264632 0.025807837 
1624426397.29853582 -2.38081536 10.9635139 -0.243726716 -0.685778984 0.0267226801 0.00897523132 -0.727263727 -0.0569146923 1.08291985 -0.0185027935 -0.000144134756 3.64865468e-05 8.21535734e-05 -0.0253984623 -0.0382775967 0.0257011054 
1624426397.30856514 -2.38144447 10.9743414 -0.24406699 -0.685677847 0.0265907901 0.00873943422 -0.727366787 -0.06854005 1.07624616 -0.0493529689 -0.000144134756 3.64865468e-05 8.21535734e-05 -0.0253984623 -0.0382775967 0.0257011054 
1624426397.31851935 -2.38221875 10.9850198 -0.244559697 -0.685487662 0.0266934884 0.00860610602 -0.727543853 -0.0870289526 1.06925269 -0.049641754 -0.000144134756 3.64865468e-05 8.21535734e-05 -0.0253984623 -0.0382775967 0.0257011054 
1624426397.32853889 -2.38312224 10.9957102 -0.245013427 -0.685255766 0.0267175508 0.0087307299 -0.727759907 -0.093315537 1.06465825 -0.0409272028 -0.000144134756 3.64865468e-05 8.21535734e-05 -0.0253984623 -0.0382775967 0.0257011054 
1624426397.33854055 -2.38404293 11.0063025 -0.245444194 -0.684987596 0.0267398721 0.00880657189 -0.728010589 -0.0907912378 1.05345088 -0.0452120345 -0.000144134756 3.64865468e-05 8.21535734e-05 -0.0253984623 -0.0382775967 0.0257011054 
1624426397.34853053 -2.38491522 11.0167911 -0.245870012 -0.684729025 0.0267847196 0.00897882483 -0.728250041 -0.083841707 1.04638641 -0.0400369961 -0.000144134756 3.64865468e-05 8.21535734e-05 -0.0253984623 -0.0382775967 0.0257011054 
1624426397.35852218 -2.38575169 11.0272481 -0.246184389 -0.684445987 0.0265533679 0.00878524549 -0.72852689 -0.0835922819 1.04674911 -0.022891016 -0.000144134756 3.64865468e-05 8.21535734e-05 -0.0253984623 -0.0382775967 0.0257011054 
1624426397.36854243 -2.38659951 11.0376868 -0.246421879 -0.684146774 0.0264243492 0.00865750111 -0.728814101 -0.0856289201 1.03677832 -0.0245108845 -0.000144134756 3.64865468e-05 8.21535734e-05 -0.0253984623 -0.0382775967 0.0257011054 
1624426397.37852931 -2.38748597 11.04799 -0.246704248 -0.683837135 0.0262570087 0.00852824703 -0.729112207 -0.0918964125 1.02656284 -0.0320370757 -0.000144134756 3.64865468e-05 8.21535734e-05 -0.0253984623 -0.0382775967 0.0257011054 
1624426397.38853192 -2.3884151 11.0582063 -0.246969768 -0.683486096 0.0263015414 0.00858615563 -0.729439006 -0.0938817514 1.01615843 -0.0210530391 -0.000144134756 3.64865468e-05 8.21535734e-05 -0.0253984623 -0.0382775967 0.0257011054 
1624426397.39854407 -2.38733538 11.0700569 -0.247751869 -0.682493494 0.0258706798 0.00653122774 -0.730404465 -0.0800162171 1.02062503 -0.0221433241 -0.000190938402 6.41690266e-07 6.21476458e-05 -0.0254589489 -0.0382348153 0.0260775464 
1624426397.4085598 -2.38815074 11.0802221 -0.248062297 -0.682159162 0.0257783165 0.00662766968 -0.730719119 -0.0827993075 1.00923245 -0.0398447953 -0.000190938402 6.41690266e-07 6.21476458e-05 -0.0254589489 -0.0382348153 0.0260775464 
1624426397.41854286 -2.38903017 11.0902305 -0.248515297 -0.681832525 0.0256355605 0.0068082289 -0.731027273 -0.0933843871 0.995844163 -0.050908869 -0.000190938402 6.41690266e-07 6.21476458e-05 -0.0254589489 -0.0382348153 0.0260775464 
1624426397.42855263 -2.38999057 11.1002067 -0.249031303 -0.681513257 0.0255595503 0.00705980533 -0.731325201 -0.0985093013 0.9974486 -0.0521916544 -0.000190938402 6.41690266e-07 6.21476458e-05 -0.0254589489 -0.0382348153 0.0260775464 
1624426397.43852758 -2.3909846 11.1101929 -0.24943996 -0.681253513 0.0256775773 0.00709088378 -0.731562733 -0.1007958 1.00480096 -0.0297449634 -0.000190938402 6.41690266e-07 6.21476458e-05 -0.0254589489 -0.0382348153 0.0260775464 
1624426397.44853067 -2.39209112 11.1202933 -0.249656486 -0.681046712 0.0260145362 0.00714747575 -0.731742805 -0.12043988 1.01464803 -0.0135468663 -0.000190938402 6.41690266e-07 6.21476458e-05 -0.0254589489 -0.0382348153 0.0260775464 
1624426397.4585228 -2.39329273 11.1303973 -0.249825658 -0.680826707 0.0263601519 0.00710296038 -0.731935574 -0.120070337 1.00774911 -0.0203141115 -0.000190938402 6.41690266e-07 6.21476458e-05 -0.0254589489 -0.0382348153 0.0260775464 
1624426397.46854043 -2.39449101 11.1403833 -0.250164138 -0.680593857 0.0265792448 0.00714190624 -0.732143796 -0.119163449 0.985949851 -0.047262773 -0.000190938402 6.41690266e-07 6.21476458e-05 -0.0254589489 -0.0382348153 0.0260775464 
1624426397.4785223 -2.39568119 11.1501066 -0.250656988 -0.680340221 0.0266898239 0.00733870928 -0.732373525 -0.119305678 0.96222759 -0.051486302 -0.000190938402 6.41690266e-07 6.21476458e-05 -0.0254589489 -0.0382348153 0.0260775464 
1624426397.4885354 -2.39687717 11.1596702 -0.251134302 -0.680030859 0.0265449432 0.00753366461 -0.732664071 -0.11957678 0.948003524 -0.0438515684 -0.000190938402 6.41690266e-07 6.21476458e-05 -0.0254589489 -0.0382348153 0.0260775464 
1624426397.4985497 -2.39446903 11.1709544 -0.250224398 -0.678139871 0.0253942462 0.00469960578 -0.734478972 -0.0858236928 0.960375191 -0.02131023 -0.000274998945 -3.74988755e-05 1.7025506e-05 -0.025434526 -0.0381789362 0.0255595985 
1624426397.50854588 -2.39525986 11.1806311 -0.250265889 -0.677660875 0.025352108 0.00458680032 -0.734923105 -0.0724034941 0.975701937 0.0130089226 -0.000274998945 -3.74988755e-05 1.7025506e-05 -0.025434526 -0.0381789362 0.0255595985 
1624426397.51853418 -2.39594441 11.1903577 -0.250114097 -0.677175846 0.0252535629 0.00438581172 -0.735374664 -0.0646664226 0.971891682 0.0173849065 -0.000274998945 -3.74988755e-05 1.7025506e-05 -0.025434526 -0.0381789362 0.0255595985 
1624426397.528548 -2.39655337 11.2000074 -0.250101232 -0.676673499 0.0252348165 0.00426045577 -0.735838317 -0.0569571891 0.955382761 -0.0148154279 -0.000274998945 -3.74988755e-05 1.7025506e-05 -0.025434526 -0.0381789362 0.0255595985 
1624426397.53852844 -2.3970854 11.2094706 -0.250302741 -0.676154851 0.0251655174 0.00412568169 -0.736318065 -0.0496567146 0.940980847 -0.0255653113 -0.000274998945 -3.74988755e-05 1.7025506e-05 -0.025434526 -0.0381789362 0.0255595985 
1624426397.54853392 -2.39755111 11.2188428 -0.250556377 -0.675696725 0.0249022706 0.00425587559 -0.736746701 -0.0434349695 0.932427663 -0.0251341015 -0.000274998945 -3.74988755e-05 1.7025506e-05 -0.025434526 -0.0381789362 0.0255595985 
1624426397.55852246 -2.3979724 11.2281762 -0.250875213 -0.675300226 0.0247039306 0.00438954447 -0.737116037 -0.0409205795 0.93638909 -0.0387063591 -0.000274998945 -3.74988755e-05 1.7025506e-05 -0.025434526 -0.0381789362 0.0255595985 
1624426397.56853986 -2.39836493 11.2376104 -0.251227517 -0.675004682 0.0246710468 0.00448142797 -0.737387236 -0.0374487213 0.947172563 -0.0316320729 -0.000274998945 -3.74988755e-05 1.7025506e-05 -0.025434526 -0.0381789362 0.0255595985 
1624426397.57853436 -2.39866216 11.2471053 -0.251429425 -0.674839941 0.0247136633 0.00442155648 -0.737536941 -0.0220301776 0.952863621 -0.00877168931 -0.000274998945 -3.74988755e-05 1.7025506e-05 -0.025434526 -0.0381789362 0.0255595985 
1624426397.588552 -2.3987991 11.2566169 -0.25155463 -0.674791623 0.0247291183 0.00437670503 -0.737580897 -0.00530821138 0.946103819 -0.0162251877 -0.000274998945 -3.74988755e-05 1.7025506e-05 -0.025434526 -0.0381789362 0.0255595985 
1624426397.59854007 -2.40454103 11.2642953 -0.252723593 -0.676571302 0.026991897 0.00835286456 -0.735834859 -0.0384958038 0.922056617 -0.027884739 -0.000142449264 -5.17615791e-06 7.11487463e-05 -0.0254734135 -0.0382880786 0.0258569784 
1624426397.60855341 -2.40493554 11.2735011 -0.252943533 -0.676618592 0.0269672381 0.00843073283 -0.735791392 -0.0403006358 0.916634215 -0.0160446573 -0.000142449264 -5.17615791e-06 7.11487463e-05 -0.0254734135 -0.0382880786 0.0258569784 
1624426397.61854744 -2.40535409 11.2826292 -0.253181588 -0.67671676 0.0268914911 0.00869109816 -0.735700849 -0.0434589514 0.910079861 -0.0315947283 -0.000142449264 -5.17615791e-06 7.11487463e-05 -0.0254734135 -0.0382880786 0.0258569784 
1624426397.62853122 -2.40576372 11.2917263 -0.253565103 -0.676816014 0.0270571103 0.00893230169 -0.735600578 -0.0385997802 0.912307469 -0.0452329825 -0.000142449264 -5.17615791e-06 7.11487463e-05 -0.0254734135 -0.0382880786 0.0258569784 
1624426397.6385591 -2.40610414 11.3008767 -0.253954848 -0.676929137 0.0271248834 0.00913658727 -0.735491473 -0.0292958218 0.912680593 -0.0324992307 -0.000142449264 -5.17615791e-06 7.11487463e-05 -0.0254734135 -0.0382880786 0.0258569784 
1624426397.64852595 -2.40631987 11.3099773 -0.254262506 -0.677043568 0.0270457372 0.00916128124 -0.735388745 -0.0139924812 0.913493249 -0.0292370053 -0.000142449264 -5.17615791e-06 7.11487463e-05 -0.0254734135 -0.0382880786 0.0258569784 
1624426397.65853643 -2.40642196 11.3191421 -0.254575621 -0.677145358 0.026886055 0.00899181683 -0.735302966 -0.00640431628 0.917548857 -0.0333203316 -0.000142449264 -5.17615791e-06 7.11487463e-05 -0.0254734135 -0.0382880786 0.0258569784 
1624426397.66852427 -2.4065011 11.3283247 -0.254872507 -0.677251215 0.0268687661 0.00880849347 -0.735208318 -0.00944362814 0.921198948 -0.026129318 -0.000142449264 -5.17615791e-06 7.11487463e-05 -0.0254734135 -0.0382880786 0.0258569784 
1624426397.67853022 -2.40667203 11.33756 -0.255123893 -0.677317263 0.0269839876 0.00872457619 -0.735144252 -0.0247213291 0.924765989 -0.0241179341 -0.000142449264 -5.17615791e-06 7.11487463e-05 -0.0254734135 -0.0382880786 0.0258569784 
1624426397.68854308 -2.40693375 11.346806 -0.255445552 -0.677357057 0.0272203265 0.00882751901 -0.735097644 -0.0275556667 0.922066222 -0.0401312861 -0.000142449264 -5.17615791e-06 7.11487463e-05 -0.0254734135 -0.0382880786 0.0258569784 
1624426397.69853902 -2.41045792 11.3525674 -0.254617339 -0.67822992 0.0273957785 0.0125129628 -0.734232302 -0.0428905629 0.893686669 -0.0487931477 -6.42583796e-05 6.82147118e-05 9.83660811e-05 -0.0253654172 -0.0383900196 0.0250190001 
1624426397.70855618 -2.4108561 11.3614616 -0.25503659 -0.678282687 0.0274554838 0.0124978619 -0.734181583 -0.0366073247 0.882106738 -0.0349135518 -6.42583796e-05 6.82147118e-05 9.83660811e-05 -0.0253654172 -0.0383900196 0.0250190001 
1624426397.71864533 -2.41125885 11.3703157 -0.255285872 -0.678341663 0.0273316999 0.0124460638 -0.734132591 -0.0432316701 0.873050813 -0.0145021492 -6.42583796e-05 6.82147118e-05 9.83660811e-05 -0.0253654172 -0.0383900196 0.0250190001 
1624426397.72854447 -2.41175054 11.3788985 -0.25536651 -0.67840024 0.0271960277 0.0125158739 -0.734082313 -0.0561074606 0.861016995 -0.00178983372 -6.42583796e-05 6.82147118e-05 9.83660811e-05 -0.0253654172 -0.0383900196 0.0250190001 
1624426397.73855782 -2.41237369 11.3875076 -0.255305669 -0.678431128 0.0272193795 0.0127381371 -0.734049078 -0.0683573777 0.858499433 0.0139417391 -6.42583796e-05 6.82147118e-05 9.83660811e-05 -0.0253654172 -0.0383900196 0.0250190001 
1624426397.74854136 -2.41304041 11.3960972 -0.255173331 -0.678419059 0.0272852416 0.0129720532 -0.734053692 -0.0652071911 0.862258706 0.012569528 -6.42583796e-05 6.82147118e-05 9.83660811e-05 -0.0253654172 -0.0383900196 0.0250190001 
1624426397.75853014 -2.41364848 11.4047374 -0.255164464 -0.678428365 0.0274111659 0.013035838 -0.734039269 -0.0565433098 0.867716654 -0.0107939898 -6.42583796e-05 6.82147118e-05 9.83660811e-05 -0.0253654172 -0.0383900196 0.0250190001 
1624426397.76853251 -2.41416053 11.413408 -0.255323182 -0.678476248 0.0274908383 0.0128773946 -0.733994828 -0.0458410857 0.865989207 -0.0209420839 -6.42583796e-05 6.82147118e-05 9.83660811e-05 -0.0253654172 -0.0383900196 0.0250190001 
1624426397.77855563 -2.41459501 11.4220609 -0.255574775 -0.678493745 0.0274415318 0.0128142995 -0.733981603 -0.0408542025 0.860603569 -0.0292605871 -6.42583796e-05 6.82147118e-05 9.83660811e-05 -0.0253654172 -0.0383900196 0.0250190001 
1624426397.78855038 -2.41500496 11.4306542 -0.255896898 -0.678471142 0.0273684255 0.0126901546 -0.734007383 -0.0411802359 0.858959281 -0.0351978439 -6.42583796e-05 6.82147118e-05 9.83660811e-05 -0.0253654172 -0.0383900196 0.0250190001 
1624426397.79853129 -2.41734755 11.4387896 -0.254905227 -0.678546591 0.028224883 0.0138938619 -0.733883397 -0.0558310115 0.857000086 -0.0197707007 -2.05721811e-05 7.45559867e-05 0.000103610183 -0.0253178003 -0.0384280966 0.0242689958 
1624426397.80856562 -2.41790955 11.4473899 -0.255036585 -0.678502129 0.028235961 0.0139001836 -0.733923958 -0.0561836979 0.857181026 -0.00641103511 -2.05721811e-05 7.45559867e-05 0.000103610183 -0.0253178003 -0.0384280966 0.0242689958 
1624426397.81853247 -2.41844359 11.4559531 -0.255101868 -0.678463983 0.0283066339 0.0139094152 -0.733956324 -0.0509796885 0.861153029 -0.00668904217 -2.05721811e-05 7.45559867e-05 0.000103610183 -0.0253178003 -0.0384280966 0.0242689958 
1624426397.82854152 -2.41890898 11.4645437 -0.25519877 -0.678448624 0.0281891135 0.0137744597 -0.73397759 -0.0420153295 0.855415775 -0.0126737398 -2.05721811e-05 7.45559867e-05 0.000103610183 -0.0253178003 -0.0384280966 0.0242689958 
1624426397.83852911 -2.41931499 11.4730473 -0.255336168 -0.678451258 0.0281696717 0.0137178658 -0.733976962 -0.0392872856 0.847419616 -0.0148400687 -2.05721811e-05 7.45559867e-05 0.000103610183 -0.0253178003 -0.0384280966 0.0242689958 
1624426397.84852934 -2.41969257 11.4814918 -0.255494616 -0.67845737 0.027968186 0.0136424902 -0.733980423 -0.0362272877 0.841433173 -0.0168488401 -2.05721811e-05 7.45559867e-05 0.000103610183 -0.0253178003 -0.0384280966 0.0242689958 
1624426397.85852885 -2.42005277 11.4898739 -0.255680301 -0.678492905 0.0278980484 0.0136048995 -0.733950941 -0.0358155456 0.835069678 -0.0202899412 -2.05721811e-05 7.45559867e-05 0.000103610183 -0.0253178003 -0.0384280966 0.0242689958 
1624426397.86853027 -2.4203981 11.4982082 -0.255834916 -0.678537478 0.0277991751 0.013592662 -0.733913712 -0.0332405025 0.831559205 -0.0106287001 -2.05721811e-05 7.45559867e-05 0.000103610183 -0.0253178003 -0.0384280966 0.0242689958 
1624426397.87852454 -2.42072447 11.5064986 -0.255915137 -0.678584038 0.0276999307 0.0135488915 -0.733875224 -0.0320704073 0.827464524 -0.00542464278 -2.05721811e-05 7.45559867e-05 0.000103610183 -0.0253178003 -0.0384280966 0.0242689958 
1624426397.88865471 -2.42104031 11.5148483 -0.255962307 -0.678621735 0.0275514256 0.0134614897 -0.733847565 -0.0302869268 0.821017507 -0.00388811077 -2.05721811e-05 7.45559867e-05 0.000103610183 -0.0253178003 -0.0384280966 0.0242689958 
1624426397.89853001 -2.42393904 11.523589 -0.257177186 -0.678618746 0.0293767284 0.0145789496 -0.733758175 -0.0555372798 0.823996068 -0.00603167526 4.03364437e-05 5.57333541e-05 0.000104615665 -0.0253850833 -0.0384672608 0.0248427361 
1624426397.90867472 -2.42456365 11.5319439 -0.257219088 -0.678727841 0.0294362789 0.0145881298 -0.733654694 -0.0676038688 0.823149175 -0.00222924241 4.03364437e-05 5.57333541e-05 0.000104615665 -0.0253850833 -0.0384672608 0.0248427361 
1624426397.91855145 -2.42530741 11.5400674 -0.257279695 -0.67887755 0.0296483025 0.0147449193 -0.73350449 -0.0830054955 0.821828212 -0.0100433755 4.03364437e-05 5.57333541e-05 0.000104615665 -0.0253850833 -0.0384672608 0.0248427361 
1624426397.92858601 -2.42614842 11.5482942 -0.25739826 -0.679038959 0.0298843999 0.0148936014 -0.733342481 -0.0846164875 0.817851894 -0.0135878991 4.03364437e-05 5.57333541e-05 0.000104615665 -0.0253850833 -0.0384672608 0.0248427361 
1624426397.9385252 -2.42696764 11.5564097 -0.257586531 -0.679206513 0.0300366512 0.0150749214 -0.733177372 -0.0802296642 0.815189688 -0.0242966926 4.03364437e-05 5.57333541e-05 0.000104615665 -0.0253850833 -0.0384672608 0.0248427361 
1624426397.94852662 -2.42774161 11.5645866 -0.257961628 -0.679385501 0.030082123 0.0151437077 -0.733008237 -0.0745425781 0.819948837 -0.0507121857 4.03364437e-05 5.57333541e-05 0.000104615665 -0.0253850833 -0.0384672608 0.0248427361 
1624426397.95854044 -2.42849452 11.5728541 -0.258514594 -0.679524063 0.0301137676 0.0149841565 -0.732881767 -0.0758321045 0.831273534 -0.0597282624 4.03364437e-05 5.57333541e-05 0.000104615665 -0.0253850833 -0.0384672608 0.0248427361 
1624426397.96851921 -2.42929437 11.581177 -0.259073512 -0.679600403 0.0302066387 0.0147979198 -0.732810939 -0.0844783265 0.83685636 -0.0522931642 4.03364437e-05 5.57333541e-05 0.000104615665 -0.0253850833 -0.0384672608 0.0248427361 
1624426397.97852898 -2.43017439 11.5895554 -0.259577043 -0.679572652 0.0303775526 0.0147481927 -0.732830612 -0.0913526577 0.837183929 -0.0483147593 4.03364437e-05 5.57333541e-05 0.000104615665 -0.0253850833 -0.0384672608 0.0248427361 
1624426397.98854017 -2.43110061 11.5978793 -0.259964234 -0.679464335 0.0306202854 0.0146858889 -0.732922193 -0.0936838592 0.825728994 -0.0290369032 4.03364437e-05 5.57333541e-05 0.000104615665 -0.0253850833 -0.0384672608 0.0248427361 
1624426397.99858499 -2.42950423 11.6042622 -0.259335907 -0.679375327 0.0282370097 0.0144030545 -0.733105987 -0.0731945874 0.800822336 0.0123033765 -1.72144307e-05 0.00010366493 0.000104020682 -0.0253147029 -0.0384289544 0.0245028316 
1624426398.00859213 -2.43018398 11.6122475 -0.259171573 -0.679237434 0.0281083282 0.0144505172 -0.73323776 -0.0626567966 0.795099497 0.0205401011 -1.72144307e-05 0.00010366493 0.000104020682 -0.0253147029 -0.0384289544 0.0245028316 
1624426398.01853919 -2.43078703 11.6201354 -0.259102245 -0.679110721 0.0278509139 0.0143945071 -0.733366044 -0.0585959764 0.790891054 -0.00660084802 -1.72144307e-05 0.00010366493 0.000104020682 -0.0253147029 -0.0384289544 0.0245028316 
1624426398.02855325 -2.43138148 11.6280367 -0.259211334 -0.67898224 0.0277238259 0.0142998777 -0.733491664 -0.0601277774 0.787147784 -0.0151862906 -1.72144307e-05 0.00010366493 0.000104020682 -0.0253147029 -0.0384289544 0.0245028316 
1624426398.03853703 -2.43200575 11.635912 -0.259412748 -0.678872248 0.0275130129 0.0143806102 -0.733599825 -0.0649290643 0.790459405 -0.0251620369 -1.72144307e-05 0.00010366493 0.000104020682 -0.0253147029 -0.0384289544 0.0245028316 
1624426398.04854226 -2.43264861 11.6438402 -0.259791239 -0.67880727 0.0275755718 0.0145005163 -0.733655241 -0.0635744903 0.794365064 -0.0504964741 -1.72144307e-05 0.00010366493 0.000104020682 -0.0253147029 -0.0384289544 0.0245028316 
1624426398.05852938 -2.43326685 11.6517899 -0.26026604 -0.678801307 0.0276036865 0.0144970602 -0.73365977 -0.0602328497 0.797610993 -0.0445862173 -1.72144307e-05 0.00010366493 0.000104020682 -0.0253147029 -0.0384289544 0.0245028316 
1624426398.0685451 -2.43382939 11.6597817 -0.260594525 -0.678855427 0.0276618071 0.0144795967 -0.733607849 -0.052099403 0.798245532 -0.0210075311 -1.72144307e-05 0.00010366493 0.000104020682 -0.0253147029 -0.0384289544 0.0245028316 
1624426398.07851744 -2.43430984 11.6677272 -0.260803168 -0.678943429 0.0275251014 0.0143351768 -0.733534384 -0.0442565864 0.795272434 -0.0208369273 -1.72144307e-05 0.00010366493 0.000104020682 -0.0253147029 -0.0384289544 0.0245028316 
1624426398.08851099 -2.4347196 11.6756417 -0.261021439 -0.679047033 0.0274951799 0.0142896325 -0.733440488 -0.0377483811 0.788645389 -0.0228454791 -1.72144307e-05 0.00010366493 0.000104020682 -0.0253147029 -0.0384289544 0.0245028316 
1624426398.09853768 -2.43683116 11.6837666 -0.260688552 -0.678961325 0.0285404879 0.0150202908 -0.733465303 -0.0524387018 0.788573003 -0.0124948324 2.29626106e-05 9.50153854e-05 9.97023252e-05 -0.025310488 -0.0384580807 0.024172466 
1624426398.10855627 -2.43734878 11.6916614 -0.260860492 -0.679076053 0.0284410514 0.0151510089 -0.733360258 -0.0508920756 0.787452417 -0.0218293371 2.29626106e-05 9.50153854e-05 9.97023252e-05 -0.025310488 -0.0384580807 0.024172466 
1624426398.11853075 -2.43785244 11.6995487 -0.261160446 -0.679167852 0.0284167435 0.0151773847 -0.733275641 -0.0500975036 0.794039039 -0.0383148313 2.29626106e-05 9.50153854e-05 9.97023252e-05 -0.025310488 -0.0384580807 0.024172466 
1624426398.12853599 -2.43834213 11.7075085 -0.261506731 -0.679251312 0.0283956389 0.0151136428 -0.733200464 -0.0477904511 0.797091532 -0.0309060771 2.29626106e-05 9.50153854e-05 9.97023252e-05 -0.025310488 -0.0384580807 0.024172466 
1624426398.13852859 -2.43881231 11.7154879 -0.261797778 -0.679340072 0.0283833805 0.0150769952 -0.733119455 -0.0463147589 0.799965949 -0.0273462758 2.29626106e-05 9.50153854e-05 9.97023252e-05 -0.025310488 -0.0384580807 0.024172466 
1624426398.14853454 -2.43925547 11.7234764 -0.262097618 -0.679430343 0.0282883752 0.0149388665 -0.733042296 -0.042264184 0.796789308 -0.0325861332 2.29626106e-05 9.50153854e-05 9.97023252e-05 -0.025310488 -0.0384580807 0.024172466 
1624426398.15852952 -2.43971121 11.7314131 -0.262396686 -0.679533844 0.0282341396 0.0148368752 -0.732950513 -0.0489287981 0.791334965 -0.0272575773 2.29626106e-05 9.50153854e-05 9.97023252e-05 -0.025310488 -0.0384580807 0.024172466 
1624426398.16851592 -2.44024241 11.7392917 -0.262616746 -0.679638991 0.0281444138 0.0148067352 -0.732857077 -0.0574566536 0.786537333 -0.0168141701 2.29626106e-05 9.50153854e-05 9.97023252e-05 -0.025310488 -0.0384580807 0.024172466 
1624426398.17853475 -2.44088796 11.7471574 -0.262826383 -0.679744701 0.0281805888 0.0149538566 -0.732754651 -0.0714103317 0.783648842 -0.0250345421 2.29626106e-05 9.50153854e-05 9.97023252e-05 -0.025310488 -0.0384580807 0.024172466 
1624426398.18858886 -2.44166093 11.7550366 -0.263095385 -0.679863911 0.0283103296 0.0151173324 -0.73263569 -0.082352399 0.783708391 -0.0284762641 2.29626106e-05 9.50153854e-05 9.97023252e-05 -0.025310488 -0.0384580807 0.024172466 
1624426398.19854522 -2.44078372 11.7641823 -0.262444194 -0.680481133 0.0280654258 0.0135888794 -0.732101839 -0.0740221304 0.798261265 -0.0263989662 -2.29069916e-05 6.64557818e-05 0.000112466438 -0.0253168244 -0.0384212521 0.0237352586 
1624426398.20854115 -2.44150293 11.7722244 -0.262819001 -0.680575553 0.0281528254 0.0136974571 -0.732008685 -0.069877907 0.810817625 -0.0485929641 -2.29069916e-05 6.64557818e-05 0.000112466438 -0.0253168244 -0.0384212521 0.0237352586 
1624426398.21854949 -2.44218302 11.7803611 -0.26333256 -0.680638077 0.0281957579 0.0134480477 -0.731953522 -0.0660278027 0.81515803 -0.0540332121 -2.29069916e-05 6.64557818e-05 0.000112466438 -0.0253168244 -0.0384212521 0.0237352586 
1624426398.22853255 -2.44284271 11.7884914 -0.263814315 -0.680639322 0.0282683845 0.0132983044 -0.731952298 -0.0661336794 0.813671776 -0.042481272 -2.29069916e-05 6.64557818e-05 0.000112466438 -0.0253168244 -0.0384212521 0.0237352586 
1624426398.23852754 -2.44349164 11.7965709 -0.264229303 -0.680577338 0.0282179864 0.0131489406 -0.732014575 -0.0637180243 0.803027809 -0.0405579897 -2.29069916e-05 6.64557818e-05 0.000112466438 -0.0253168244 -0.0384212521 0.0237352586 
1624426398.24852777 -2.44410791 11.8045637 -0.264563127 -0.680433953 0.028219757 0.013079041 -0.732149042 -0.0595316493 0.795511982 -0.0262054066 -2.29069916e-05 6.64557818e-05 0.000112466438 -0.0253168244 -0.0384212521 0.0237352586 
1624426398.25853992 -2.44470206 11.812537 -0.264711146 -0.680264107 0.0281026769 0.0129095307 -0.732314365 -0.0591542259 0.797212171 -0.00336231869 -2.29069916e-05 6.64557818e-05 0.000112466438 -0.0253168244 -0.0384212521 0.0237352586 
1624426398.26851821 -2.4452808 11.820536 -0.264770237 -0.680113173 0.0280814221 0.0128003756 -0.732457273 -0.0568465746 0.806050786 -0.00848172318 -2.29069916e-05 6.64557818e-05 0.000112466438 -0.0253168244 -0.0384212521 0.0237352586 
1624426398.2785573 -2.44587799 11.8286493 -0.264943294 -0.679978684 0.0281810733 0.0125631399 -0.732582407 -0.0621263377 0.810299285 -0.0259947606 -2.29069916e-05 6.64557818e-05 0.000112466438 -0.0253168244 -0.0384212521 0.0237352586 
1624426398.28856111 -2.44653695 11.8367669 -0.265233897 -0.679902443 0.0285198792 0.0125421139 -0.732640416 -0.0696155638 0.812603789 -0.0321037328 -2.29069916e-05 6.64557818e-05 0.000112466438 -0.0253168244 -0.0384212521 0.0237352586 
1624426398.2985611 -2.44633006 11.8422357 -0.264597768 -0.679912102 0.0266352985 0.0135722557 -0.73268403 -0.0622123124 0.790377077 -0.0459116772 -4.15039886e-05 0.000132158701 0.000113284873 -0.0252461124 -0.0384099434 0.0231763361 
1624426398.30855966 -2.44694255 11.850112 -0.265143212 -0.679967372 0.0267989229 0.0136936205 -0.732624512 -0.0603032276 0.785116964 -0.0631928231 -4.15039886e-05 0.000132158701 0.000113284873 -0.0252461124 -0.0384099434 0.0231763361 
1624426398.31854391 -2.44754835 11.8579661 -0.265684467 -0.680085294 0.0267685065 0.0137543992 -0.732515022 -0.0610487837 0.788184436 -0.0452289427 -4.15039886e-05 0.000132158701 0.000113284873 -0.0252461124 -0.0384099434 0.0231763361 
1624426398.3285315 -2.44817487 11.8658903 -0.266009715 -0.680269979 0.0267694251 0.0139708039 -0.732339382 -0.0644111726 0.798607491 -0.0199015009 -4.15039886e-05 0.000132158701 0.000113284873 -0.0252461124 -0.0384099434 0.0231763361 
1624426398.33852816 -2.44882688 11.8739489 -0.266148348 -0.680443474 0.0267039165 0.0140913058 -0.732178267 -0.066034112 0.813665943 -0.00783422119 -4.15039886e-05 0.000132158701 0.000113284873 -0.0252461124 -0.0384099434 0.0231763361 
1624426398.34852552 -2.44948468 11.8821827 -0.26622942 -0.680599797 0.0267979762 0.0142941219 -0.732025589 -0.0655608936 0.833522885 -0.00838455853 -4.15039886e-05 0.000132158701 0.000113284873 -0.0252461124 -0.0384099434 0.0231763361 
1624426398.35853243 -2.45010482 11.8905874 -0.266403246 -0.680736549 0.0267959555 0.0142979894 -0.731898418 -0.0583813517 0.846267632 -0.0263565829 -4.15039886e-05 0.000132158701 0.000113284873 -0.0252461124 -0.0384099434 0.0231763361 
1624426398.36853743 -2.45064002 11.8990981 -0.266762714 -0.680832562 0.0269165757 0.0143435168 -0.731803788 -0.0486040468 0.855017785 -0.0455010869 -4.15039886e-05 0.000132158701 0.000113284873 -0.0252461124 -0.0384099434 0.0231763361 
1624426398.37853384 -2.45109262 11.9076624 -0.267207475 -0.680898756 0.0268850866 0.0142254492 -0.731745661 -0.0419482673 0.858450989 -0.043483178 -4.15039886e-05 0.000132158701 0.000113284873 -0.0252461124 -0.0384099434 0.0231763361 
1624426398.38855481 -2.45149622 11.9162822 -0.267618814 -0.680917317 0.0267860545 0.0142125344 -0.731732273 -0.0386034692 0.861901647 -0.038612295 -4.15039886e-05 0.000132158701 0.000113284873 -0.0252461124 -0.0384099434 0.0231763361 
1624426398.39853525 -2.45349415 11.923209 -0.266159594 -0.680092939 0.0265536486 0.0159110687 -0.732472072 -0.0503945435 0.851384785 -0.0239700736 -9.19864274e-07 0.000172291049 9.20473503e-05 -0.0252363791 -0.0384374984 0.0221381273 
1624426398.40856242 -2.45402062 11.9317767 -0.26631535 -0.680032748 0.0263963325 0.0158850934 -0.732534204 -0.0546141751 0.857500919 -0.00709664228 -9.19864274e-07 0.000172291049 9.20473503e-05 -0.0252363791 -0.0384374984 0.0221381273 
1624426398.41854262 -2.45459 11.9403763 -0.266364679 -0.679978943 0.0262845784 0.01589033 -0.732588053 -0.0594872022 0.865838573 -0.00278870783 -9.19864274e-07 0.000172291049 9.20473503e-05 -0.0252363791 -0.0384374984 0.0221381273 
1624426398.42853451 -2.45521595 11.9490765 -0.266428598 -0.679941075 0.0262473913 0.0159182492 -0.732623927 -0.0658052541 0.875614412 -0.0100055556 -9.19864274e-07 0.000172291049 9.20473503e-05 -0.0252363791 -0.0384374984 0.0221381273 
1624426398.43853617 -2.45588574 11.9578965 -0.266579257 -0.67991922 0.0262872397 0.0159594246 -0.732641885 -0.0681297567 0.888079548 -0.0201212153 -9.19864274e-07 0.000172291049 9.20473503e-05 -0.0252363791 -0.0384374984 0.0221381273 
1624426398.44853544 -2.45657932 11.9668043 -0.266843453 -0.679947844 0.0262738 0.0159319272 -0.732616401 -0.0705967548 0.893614891 -0.0327217778 -9.19864274e-07 0.000172291049 9.20473503e-05 -0.0252363791 -0.0384374984 0.0221381273 
1624426398.45852876 -2.45730496 11.9757671 -0.267190343 -0.679985153 0.0263257604 0.0159402312 -0.732579726 -0.0746277566 0.900149513 -0.0367026009 -9.19864274e-07 0.000172291049 9.20473503e-05 -0.0252363791 -0.0384374984 0.0221381273 
1624426398.46852422 -2.45808014 11.9847998 -0.26751406 -0.680033488 0.0263216717 0.0159080786 -0.732535704 -0.0804792959 0.907202219 -0.0280702656 -9.19864274e-07 0.000172291049 9.20473503e-05 -0.0252363791 -0.0384374984 0.0221381273 
1624426398.47852397 -2.45892889 11.9938947 -0.267759598 -0.680089438 0.0263842602 0.0159990486 -0.732479527 -0.0892754043 0.911825211 -0.0210385838 -9.19864274e-07 0.000172291049 9.20473503e-05 -0.0252363791 -0.0384374984 0.0221381273 
1624426398.48852992 -2.45981852 12.0030623 -0.267958734 -0.680102551 0.0264243131 0.0161139777 -0.732463389 -0.0885434377 0.920606579 -0.0187649231 -9.19864274e-07 0.000172291049 9.20473503e-05 -0.0252363791 -0.0384374984 0.0221381273 
1624426398.49861431 -2.45910683 12.0119555 -0.267890504 -0.681086739 0.0252125106 0.0155204251 -0.731603923 -0.0707808534 0.922604883 -0.0179437902 -3.94074818e-05 0.000185840703 0.000120761988 -0.0252341826 -0.0384131078 0.0220524502 
1624426398.50853872 -2.45978359 12.0211145 -0.268081904 -0.681055496 0.0250351021 0.0153797483 -0.73164207 -0.0656038908 0.923144134 -0.0206277734 -3.94074818e-05 0.000185840703 0.000120761988 -0.0252341826 -0.0384131078 0.0220524502 
1624426398.51853561 -2.46049036 12.0303746 -0.268255342 -0.680996229 0.0249889723 0.0153020945 -0.73170044 -0.0757937783 0.929455659 -0.0140707378 -3.94074818e-05 0.000185840703 0.000120761988 -0.0252341826 -0.0384131078 0.0220524502 
1624426398.5285418 -2.46136525 12.0396688 -0.268331177 -0.680921583 0.0250057407 0.0152375817 -0.73177068 -0.0990763544 0.928241333 -0.00108677703 -3.94074818e-05 0.000185840703 0.000120761988 -0.0252341826 -0.0384131078 0.0220524502 
1624426398.53852963 -2.46239782 12.0488743 -0.268272141 -0.680801693 0.025095039 0.0154744792 -0.731874193 -0.107689001 0.915086121 0.0129082711 -3.94074818e-05 0.000185840703 0.000120761988 -0.0252341826 -0.0384131078 0.0220524502 
1624426398.54852915 -2.46343933 12.0579738 -0.268118233 -0.680649903 0.0250169268 0.0158909216 -0.732009113 -0.100622282 0.904905703 0.0178748777 -3.94074818e-05 0.000185840703 0.000120761988 -0.0252341826 -0.0384131078 0.0220524502 
1624426398.55853748 -2.46444358 12.0670943 -0.268005485 -0.680504633 0.0247906293 0.0163451706 -0.732141861 -0.100059954 0.917668506 0.00465598652 -3.94074818e-05 0.000185840703 0.000120761988 -0.0252341826 -0.0384131078 0.0220524502 
1624426398.56853127 -2.46544592 12.0763767 -0.268128518 -0.680413919 0.0244825531 0.0165857868 -0.732231121 -0.100533854 0.939969418 -0.0292779249 -3.94074818e-05 0.000185840703 0.000120761988 -0.0252341826 -0.0384131078 0.0220524502 
1624426398.57851601 -2.46641751 12.0859402 -0.268486224 -0.680297814 0.0244311938 0.0165072936 -0.732342482 -0.0940810454 0.975663222 -0.0423725774 -3.94074818e-05 0.000185840703 0.000120761988 -0.0252341826 -0.0384131078 0.0220524502 
1624426398.58855033 -2.46733492 12.0958439 -0.268834038 -0.680146443 0.0244756158 0.0160298896 -0.732492186 -0.0887725359 0.998300807 -0.0269522394 -3.94074818e-05 0.000185840703 0.000120761988 -0.0252341826 -0.0384131078 0.0220524502 
1624426398.59854531 -2.46709678 12.1060085 -0.268080639 -0.680795833 0.0238770961 0.0149086236 -0.731932135 -0.0761322775 1.00225259 -0.0282028334 -6.82814263e-05 0.000185885536 0.00014502439 -0.0252845702 -0.0383979266 0.0215186934 
1624426398.60855436 -2.46783978 12.1160145 -0.268417918 -0.680516812 0.0239421037 0.0144806163 -0.732198031 -0.0723328229 0.997154162 -0.0391919805 -6.82814263e-05 0.000185885536 0.00014502439 -0.0252845702 -0.0383979266 0.0215186934 
1624426398.61868644 -2.46861619 12.1260915 -0.268779945 -0.680233182 0.0239207863 0.0143074346 -0.732465639 -0.0809253137 0.99197071 -0.0322694749 -6.82814263e-05 0.000185885536 0.00014502439 -0.0252845702 -0.0383979266 0.0215186934 
1624426398.62853241 -2.46947582 12.1358294 -0.269104108 -0.679963031 0.0238544252 0.0143663663 -0.732717442 -0.09368983 0.986073721 -0.0335773701 -6.82814263e-05 0.000185885536 0.00014502439 -0.0252845702 -0.0383979266 0.0215186934 
1624426398.63856602 -2.47049273 12.1457443 -0.269475402 -0.679703629 0.0238639522 0.0145593398 -0.732953965 -0.109011029 0.990255159 -0.0404328032 -6.82814263e-05 0.000185885536 0.00014502439 -0.0252845702 -0.0383979266 0.0215186934 
1624426398.64853573 -2.4715966 12.1556758 -0.269806552 -0.679482722 0.0239671502 0.0146744066 -0.7331531 -0.112434944 1.00207847 -0.0259983436 -6.82814263e-05 0.000185885536 0.00014502439 -0.0252845702 -0.0383979266 0.0215186934 
1624426398.65850544 -2.47272008 12.1656886 -0.270014662 -0.67934499 0.0240602632 0.0147095597 -0.733276971 -0.112942492 1.00657278 -0.0157502066 -6.82814263e-05 0.000185885536 0.00014502439 -0.0252845702 -0.0383979266 0.0215186934 
1624426398.66853571 -2.47384999 12.175768 -0.270250088 -0.679252629 0.0240872862 0.0146880577 -0.733362073 -0.112357572 1.00321888 -0.0311927391 -6.82814263e-05 0.000185885536 0.00014502439 -0.0252845702 -0.0383979266 0.0215186934 
1624426398.67850614 -2.47500966 12.1857455 -0.27059019 -0.679148794 0.0240951634 0.0145361288 -0.733461001 -0.12026542 0.998203742 -0.037029518 -6.82814263e-05 0.000185885536 0.00014502439 -0.0252845702 -0.0383979266 0.0215186934 
1624426398.68854189 -2.47627142 12.1957318 -0.270956988 -0.679008099 0.0240853582 0.014644301 -0.733589423 -0.13118772 0.991937132 -0.0360687498 -6.82814263e-05 0.000185885536 0.00014502439 -0.0252845702 -0.0383979266 0.0215186934 
1624426398.69854617 -2.47382463 12.2094734 -0.269727237 -0.680745322 0.023812358 0.0106774249 -0.732055169 -0.112430713 1.01616233 -0.0369932527 -0.00017170627 0.000100203708 0.000198773301 -0.0254038402 -0.038341643 0.0207172939 
1624426398.70857549 -2.47497416 12.2197075 -0.270110887 -0.680520389 0.0239867807 0.0109278339 -0.732254885 -0.116804112 1.02468062 -0.0395124593 -0.00017170627 0.000100203708 0.000198773301 -0.0254038402 -0.038341643 0.0207172939 
1624426398.71853352 -2.47615149 12.2299906 -0.270429635 -0.680305268 0.0242745638 0.0110510001 -0.73244342 -0.119653377 1.04060382 -0.0245058654 -0.00017170627 0.000100203708 0.000198773301 -0.0254038402 -0.038341643 0.0207172939 
1624426398.72856402 -2.47739945 12.2404893 -0.270689236 -0.680096371 0.0247564486 0.0111067936 -0.732620422 -0.12917884 1.05276447 -0.0272564992 -0.00017170627 0.000100203708 0.000198773301 -0.0254038402 -0.038341643 0.0207172939 
1624426398.73852873 -2.47865608 12.2509241 -0.2710699 -0.679911979 0.0250259175 0.011064875 -0.732783032 -0.123037495 1.04157169 -0.0491459093 -0.00017170627 0.000100203708 0.000198773301 -0.0254038402 -0.038341643 0.0207172939 
1624426398.74854326 -2.47986448 12.2612867 -0.271539125 -0.679713507 0.0253985063 0.0110547766 -0.732954471 -0.118293048 1.02795206 -0.0445628978 -0.00017170627 0.000100203708 0.000198773301 -0.0254038402 -0.038341643 0.0207172939 
1624426398.75853014 -2.48098568 12.2714107 -0.271802111 -0.67952607 0.0252577296 0.0112044365 -0.733130839 -0.106240323 0.999501726 -0.00810348033 -0.00017170627 0.000100203708 0.000198773301 -0.0254038402 -0.038341643 0.0207172939 
1624426398.76854181 -2.48206527 12.2814383 -0.271881906 -0.679316574 0.0252349375 0.0116393883 -0.733318972 -0.109426227 1.00369272 -0.00783674506 -0.00017170627 0.000100203708 0.000198773301 -0.0254038402 -0.038341643 0.0207172939 
1624426398.77851391 -2.48313872 12.2914487 -0.271996584 -0.679107837 0.0250413375 0.011892714 -0.733514854 -0.105864046 1.00397043 -0.0151631311 -0.00017170627 0.000100203708 0.000198773301 -0.0254038402 -0.038341643 0.0207172939 
1624426398.7885766 -2.48418738 12.3016817 -0.272144103 -0.678885278 0.0252275722 0.0123100502 -0.733707579 -0.102561349 1.02989553 -0.0141568968 -0.00017170627 0.000100203708 0.000198773301 -0.0254038402 -0.038341643 0.0207172939 
1624426398.79853725 -2.48354074 12.3144486 -0.272884373 -0.678931967 0.0258229801 0.00995611211 -0.733679381 -0.0676350447 1.06970213 -0.0142510028 -0.000213846194 4.2254058e-05 0.000204453476 -0.0254257983 -0.0383007671 0.0210735541 
1624426398.80856776 -2.48412196 12.3251772 -0.273138375 -0.67882045 0.0259154884 0.0096650201 -0.733783191 -0.0482559439 1.06949567 -0.0363948848 -0.000213846194 4.2254058e-05 0.000204453476 -0.0254257983 -0.0383007671 0.0210735541 
1624426398.81854725 -2.48450375 12.3358035 -0.273559958 -0.678712496 0.0262276557 0.00940612504 -0.733875318 -0.028258664 1.06013589 -0.0480950159 -0.000213846194 4.2254058e-05 0.000204453476 -0.0254257983 -0.0383007671 0.0210735541 
1624426398.8285408 -2.48478841 12.3463527 -0.273978229 -0.678655594 0.0261693632 0.00915803689 -0.733933157 -0.0287108825 1.05106904 -0.0356132785 -0.000213846194 4.2254058e-05 0.000204453476 -0.0254257983 -0.0383007671 0.0210735541 
1624426398.83852792 -2.48504133 12.3567852 -0.274295577 -0.678639332 0.026221583 0.00927818285 -0.733944821 -0.0219385588 1.03811336 -0.0279380722 -0.000213846194 4.2254058e-05 0.000204453476 -0.0254257983 -0.0383007671 0.0210735541 
1624426398.84852457 -2.48524849 12.3671532 -0.274523396 -0.678690808 0.0262260971 0.00947436947 -0.733894553 -0.0195077346 1.03617118 -0.0176410113 -0.000213846194 4.2254058e-05 0.000204453476 -0.0254257983 -0.0383007671 0.0210735541 
1624426398.85851812 -2.48537379 12.3775639 -0.274669448 -0.678809321 0.0262907974 0.00974175744 -0.733779121 -0.00556851419 1.04732655 -0.0115882485 -0.000213846194 4.2254058e-05 0.000204453476 -0.0254257983 -0.0383007671 0.0210735541 
1624426398.86854053 -2.48536059 12.3881261 -0.274790628 -0.679007293 0.026230409 0.00952079619 -0.733600993 0.00820412122 1.06038012 -0.0125936079 -0.000213846194 4.2254058e-05 0.000204453476 -0.0254257983 -0.0383007671 0.0210735541 
1624426398.87851715 -2.48524655 12.3987237 -0.274967974 -0.679232134 0.0263073938 0.0094363009 -0.733391155 0.014656689 1.06412219 -0.0229585567 -0.000213846194 4.2254058e-05 0.000204453476 -0.0254257983 -0.0383007671 0.0210735541 
1624426398.88854623 -2.48510713 12.4093879 -0.275260952 -0.679426595 0.0262826774 0.0090810577 -0.733216379 0.0131465447 1.06252951 -0.0354672769 -0.000213846194 4.2254058e-05 0.000204453476 -0.0254257983 -0.0383007671 0.0210735541 
1624426398.89854288 -2.49202978 12.4199218 -0.274954138 -0.680212921 0.0304051342 0.0128098936 -0.732271683 -0.0396021806 1.05501866 -0.0301912617 -3.69602068e-05 3.14467146e-05 0.000226956568 -0.0254698612 -0.0384456998 0.0204798972 
1624426398.90855169 -2.4924745 12.4304825 -0.27520601 -0.680408196 0.0305409072 0.0126616707 -0.732087168 -0.0492646607 1.05525605 -0.0201386906 -3.69602068e-05 3.14467146e-05 0.000226956568 -0.0254698612 -0.0384456998 0.0204798972 
1624426398.91853833 -2.49305839 12.4410376 -0.27531561 -0.680600729 0.0309426214 0.0127862333 -0.73188914 -0.0676681549 1.05858168 -0.00181069632 -3.69602068e-05 3.14467146e-05 0.000226956568 -0.0254698612 -0.0384456998 0.0204798972 
1624426398.92854953 -2.49376668 12.4516867 -0.275362438 -0.680779315 0.0312657351 0.0129227163 -0.731706895 -0.0738328141 1.0688577 -0.0075444167 -3.69602068e-05 3.14467146e-05 0.000226956568 -0.0254698612 -0.0384456998 0.0204798972 
1624426398.93852758 -2.49445355 12.4623535 -0.27554329 -0.680945044 0.0315838471 0.0128722599 -0.731539892 -0.0638426314 1.06920728 -0.0287054873 -3.69602068e-05 3.14467146e-05 0.000226956568 -0.0254698612 -0.0384456998 0.0204798972 
1624426398.94849849 -2.49506947 12.4729346 -0.275804183 -0.681153612 0.0316841644 0.0126466979 -0.731345289 -0.0596999396 1.0531723 -0.0236254637 -3.69602068e-05 3.14467146e-05 0.000226956568 -0.0254698612 -0.0384456998 0.0204798972 
1624426398.95852494 -2.49566146 12.4833698 -0.275856435 -0.681287953 0.0315364152 0.0125474595 -0.731228242 -0.0583861944 1.02837541 0.0132026983 -3.69602068e-05 3.14467146e-05 0.000226956568 -0.0254698612 -0.0384456998 0.0204798972 
1624426398.96853399 -2.49633185 12.4936184 -0.275660839 -0.68131434 0.0312056275 0.0126348756 -0.731216342 -0.0755705512 1.01949355 0.0258810823 -3.69602068e-05 3.14467146e-05 0.000226956568 -0.0254698612 -0.0384456998 0.0204798972 
1624426398.97852802 -2.49714708 12.5037939 -0.275441865 -0.681272806 0.0309345889 0.0130764136 -0.731258793 -0.0875736858 1.01680583 0.0179398696 -3.69602068e-05 3.14467146e-05 0.000226956568 -0.0254698612 -0.0384456998 0.0204798972 
1624426398.98853374 -2.49804305 12.5140635 -0.275274976 -0.681191608 0.0309681619 0.0135525887 -0.731324343 -0.0915178671 1.03593904 0.0154189199 -3.69602068e-05 3.14467146e-05 0.000226956568 -0.0254698612 -0.0384456998 0.0204798972 
1624426398.99853611 -2.49750717 12.5254574 -0.278688151 -0.680741859 0.030922276 0.012595015 -0.731762051 -0.0652837165 1.06783888 0.00739000635 -6.77058313e-05 1.05466454e-05 0.000215462109 -0.0255004678 -0.0384205443 0.0224898749 
1624426399.00854802 -2.49809197 12.5361712 -0.278660887 -0.680711709 0.0309579091 0.0123243303 -0.7317932 -0.0515366876 1.07235443 -0.0019437035 -6.77058313e-05 1.05466454e-05 0.000215462109 -0.0255004678 -0.0384205443 0.0224898749 
1624426399.01853609 -2.49861869 12.5468352 -0.278776502 -0.680709265 0.0309664164 0.0120345485 -0.731799937 -0.0539331718 1.06300957 -0.0212068133 -6.77058313e-05 1.05466454e-05 0.000215462109 -0.0255004678 -0.0384205443 0.0224898749 
1624426399.02855539 -2.49917816 12.5574095 -0.278989104 -0.680684668 0.0308327169 0.0116498238 -0.731834686 -0.0577465039 1.04776713 -0.021231637 -6.77058313e-05 1.05466454e-05 0.000215462109 -0.0255004678 -0.0384205443 0.0224898749 
1624426399.03854442 -2.49980286 12.5677882 -0.279188103 -0.680642856 0.0308771129 0.0117325033 -0.731870381 -0.06732928 1.03025304 -0.0186119811 -6.77058313e-05 1.05466454e-05 0.000215462109 -0.0255004678 -0.0384205443 0.0224898749 
1624426399.04853821 -2.50048158 12.5780493 -0.279368459 -0.680603814 0.0309181967 0.01190626 -0.731902148 -0.0684992287 1.02323582 -0.0174815506 -6.77058313e-05 1.05466454e-05 0.000215462109 -0.0255004678 -0.0384205443 0.0224898749 
1624426399.05852914 -2.50114861 12.5882902 -0.279434588 -0.680573118 0.0310448506 0.0120511495 -0.731922959 -0.0650283621 1.02680451 0.00424373073 -6.77058313e-05 1.05466454e-05 0.000215462109 -0.0255004678 -0.0384205443 0.0224898749 
1624426399.06856513 -2.5017753 12.598593 -0.279351621 -0.680617387 0.0310611044 0.0121986415 -0.73187866 -0.0598590946 1.02637625 0.0122902029 -6.77058313e-05 1.05466454e-05 0.000215462109 -0.0255004678 -0.0384205443 0.0224898749 
1624426399.07850671 -2.50238386 12.6087638 -0.279291257 -0.680695593 0.0310273796 0.0121443026 -0.731808258 -0.0625689155 1.01974084 -0.000146527476 -6.77058313e-05 1.05466454e-05 0.000215462109 -0.0255004678 -0.0384205443 0.0224898749 
1624426399.08854198 -2.50301079 12.6189695 -0.279332074 -0.680784006 0.0310666327 0.0121006958 -0.731725068 -0.0623760355 1.01421017 -0.00798809075 -6.77058313e-05 1.05466454e-05 0.000215462109 -0.0255004678 -0.0384205443 0.0224898749 
1624426399.09853482 -2.50446873 12.6305508 -0.281257996 -0.681151556 0.0324286401 0.0117928006 -0.731328839 -0.0664266616 1.0223699 -0.0223511906 -4.61913955e-05 -2.76054319e-05 0.000223807055 -0.0255631188 -0.0384380719 0.0234433676 
1624426399.10856271 -2.50513531 12.640804 -0.281556431 -0.681237452 0.0324780987 0.0118594252 -0.731245555 -0.0665174654 1.02255233 -0.0371699598 -4.61913955e-05 -2.76054319e-05 0.000223807055 -0.0255631188 -0.0384380719 0.0234433676 
1624426399.11855793 -2.50580443 12.6510279 -0.28196355 -0.681311388 0.0325524411 0.0119018003 -0.731172674 -0.0673712398 1.02322036 -0.0442927559 -4.61913955e-05 -2.76054319e-05 0.000223807055 -0.0255631188 -0.0384380719 0.0234433676 
1624426399.12853479 -2.50648879 12.6613015 -0.28243186 -0.681367052 0.0326861306 0.0118926924 -0.731114985 -0.0698189706 1.03625637 -0.0495863787 -4.61913955e-05 -2.76054319e-05 0.000223807055 -0.0255631188 -0.0384380719 0.0234433676 
1624426399.13852835 -2.50717702 12.6716752 -0.28294275 -0.681407228 0.032831705 0.0117627016 -0.731073121 -0.0679154735 1.03982501 -0.0526574963 -4.61913955e-05 -2.76054319e-05 0.000223807055 -0.0255631188 -0.0384380719 0.0234433676 
1624426399.14852738 -2.50785101 12.6820616 -0.283374498 -0.681450493 0.0330245781 0.0116137785 -0.731026486 -0.0668945542 1.03764799 -0.0337004784 -4.61913955e-05 -2.76054319e-05 0.000223807055 -0.0255631188 -0.0384380719 0.0234433676 
1624426399.15853286 -2.50849966 12.6923862 -0.283629155 -0.681492406 0.0330553707 0.0115274687 -0.730987387 -0.0627639276 1.02615056 -0.0172029468 -4.61913955e-05 -2.76054319e-05 0.000223807055 -0.0255631188 -0.0384380719 0.0234433676 
1624426399.16852784 -2.50913773 12.7025909 -0.283826591 -0.681530938 0.0330321682 0.011500465 -0.730952937 -0.0649150273 1.01580465 -0.022304233 -4.61913955e-05 -2.76054319e-05 0.000223807055 -0.0255631188 -0.0384380719 0.0234433676 
1624426399.1785202 -2.50986933 12.7127177 -0.284064942 -0.681577151 0.0330713254 0.0115318798 -0.73090758 -0.0815163769 1.01110639 -0.0254023847 -4.61913955e-05 -2.76054319e-05 0.000223807055 -0.0255631188 -0.0384380719 0.0234433676 
1624426399.18854809 -2.51081277 12.7228883 -0.284357925 -0.68165602 0.033374807 0.0117745495 -0.73081636 -0.106648066 1.01735089 -0.0330311867 -4.61913955e-05 -2.76054319e-05 0.000223807055 -0.0255631188 -0.0384380719 0.0234433676 
1624426399.19853592 -2.50901803 12.7314717 -0.284738655 -0.680586509 0.0314710067 0.0114295109 -0.731902279 -0.0901941004 1.01143505 -0.0419453547 -0.000116231322 1.89078366e-05 0.000186688525 -0.0255237017 -0.0383740526 0.0235543677 
1624426399.20856285 -2.50984201 12.7416022 -0.285185146 -0.680700392 0.0318548862 0.0114689158 -0.731779137 -0.0741605767 1.00922608 -0.0471129517 -0.000116231322 1.89078366e-05 0.000186688525 -0.0255237017 -0.0383740526 0.0235543677 
1624426399.21853113 -2.510479 12.7516372 -0.285667788 -0.680817977 0.0320633559 0.0112956258 -0.731663332 -0.0536415159 1.00415466 -0.04972249 -0.000116231322 1.89078366e-05 0.000186688525 -0.0255237017 -0.0383740526 0.0235543677 
1624426399.22853756 -2.51099086 12.7616693 -0.286223953 -0.680921839 0.0320199308 0.0109531998 -0.731573784 -0.04866489 1.00098009 -0.0614392448 -0.000116231322 1.89078366e-05 0.000186688525 -0.0255237017 -0.0383740526 0.0235543677 
1624426399.23852324 -2.5114812 12.771639 -0.286845813 -0.680937704 0.0319397627 0.0106830451 -0.731566516 -0.0495448834 0.995806808 -0.0631109454 -0.000116231322 1.89078366e-05 0.000186688525 -0.0255237017 -0.0383740526 0.0235543677 
1624426399.24852967 -2.51200641 12.7815913 -0.287376817 -0.680882125 0.0320169695 0.0104007699 -0.731618937 -0.0554284416 0.993370811 -0.0430216211 -0.000116231322 1.89078366e-05 0.000186688525 -0.0255237017 -0.0383740526 0.0235543677 
1624426399.25851679 -2.51254206 12.7914442 -0.287695756 -0.680754227 0.0320487363 0.0104390271 -0.73173601 -0.0518408792 0.979769194 -0.0208485913 -0.000116231322 1.89078366e-05 0.000186688525 -0.0255237017 -0.0383740526 0.0235543677 
1624426399.26853347 -2.51303771 12.8011858 -0.287841138 -0.680626251 0.0322141762 0.0104556454 -0.731847547 -0.047122756 0.965301548 -0.00817934442 -0.000116231322 1.89078366e-05 0.000186688525 -0.0255237017 -0.0383740526 0.0235543677 
1624426399.27852607 -2.51345571 12.8107714 -0.287902144 -0.680497013 0.0320006294 0.0105022009 -0.731976419 -0.0365396549 0.953232437 -0.00403086373 -0.000116231322 1.89078366e-05 0.000186688525 -0.0255237017 -0.0383740526 0.0235543677 
1624426399.28855824 -2.51378202 12.8203069 -0.288023854 -0.680438772 0.0318132941 0.0104773962 -0.732039081 -0.0285129122 0.947758959 -0.0202329627 -0.000116231322 1.89078366e-05 0.000186688525 -0.0255237017 -0.0383740526 0.0235543677 
1624426399.29853654 -2.51712467 12.8308331 -0.28915937 -0.681674756 0.033873835 0.0114884485 -0.730780477 -0.0495257069 0.953179346 -0.0344561367 -3.85524867e-05 -1.45854105e-05 0.000227252412 -0.0255798233 -0.0384399131 0.0239380565 
1624426399.30856681 -2.51766695 12.8403862 -0.289506789 -0.68168553 0.0338558701 0.0114311684 -0.730772158 -0.0586019465 0.95167702 -0.0348179705 -3.85524867e-05 -1.45854105e-05 0.000227252412 -0.0255798233 -0.0384399131 0.0239380565 
1624426399.31853318 -2.51830131 12.8498522 -0.289858008 -0.681724027 0.0338869463 0.0114518119 -0.730734482 -0.0686990163 0.947901917 -0.0356627057 -3.85524867e-05 -1.45854105e-05 0.000227252412 -0.0255798233 -0.0384399131 0.0239380565 
1624426399.3285408 -2.51898448 12.8592954 -0.290156363 -0.681800428 0.0340971281 0.011608554 -0.730650945 -0.0678307185 0.939294921 -0.0239629867 -3.85524867e-05 -1.45854105e-05 0.000227252412 -0.0255798233 -0.0384399131 0.0239380565 
1624426399.33852553 -2.51964496 12.8686282 -0.2903725 -0.681915449 0.0340395734 0.0116899019 -0.730544984 -0.0644680803 0.930124791 -0.0193304747 -3.85524867e-05 -1.45854105e-05 0.000227252412 -0.0255798233 -0.0384399131 0.0239380565 
1624426399.34852719 -2.52024522 12.8778862 -0.29053214 -0.682026284 0.0339511156 0.0117987408 -0.730443878 -0.0555625307 0.921167608 -0.0125921636 -3.85524867e-05 -1.45854105e-05 0.000227252412 -0.0255798233 -0.0384399131 0.0239380565 
1624426399.35851431 -2.52078257 12.8870723 -0.290648299 -0.682144692 0.033685792 0.011808881 -0.730345423 -0.0520477076 0.918422123 -0.0106697448 -3.85524867e-05 -1.45854105e-05 0.000227252412 -0.0255798233 -0.0384399131 0.0239380565 
1624426399.36854601 -2.52131532 12.8963074 -0.290770131 -0.682230985 0.033571054 0.0118593653 -0.730269281 -0.0541645685 0.922755656 -0.0136196511 -3.85524867e-05 -1.45854105e-05 0.000227252412 -0.0255798233 -0.0384399131 0.0239380565 
1624426399.3785181 -2.52186316 12.9055438 -0.290947938 -0.682280167 0.0334578951 0.011717588 -0.730230813 -0.0557109552 0.929695095 -0.0220412072 -3.85524867e-05 -1.45854105e-05 0.000227252412 -0.0255798233 -0.0384399131 0.0239380565 
1624426399.38853741 -2.52244447 12.9148825 -0.291222696 -0.682299578 0.0335083373 0.0116042226 -0.730212174 -0.0603254554 0.934440459 -0.0328045857 -3.85524867e-05 -1.45854105e-05 0.000227252412 -0.0255798233 -0.0384399131 0.0239380565 
1624426399.3985467 -2.52324272 12.9238666 -0.291351757 -0.682368862 0.0336594618 0.0117711223 -0.730137807 -0.0724559382 0.933045987 -0.0249816831 -3.45640363e-05 -5.21288884e-06 0.000229116231 -0.0255645122 -0.0384421604 0.0238422007 
1624426399.40856409 -2.52406159 12.9332025 -0.291576758 -0.682423781 0.033974738 0.0117766411 -0.730071785 -0.0910324426 0.930888913 -0.0199404128 -3.45640363e-05 -5.21288884e-06 0.000229116231 -0.0255645122 -0.0384421604 0.0238422007 
1624426399.41854906 -2.52497048 12.9424571 -0.291800966 -0.682490969 0.0343845686 0.0118669949 -0.729988324 -0.0910205908 0.92280821 -0.0249685136 -3.45640363e-05 -5.21288884e-06 0.000229116231 -0.0255645122 -0.0384421604 0.0238422007 
1624426399.42855525 -2.52582804 12.9516505 -0.292048231 -0.682566325 0.0345307608 0.0120095847 -0.72990863 -0.0803839413 0.914743154 -0.0244539599 -3.45640363e-05 -5.21288884e-06 0.000229116231 -0.0255645122 -0.0384421604 0.0238422007 
1624426399.43853188 -2.52663254 12.9607386 -0.292274622 -0.682668629 0.0345198665 0.0121050507 -0.729811886 -0.0808939917 0.907143829 -0.0209303516 -3.45640363e-05 -5.21288884e-06 0.000229116231 -0.0255645122 -0.0384421604 0.0238422007 
1624426399.4485333 -2.52745275 12.969836 -0.292557374 -0.682753849 0.0342715494 0.0120571739 -0.729744659 -0.0831237552 0.912078849 -0.0356120566 -3.45640363e-05 -5.21288884e-06 0.000229116231 -0.0255645122 -0.0384421604 0.0238422007 
1624426399.45852494 -2.52829938 12.9790266 -0.293040914 -0.682767139 0.0343683525 0.0119806878 -0.729728932 -0.0863452117 0.92757714 -0.0611767346 -3.45640363e-05 -5.21288884e-06 0.000229116231 -0.0255645122 -0.0384421604 0.0238422007 
1624426399.46854758 -2.52916588 12.9884107 -0.293773114 -0.682736342 0.0346277443 0.0117089702 -0.729749893 -0.0865621796 0.94499484 -0.0849324504 -3.45640363e-05 -5.21288884e-06 0.000229116231 -0.0255645122 -0.0384421604 0.0238422007 
1624426399.47851801 -2.53000741 12.9978482 -0.2946432 -0.682661388 0.0351023386 0.0114280196 -0.729801792 -0.0822428937 0.94809579 -0.0896010072 -3.45640363e-05 -5.21288884e-06 0.000229116231 -0.0255645122 -0.0384421604 0.0238422007 
1624426399.48854208 -2.53083428 13.0072647 -0.295394705 -0.682602432 0.0353714627 0.0110319114 -0.729850037 -0.082735078 0.930691199 -0.0603390177 -3.45640363e-05 -5.21288884e-06 0.000229116231 -0.0255645122 -0.0384421604 0.0238422007 
1624426399.49854636 -2.52973151 13.0119997 -0.293386865 -0.681788104 0.0320297727 0.012479666 -0.730741632 -0.0622813709 0.859823801 0.00650225839 -7.8888042e-05 0.000111442311 0.000205024181 -0.0253595601 -0.0383940922 0.0225978738 
1624426399.50854874 -2.53037718 13.0204722 -0.293223628 -0.681746182 0.0316302496 0.0126187602 -0.730795756 -0.0668217462 0.834271514 0.0261372479 -7.8888042e-05 0.000111442311 0.000205024181 -0.0253595601 -0.0383940922 0.0225978738 
1624426399.51853848 -2.53102992 13.028767 -0.292963236 -0.681699528 0.0313250992 0.0132166891 -0.730841851 -0.0638604238 0.826384979 0.0259947808 -7.8888042e-05 0.000111442311 0.000205024181 -0.0253595601 -0.0383940922 0.0225978738 
1624426399.5285542 -2.53168021 13.0371475 -0.292738006 -0.681664762 0.0308987125 0.0134725751 -0.730887756 -0.0659944818 0.847083229 0.0189804447 -7.8888042e-05 0.000111442311 0.000205024181 -0.0253595601 -0.0383940922 0.0225978738 
1624426399.53852534 -2.5323382 13.0456888 -0.292657312 -0.681678786 0.0308541107 0.0135004638 -0.730876045 -0.065983209 0.866133686 -0.00279490835 -7.8888042e-05 0.000111442311 0.000205024181 -0.0253595601 -0.0383940922 0.0225978738 
1624426399.54852915 -2.53296796 13.0544008 -0.292845459 -0.681695239 0.0307509121 0.0133440339 -0.730867922 -0.0599216784 0.875590276 -0.0348200993 -7.8888042e-05 0.000111442311 0.000205024181 -0.0253595601 -0.0383940922 0.0225978738 
1624426399.55851603 -2.53357168 13.0630957 -0.293230381 -0.681717908 0.0311358551 0.0132800393 -0.730831644 -0.0609809947 0.865675087 -0.042265519 -7.8888042e-05 0.000111442311 0.000205024181 -0.0253595601 -0.0383940922 0.0225978738 
1624426399.56853533 -2.53420781 13.0717748 -0.293621729 -0.681727573 0.0310598442 0.0131495803 -0.730828223 -0.0659989737 0.866811563 -0.0358533887 -7.8888042e-05 0.000111442311 0.000205024181 -0.0253595601 -0.0383940922 0.0225978738 
1624426399.57851434 -2.53483228 13.0803982 -0.294015566 -0.681759461 0.031172157 0.0133763102 -0.730789579 -0.0591579063 0.86149931 -0.0430796027 -7.8888042e-05 0.000111442311 0.000205024181 -0.0253595601 -0.0383940922 0.0225978738 
1624426399.58855033 -2.53541754 13.0890167 -0.294337165 -0.681823267 0.031048094 0.0133695001 -0.730735455 -0.0574753605 0.856007836 -0.0210095643 -7.8888042e-05 0.000111442311 0.000205024181 -0.0253595601 -0.0383940922 0.0225978738 
1624426399.59853292 -2.53613704 13.0985203 -0.294606449 -0.68189879 0.0317308171 0.0130807561 -0.730640876 -0.0582408813 0.875298213 0.00901609954 -7.63825743e-05 8.75558983e-05 0.000205895306 -0.0253817563 -0.0383970668 0.022720359 
1624426399.6085546 -2.53673029 13.1072956 -0.294577265 -0.681989958 0.031386328 0.0130332404 -0.730571509 -0.0601525781 0.875970907 -0.00319203328 -7.63825743e-05 8.75558983e-05 0.000205895306 -0.0253817563 -0.0383970668 0.022720359 
1624426399.61854029 -2.53731197 13.1160224 -0.294724366 -0.682053412 0.0315797816 0.013231854 -0.730500362 -0.0563491301 0.871887118 -0.0262702576 -7.63825743e-05 8.75558983e-05 0.000205895306 -0.0253817563 -0.0383970668 0.022720359 
1624426399.62853146 -2.53785557 13.1247319 -0.294972402 -0.682090811 0.0314196777 0.0130120195 -0.730476294 -0.0524678642 0.871550018 -0.0233809177 -7.63825743e-05 8.75558983e-05 0.000205895306 -0.0253817563 -0.0383970668 0.022720359 
1624426399.63852572 -2.53830557 13.1334134 -0.295257389 -0.682135546 0.0313963318 0.0132496188 -0.730431253 -0.0375837913 0.865750541 -0.0336491957 -7.63825743e-05 8.75558983e-05 0.000205895306 -0.0253817563 -0.0383970668 0.022720359 
1624426399.64852381 -2.53870298 13.1420471 -0.295742392 -0.68218078 0.0311955805 0.0130796504 -0.730400672 -0.0419128311 0.86131609 -0.0633700064 -7.63825743e-05 8.75558983e-05 0.000205895306 -0.0253817563 -0.0383970668 0.022720359 
1624426399.65853548 -2.53919158 13.1506707 -0.29623272 -0.682204662 0.0313246671 0.0129227107 -0.730375634 -0.0556944688 0.861396392 -0.0345812169 -7.63825743e-05 8.75558983e-05 0.000205895306 -0.0253817563 -0.0383970668 0.022720359 
1624426399.66851783 -2.53979359 13.1592831 -0.296440337 -0.6822344 0.0313086757 0.0129354128 -0.730348318 -0.0649190681 0.864122563 -0.00701550093 -7.63825743e-05 8.75558983e-05 0.000205895306 -0.0253817563 -0.0383970668 0.022720359 
1624426399.67851853 -2.54044466 13.1678679 -0.296587342 -0.682267019 0.031541665 0.0132714418 -0.730301792 -0.0652860891 0.852725594 -0.0223834802 -7.63825743e-05 8.75558983e-05 0.000205895306 -0.0253817563 -0.0383970668 0.022720359 
1624426399.68853879 -2.54107173 13.1763658 -0.296865697 -0.682322624 0.0315709181 0.0132975667 -0.730248101 -0.0598747078 0.843409162 -0.0331749462 -7.63825743e-05 8.75558983e-05 0.000205895306 -0.0253817563 -0.0383970668 0.022720359 
1624426399.69854307 -2.54143035 13.1852234 -0.296414332 -0.682412148 0.0316446186 0.0131858143 -0.730163278 -0.0538507555 0.846825246 -0.0272550034 -8.42212617e-05 7.65537339e-05 0.000205210059 -0.0253617094 -0.0383910494 0.0223040454 
1624426399.70856428 -2.54197627 13.1937401 -0.296860056 -0.682539392 0.031367323 0.0132066492 -0.730055926 -0.0551009701 0.852897565 -0.0617012647 -8.42212617e-05 7.65537339e-05 0.000205210059 -0.0253617094 -0.0383910494 0.0223040454 
1624426399.7185533 -2.54256907 13.2022613 -0.297484128 -0.682627889 0.0314687112 0.0131918433 -0.729969082 -0.0635903824 0.853215654 -0.0632501572 -8.42212617e-05 7.65537339e-05 0.000205210059 -0.0253617094 -0.0383910494 0.0223040454 
1624426399.72854257 -2.54325092 13.2107878 -0.297873083 -0.682679931 0.0316093385 0.0132770166 -0.729912791 -0.0729251241 0.853928123 -0.0146245579 -8.42212617e-05 7.65537339e-05 0.000205210059 -0.0253617094 -0.0383910494 0.0223040454 
1624426399.73853922 -2.54399236 13.2192691 -0.29798263 -0.682713221 0.0316364654 0.0135271708 -0.729875885 -0.0754127468 0.842892365 -0.00729226455 -8.42212617e-05 7.65537339e-05 0.000205210059 -0.0253617094 -0.0383910494 0.0223040454 
1624426399.74853635 -2.54474192 13.2275925 -0.298088619 -0.682714543 0.031685664 0.0137385356 -0.729868566 -0.074541871 0.822260738 -0.0139115927 -8.42212617e-05 7.65537339e-05 0.000205210059 -0.0253617094 -0.0383910494 0.0223040454 
1624426399.75853205 -2.54552388 13.2357543 -0.298144234 -0.682693069 0.0315251626 0.014113831 -0.729888442 -0.0819185902 0.81080956 0.00278395001 -8.42212617e-05 7.65537339e-05 0.000205210059 -0.0253617094 -0.0383910494 0.0223040454 
1624426399.76849699 -2.54632748 13.2438383 -0.298223987 -0.68265469 0.0312479513 0.0145964354 -0.729926766 -0.0793655997 0.811684395 -0.0187908157 -8.42212617e-05 7.65537339e-05 0.000205210059 -0.0253617094 -0.0383910494 0.0223040454 
1624426399.77855706 -2.54709142 13.2520344 -0.298509282 -0.682601855 0.0311482113 0.0147245789 -0.729977865 -0.0725098766 0.817732513 -0.0379273586 -8.42212617e-05 7.65537339e-05 0.000205210059 -0.0253617094 -0.0383910494 0.0223040454 
1624426399.78854251 -2.54777895 13.2602402 -0.298800423 -0.682547348 0.0311607269 0.0147593586 -0.730027594 -0.0651969159 0.825832438 -0.02038565 -8.42212617e-05 7.65537339e-05 0.000205210059 -0.0253617094 -0.0383910494 0.0223040454 
1624426399.79852962 -2.547643 13.2688186 -0.299049789 -0.682494797 0.0308533307 0.0140218779 -0.730104315 -0.0532927858 0.830156256 -0.0170360661 -0.000104870261 6.9447166e-05 0.000204290764 -0.0253713258 -0.0383790702 0.0223698827 
1624426399.80854797 -2.54816666 13.2771058 -0.299351461 -0.682424894 0.0307897048 0.0139432493 -0.730173845 -0.0512482845 0.824250746 -0.043187993 -0.000104870261 6.9447166e-05 0.000204290764 -0.0253713258 -0.0383790702 0.0223698827 
1624426399.81853008 -2.54867067 13.2852534 -0.299740348 -0.682336503 0.0307855393 0.0138413952 -0.730258559 -0.0497330611 0.808183766 -0.0347287812 -0.000104870261 6.9447166e-05 0.000204290764 -0.0253713258 -0.0383790702 0.0223698827 
1624426399.82854128 -2.54916883 13.2933305 -0.29999852 -0.682251864 0.0306397911 0.014054064 -0.730339702 -0.0497888407 0.805431217 -0.0168479115 -0.000104870261 6.9447166e-05 0.000204290764 -0.0253713258 -0.0383790702 0.0223698827 
1624426399.83852887 -2.54963415 13.3014049 -0.300248203 -0.682174267 0.0304665039 0.0143359472 -0.730413952 -0.0433908871 0.811455306 -0.0331505509 -0.000104870261 6.9447166e-05 0.000204290764 -0.0253713258 -0.0383790702 0.0223698827 
1624426399.84854007 -2.55004089 13.3095765 -0.300602033 -0.682140754 0.0304630046 0.0143939816 -0.730444255 -0.0378655171 0.821035901 -0.0375364215 -0.000104870261 6.9447166e-05 0.000204290764 -0.0253713258 -0.0383790702 0.0223698827 
1624426399.86853623 -2.5507466 13.325956 -0.301697453 -0.682285439 0.0303751194 0.014313352 -0.730314357 -0.0327193074 0.817234427 -0.0720265984 -0.000104870261 6.9447166e-05 0.000204290764 -0.0253713258 -0.0383790702 0.0223698827 
1624426399.87859058 -2.55106949 13.3341129 -0.302484594 -0.682380204 0.030374634 0.0142679358 -0.730226721 -0.0315081729 0.805312393 -0.0845504966 -0.000104870261 6.9447166e-05 0.000204290764 -0.0253713258 -0.0383790702 0.0223698827 
1624426399.88858175 -2.55136734 13.3420922 -0.303266115 -0.682482709 0.030399183 0.0143714434 -0.730127868 -0.0281153624 0.791960598 -0.0718919647 -0.000104870261 6.9447166e-05 0.000204290764 -0.0253713258 -0.0383790702 0.0223698827 
1624426399.898592 -2.55330332 13.3463801 -0.299515617 -0.683175455 0.0291394488 0.0171966437 -0.72946999 -0.0375967583 0.760459311 -0.0503903797 -6.1136197e-05 0.000158557574 0.000226287521 -0.0250594079 -0.0383839967 0.0197689951 
1624426399.90895271 -2.55368843 13.3542589 -0.300021966 -0.683294612 0.0290926555 0.017325066 -0.729357205 -0.0367432041 0.760449766 -0.0473536669 -6.1136197e-05 0.000158557574 0.000226287521 -0.0250594079 -0.0383839967 0.0197689951 
1624426399.91855264 -2.55407165 13.3615731 -0.300402406 -0.683407557 0.0291052754 0.0173239293 -0.7292509 -0.0430957153 0.763354419 -0.0319051986 -6.1136197e-05 0.000158557574 0.000226287521 -0.0250594079 -0.0383839967 0.0197689951 
1624426399.92854166 -2.55452143 13.3691825 -0.300723419 -0.683523512 0.0291941632 0.0174459454 -0.729135754 -0.0469586981 0.760201303 -0.0323679121 -6.1136197e-05 0.000158557574 0.000226287521 -0.0250594079 -0.0383839967 0.0197689951 
1624426399.93852758 -2.55499043 13.3767327 -0.301110605 -0.683640019 0.0292716003 0.0174684791 -0.729022873 -0.0469725806 0.751957254 -0.0451784745 -6.1136197e-05 0.000158557574 0.000226287521 -0.0250594079 -0.0383839967 0.0197689951 
1624426399.94852424 -2.55545218 13.3842077 -0.301588839 -0.683735936 0.0292286104 0.0175777772 -0.728932013 -0.0454088247 0.743549961 -0.0505003569 -6.1136197e-05 0.000158557574 0.000226287521 -0.0250594079 -0.0383839967 0.0197689951 
1624426399.95851779 -2.55590357 13.3916106 -0.302133494 -0.683827705 0.0291072903 0.0176345665 -0.728849407 -0.0449280073 0.737970463 -0.0585008699 -6.1136197e-05 0.000158557574 0.000226287521 -0.0250594079 -0.0383839967 0.0197689951 
1624426399.96852136 -2.55637123 13.3990108 -0.302794727 -0.683901228 0.0290266218 0.0177610251 -0.728780565 -0.0485703181 0.741541443 -0.0736986027 -6.1136197e-05 0.000158557574 0.000226287521 -0.0250594079 -0.0383839967 0.0197689951 
1624426399.97850966 -2.5568789 13.4064288 -0.3035085 -0.683945666 0.028999851 0.0178228066 -0.728738418 -0.0530836166 0.743801649 -0.0692232258 -6.1136197e-05 0.000158557574 0.000226287521 -0.0250594079 -0.0383839967 0.0197689951 
1624426399.98854351 -2.55746871 13.4138953 -0.304086206 -0.683966748 0.0291133366 0.017905099 -0.728712089 -0.0644796338 0.744453701 -0.0459281269 -6.1136197e-05 0.000158557574 0.000226287521 -0.0250594079 -0.0383839967 0.0197689951 
1624426399.99855018 -2.55698075 13.4241987 -0.301896518 -0.684269333 0.0298910215 0.0156261368 -0.728448921 -0.0565807032 0.757322063 -0.02837184 -0.000103137388 8.0346271e-05 0.000233319871 -0.0250382937 -0.0383607577 0.0183727191 
1624426400.00854325 -2.55750694 13.4317206 -0.30216105 -0.684223667 0.029907222 0.0156924026 -0.728489726 -0.0487316201 0.748093375 -0.0245712295 -0.000103137388 8.0346271e-05 0.000233319871 -0.0250382937 -0.0383607577 0.0183727191 
1624426400.01854348 -2.55798085 13.4391963 -0.302305485 -0.68415217 0.0297538626 0.0156378376 -0.728564324 -0.0460469107 0.747021758 -0.00431513258 -0.000103137388 8.0346271e-05 0.000233319871 -0.0250382937 -0.0383607577 0.0183727191 
1624426400.02853703 -2.55840875 13.4466864 -0.302377659 -0.684034492 0.0295314069 0.0155314014 -0.728686137 -0.0395887472 0.751959298 -0.0101289307 -0.000103137388 8.0346271e-05 0.000233319871 -0.0250382937 -0.0383607577 0.0183727191 
1624426400.03877139 -2.55877717 13.4544111 -0.302609888 -0.683886182 0.0294575331 0.0151353836 -0.728836651 -0.0324091233 0.757607726 -0.0352533444 -0.000103137388 8.0346271e-05 0.000233319871 -0.0250382937 -0.0383607577 0.0183727191 
1624426400.04854083 -2.55909291 13.46177 -0.302972971 -0.683715439 0.0294181076 0.0147744493 -0.729005823 -0.0322281931 0.748907942 -0.0390770982 -0.000103137388 8.0346271e-05 0.000233319871 -0.0250382937 -0.0383607577 0.0183727191 
1624426400.05857515 -2.55938835 13.4692248 -0.303421743 -0.683528413 0.0293793953 0.0146097731 -0.729186062 -0.0266577313 0.736942911 -0.050370258 -0.000103137388 8.0346271e-05 0.000233319871 -0.0250382937 -0.0383607577 0.0183727191 
1624426400.06852365 -2.55964942 13.4765122 -0.30400225 -0.683373052 0.0292700421 0.0146312095 -0.729335632 -0.0258260483 0.728079181 -0.0663322959 -0.000103137388 8.0346271e-05 0.000233319871 -0.0250382937 -0.0383607577 0.0183727191 
1624426400.07850552 -2.55990829 13.4837739 -0.30462585 -0.683303769 0.029217928 0.0147468481 -0.729400303 -0.026041739 0.726898505 -0.058614174 -0.000103137388 8.0346271e-05 0.000233319871 -0.0250382937 -0.0383607577 0.0183727191 
1624426400.08854175 -2.5601872 13.4911015 -0.305097982 -0.683322831 0.0291037469 0.0148571915 -0.729384771 -0.0295405233 0.733327641 -0.0354714234 -0.000103137388 8.0346271e-05 0.000233319871 -0.0250382937 -0.0383607577 0.0183727191 
1624426400.09853053 -2.56177365 13.4975446 -0.303842525 -0.683587319 0.0292809871 0.0161238509 -0.729102889 -0.0386584078 0.73513794 -0.0300555853 -6.86897341e-05 0.000102179278 0.00023971562 -0.0249564418 -0.0383670091 0.0174034718 
1624426400.10856199 -2.56216252 13.5049299 -0.304161365 -0.68377645 0.0292978087 0.0159884067 -0.728927826 -0.0388712848 0.737296389 -0.033512408 -6.86897341e-05 0.000102179278 0.00023971562 -0.0249564418 -0.0383670091 0.0174034718 
1624426400.11852813 -2.56255515 13.5122666 -0.304485979 -0.684003637 0.0293727473 0.0160135548 -0.728711076 -0.0399227504 0.735024143 -0.0316310846 -6.86897341e-05 0.000102179278 0.00023971562 -0.0249564418 -0.0383670091 0.0174034718 
1624426400.12852788 -2.56295416 13.5195949 -0.30485495 -0.684225438 0.0293356416 0.0159761894 -0.728505135 -0.039880953 0.730664483 -0.042164882 -6.86897341e-05 0.000102179278 0.00023971562 -0.0249564418 -0.0383670091 0.0174034718 
1624426400.13853002 -2.56335045 13.5268742 -0.305318733 -0.684413256 0.0293635241 0.0160546316 -0.728325839 -0.0393589162 0.72489902 -0.0505718982 -6.86897341e-05 0.000102179278 0.00023971562 -0.0249564418 -0.0383670091 0.0174034718 
1624426400.14854741 -2.56375634 13.534131 -0.30578925 -0.684553663 0.0293490504 0.0161342921 -0.728192694 -0.0416794578 0.723925707 -0.043368102 -6.86897341e-05 0.000102179278 0.00023971562 -0.0249564418 -0.0383670091 0.0174034718 
1624426400.15851378 -2.56416298 13.5413601 -0.30618525 -0.684642768 0.0293095017 0.0161950281 -0.728109163 -0.039922284 0.726787631 -0.0360992529 -6.86897341e-05 0.000102179278 0.00023971562 -0.0249564418 -0.0383670091 0.0174034718 
1624426400.16852331 -2.5645543 13.5486359 -0.306544879 -0.68467769 0.0292390231 0.0161828727 -0.728079429 -0.0382680388 0.726982729 -0.0357579362 -6.86897341e-05 0.000102179278 0.00023971562 -0.0249564418 -0.0383670091 0.0174034718 
1624426400.17851043 -2.56493246 13.5558946 -0.306879832 -0.684676843 0.0291919971 0.0161308047 -0.728083268 -0.037460817 0.726617626 -0.0313192185 -6.86897341e-05 0.000102179278 0.00023971562 -0.0249564418 -0.0383670091 0.0174034718 
1624426400.18855047 -2.56531391 13.5631882 -0.307219181 -0.684646004 0.0290979764 0.0160191195 -0.728118496 -0.0385248431 0.72629417 -0.0362797575 -6.86897341e-05 0.000102179278 0.00023971562 -0.0249564418 -0.0383670091 0.0174034718 
1624426400.1985445 -2.5661401 13.57005 -0.305837889 -0.684563743 0.0290135738 0.0162937797 -0.728193112 -0.0459546139 0.719397294 -0.035304831 -5.93015446e-05 0.000111385332 0.000239043697 -0.0249040482 -0.0383603402 0.016382343 
1624426400.20854855 -2.56663168 13.5772448 -0.306196203 -0.684496463 0.0289596419 0.0162276879 -0.728259977 -0.0523213322 0.718970077 -0.0363289198 -5.93015446e-05 0.000111385332 0.000239043697 -0.0249040482 -0.0383603402 0.016382343 
1624426400.21856332 -2.56718273 13.5844423 -0.306575866 -0.684429171 0.028930317 0.0162156982 -0.728324651 -0.0577261416 0.718420677 -0.0394917135 -5.93015446e-05 0.000111385332 0.000239043697 -0.0249040482 -0.0383603402 0.016382343 
1624426400.22853112 -2.5677638 13.5915831 -0.306964961 -0.68437897 0.0289242421 0.0161807391 -0.728372842 -0.0588637457 0.714346123 -0.0385785183 -5.93015446e-05 0.000111385332 0.000239043697 -0.0249040482 -0.0383603402 0.016382343 
1624426400.23853517 -2.56835102 13.5987296 -0.307311451 -0.684332904 0.0289049099 0.0161939234 -0.728416598 -0.0585323069 0.714383708 -0.0306915474 -5.93015446e-05 0.000111385332 0.000239043697 -0.0249040482 -0.0383603402 0.016382343 
1624426400.24853325 -2.5689248 13.605895 -0.307612409 -0.684309804 0.0288424868 0.016127364 -0.728442249 -0.0562454001 0.718958759 -0.0295116144 -5.93015446e-05 0.000111385332 0.000239043697 -0.0249040482 -0.0383603402 0.016382343 
1624426400.25853229 -2.56947021 13.6131035 -0.307951255 -0.684296357 0.0287635095 0.0160199719 -0.728460374 -0.0528476941 0.72287872 -0.0382641123 -5.93015446e-05 0.000111385332 0.000239043697 -0.0249040482 -0.0383603402 0.016382343 
1624426400.26852322 -2.5699757 13.620346 -0.308370112 -0.684287539 0.0287759508 0.0159145997 -0.728470476 -0.048340866 0.726935091 -0.0455832408 -5.93015446e-05 0.000111385332 0.000239043697 -0.0249040482 -0.0383603402 0.016382343 
1624426400.27852869 -2.57044473 13.6276321 -0.308857128 -0.684284094 0.028774764 0.0157771101 -0.728476749 -0.0454141604 0.729493189 -0.0517666694 -5.93015446e-05 0.000111385332 0.000239043697 -0.0249040482 -0.0383603402 0.016382343 
1624426400.2885623 -2.57086135 13.6349401 -0.309383535 -0.684287392 0.0288254138 0.0156764495 -0.728473823 -0.0376303298 0.727203717 -0.0531621794 -5.93015446e-05 0.000111385332 0.000239043697 -0.0249040482 -0.0383603402 0.016382343 
1624426400.29869819 -2.57170083 13.6407529 -0.306658712 -0.684227015 0.0281249754 0.0164931985 -0.728539877 -0.0359793055 0.708886803 -0.0243433313 -4.82654029e-05 0.000152552938 0.00023771223 -0.0248153512 -0.0383468052 0.0145527391 
1624426400.30860019 -2.57206205 13.6477388 -0.306815163 -0.684276105 0.0280716191 0.0165055861 -0.728495547 -0.0369812224 0.702120592 -0.00725648337 -4.82654029e-05 0.000152552938 0.00023771223 -0.0248153512 -0.0383468052 0.0145527391 
1624426400.31855965 -2.57245175 13.6547073 -0.30683284 -0.684375586 0.027962665 0.0165163567 -0.728406038 -0.0412748405 0.697245791 0.0037067733 -4.82654029e-05 0.000152552938 0.00023771223 -0.0248153512 -0.0383468052 0.0145527391 
1624426400.32855272 -2.57291006 13.6616799 -0.306789996 -0.68450792 0.0280366259 0.0167093376 -0.728274435 -0.0504506717 0.698245855 0.00486791388 -4.82654029e-05 0.000152552938 0.00023771223 -0.0248153512 -0.0383468052 0.0145527391 
1624426400.33853269 -2.57342365 13.6686602 -0.306752137 -0.684667775 0.0280983479 0.016789262 -0.728119936 -0.0524746902 0.700609832 0.00271911357 -4.82654029e-05 0.000152552938 0.00023771223 -0.0248153512 -0.0383468052 0.0145527391 
1624426400.3485322 -2.57390911 13.6756781 -0.306768791 -0.684847343 0.0282384227 0.0168682436 -0.727943796 -0.0446222089 0.703048343 -0.00605003891 -4.82654029e-05 0.000152552938 0.00023771223 -0.0248153512 -0.0383468052 0.0145527391 
1624426400.35851765 -2.57430741 13.6826811 -0.306886166 -0.685031267 0.028100303 0.016715039 -0.727779598 -0.0351531498 0.69958765 -0.0174591853 -4.82654029e-05 0.000152552938 0.00023771223 -0.0248153512 -0.0383468052 0.0145527391 
1624426400.36854458 -2.57466073 13.6897066 -0.30713041 -0.68517552 0.0280409559 0.0165917197 -0.727648903 -0.0353214534 0.701742162 -0.0312585866 -4.82654029e-05 0.000152552938 0.00023771223 -0.0248153512 -0.0383468052 0.0145527391 
1624426400.37852931 -2.57504894 13.6967353 -0.307510421 -0.685254765 0.0278992814 0.0164135009 -0.727583764 -0.0424382538 0.706142902 -0.0448596824 -4.82654029e-05 0.000152552938 0.00023771223 -0.0248153512 -0.0383468052 0.0145527391 
1624426400.38853025 -2.57551826 13.7037997 -0.307965978 -0.685277672 0.0280055065 0.0162967975 -0.727560732 -0.0514182973 0.706609753 -0.0462432496 -4.82654029e-05 0.000152552938 0.00023771223 -0.0248153512 -0.0383468052 0.0145527391 
1624426400.39854336 -2.57543766 13.7119838 -0.305638946 -0.685506005 0.0282128282 0.0151246137 -0.727362908 -0.0539079851 0.71333471 -0.0187669701 -7.31844399e-05 0.000122862083 0.00024472168 -0.0248031322 -0.0383305787 0.0130572065 
1624426400.40856647 -2.57598126 13.7191121 -0.305760231 -0.68545543 0.028342714 0.015142971 -0.727405138 -0.0545615474 0.709053355 -0.00543397952 -7.31844399e-05 0.000122862083 0.00024472168 -0.0248031322 -0.0383305787 0.0130572065 
1624426400.41853881 -2.57653238 13.7261613 -0.30580043 -0.68540467 0.0283061015 0.0150511559 -0.727456299 -0.0559687626 0.70468138 -0.0026282796 -7.31844399e-05 0.000122862083 0.00024472168 -0.0248031322 -0.0383305787 0.0130572065 
1624426400.42854047 -2.57711096 13.7331733 -0.305792701 -0.68536346 0.0282598462 0.0150740126 -0.727496449 -0.0597271406 0.697495288 0.0041738058 -7.31844399e-05 0.000122862083 0.00024472168 -0.0248031322 -0.0383305787 0.0130572065 
1624426400.43855023 -2.57774803 13.7401452 -0.305732457 -0.685327029 0.0281395119 0.0151250443 -0.727534373 -0.0675622193 0.695528239 0.00786332984 -7.31844399e-05 0.000122862083 0.00024472168 -0.0248031322 -0.0383305787 0.0130572065 
1624426400.44852996 -2.57845329 13.7471071 -0.305721677 -0.685296897 0.0280797103 0.0153474066 -0.72756041 -0.073776626 0.699681291 -0.00570298214 -7.31844399e-05 0.000122862083 0.00024472168 -0.0248031322 -0.0383305787 0.0130572065 
1624426400.45853567 -2.57920681 13.7541388 -0.305836893 -0.68528631 0.0281146328 0.0154002522 -0.727567917 -0.0768414418 0.70585359 -0.0173270486 -7.31844399e-05 0.000122862083 0.00024472168 -0.0248031322 -0.0383305787 0.0130572065 
1624426400.46852779 -2.5799821 13.7612063 -0.306003346 -0.685292048 0.0282489808 0.0155124328 -0.727554925 -0.0783386079 0.708750377 -0.0159897693 -7.31844399e-05 0.000122862083 0.00024472168 -0.0248031322 -0.0383305787 0.0130572065 
1624426400.47852063 -2.58074794 13.7682844 -0.306188849 -0.685312148 0.0283594757 0.0155212099 -0.727531506 -0.0749400075 0.707900118 -0.021137429 -7.31844399e-05 0.000122862083 0.00024472168 -0.0248031322 -0.0383305787 0.0130572065 
1624426400.48858309 -2.58149596 13.7753949 -0.306382002 -0.685324738 0.028451013 0.0154636336 -0.727517298 -0.0737358972 0.70536472 -0.0172534761 -7.31844399e-05 0.000122862083 0.00024472168 -0.0248031322 -0.0383305787 0.0130572065 
1624426400.4986279 -2.57981597 13.782581 -0.306267972 -0.685698632 0.0271195781 0.0140650363 -0.727244174 -0.0533560593 0.700071094 -0.0038222183 -0.000141876714 0.000123537085 0.000253989144 -0.0248075435 -0.0383062834 0.0130162881 
1624426400.50855255 -2.58033844 13.789516 -0.306289428 -0.685683611 0.0271019543 0.0141525604 -0.727257296 -0.0519310706 0.697457203 -0.000501488257 -0.000141876714 0.000123537085 0.000253989144 -0.0248075435 -0.0383062834 0.0130162881 
1624426400.51854181 -2.58083571 13.796478 -0.306304626 -0.685654624 0.0270428059 0.014258637 -0.727284755 -0.0476305124 0.696437776 -0.00254139299 -0.000141876714 0.000123537085 0.000253989144 -0.0248075435 -0.0383062834 0.0130162881 
1624426400.52853203 -2.58130443 13.8034413 -0.306321662 -0.685615511 0.0269930464 0.0143137948 -0.727322392 -0.046204389 0.697588835 -0.00086900605 -0.000141876714 0.000123537085 0.000253989144 -0.0248075435 -0.0383062834 0.0130162881 
1624426400.5385201 -2.58173054 13.8104275 -0.306351995 -0.685568079 0.0269378155 0.0143924397 -0.727367597 -0.0391195475 0.701307612 -0.00520489419 -0.000141876714 0.000123537085 0.000253989144 -0.0248075435 -0.0383062834 0.0130162881 
1624426400.54852867 -2.58209445 13.8174614 -0.306439529 -0.685538056 0.026880197 0.014326001 -0.727399336 -0.0336012114 0.704280763 -0.012286943 -0.000141876714 0.000123537085 0.000253989144 -0.0248075435 -0.0383062834 0.0130162881 
1624426400.55852294 -2.58240743 13.8245042 -0.306516321 -0.685522993 0.026860717 0.0142408791 -0.727415923 -0.029028845 0.705085735 -0.00308026607 -0.000141876714 0.000123537085 0.000253989144 -0.0248075435 -0.0383062834 0.0130162881 
1624426400.56852555 -2.58268641 13.8315517 -0.306531461 -0.685517433 0.0268022065 0.0141848103 -0.727424417 -0.0267537199 0.704044578 5.31381703e-05 -0.000141876714 0.000123537085 0.000253989144 -0.0248075435 -0.0383062834 0.0130162881 
1624426400.5785265 -2.58293861 13.8385755 -0.306549196 -0.685527374 0.0267390975 0.0141080274 -0.727418864 -0.0236817139 0.700573142 -0.00359981291 -0.000141876714 0.000123537085 0.000253989144 -0.0248075435 -0.0383062834 0.0130162881 
1624426400.58858156 -2.58316084 13.8455993 -0.306571466 -0.685541542 0.0266352665 0.0140677937 -0.7274101 -0.0205211526 0.696493479 -0.000829778235 -0.000141876714 0.000123537085 0.000253989144 -0.0248075435 -0.0383062834 0.0130162881 
1624426400.59858012 -2.58501707 13.8544618 -0.307679976 -0.685193146 0.0285563758 0.0139188903 -0.727668297 -0.0344511978 0.712731057 -0.00955905661 -9.68244637e-05 6.73085194e-05 0.000241688302 -0.0248341023 -0.0383303836 0.0135826055 
1624426400.60854745 -2.5853765 13.8616074 -0.307793888 -0.6852532 0.0285726856 0.0139589718 -0.727610335 -0.0376711575 0.721071603 -0.0132980041 -9.68244637e-05 6.73085194e-05 0.000241688302 -0.0248341023 -0.0383303836 0.0135826055 
1624426400.61854649 -2.5858009 13.8688644 -0.307945735 -0.685366177 0.0287450305 0.0139855829 -0.727496619 -0.0472164177 0.730473 -0.0170743295 -9.68244637e-05 6.73085194e-05 0.000241688302 -0.0248341023 -0.0383303836 0.0135826055 
1624426400.62192011 -2.55204829 13.7598239 -0.100166177 -0.647557069 0.0102470035 0.00449778964 -0.761934782 -0.000529082327 0.704608814 0.00270363036 -0.000780138374 0.000363775229 -0.00101173425 -0.031565556 -0.0546063939 0.0134007645 
1624426400.62855291 -2.55205175 13.7645047 -0.100143319 -0.647644541 0.0104680386 0.00452145592 -0.761857287 -0.000514811444 0.706812875 0.00418880909 -0.000780138374 0.000363775229 -0.00101173425 -0.031565556 -0.0546063939 0.0134007645 
1624426400.63852477 -2.55201613 13.7715343 -0.100107936 -0.64779882 0.0107217351 0.0044781386 -0.761722837 0.00765977368 0.703082281 0.00290775612 -0.000780138374 0.000363775229 -0.00101173425 -0.031565556 -0.0546063939 0.0134007645 
1624426400.64852881 -2.55186366 13.7785196 -0.100105067 -0.647963004 0.0107638996 0.00437899219 -0.761583159 0.0228208803 0.693407401 -0.00233423039 -0.000780138374 0.000363775229 -0.00101173425 -0.031565556 -0.0546063939 0.0134007645 
1624426400.6585207 -2.55161331 13.7854111 -0.10013516 -0.648101806 0.0107071085 0.00426166018 -0.76146651 0.0272908691 0.686004679 -0.00368924839 -0.000780138374 0.000363775229 -0.00101173425 -0.031565556 -0.0546063939 0.0134007645 
1624426400.66854072 -2.55136435 13.7922934 -0.100180245 -0.648210621 0.0106261147 0.00422655487 -0.761375212 0.0224014324 0.687710583 -0.00530961952 -0.000780138374 0.000363775229 -0.00101173425 -0.031565556 -0.0546063939 0.0134007645 
1624426400.67852879 -2.55118299 13.799227 -0.100297902 -0.648249871 0.0107479737 0.00422251837 -0.761340106 0.0139143139 0.700658073 -0.0182500139 -0.000780138374 0.000363775229 -0.00101173425 -0.031565556 -0.0546063939 0.0134007645 
1624426400.68854451 -2.551053 13.8063402 -0.100571905 -0.648235484 0.0111016336 0.00422886423 -0.761347245 0.0120434437 0.719747275 -0.0364645714 -0.000780138374 0.000363775229 -0.00101173425 -0.031565556 -0.0546063939 0.0134007645 
1624426400.69852924 -2.55622746 13.8126424 -0.0997644208 -0.648104364 0.0133141155 0.00631171595 -0.761408976 -0.0392370365 0.706216198 -0.0177989409 -0.000673655422 0.000373048071 -0.00101214578 -0.0312861534 -0.0592406601 0.0118093736 
1624426400.70856977 -2.55660043 13.8196584 -0.0998187439 -0.64808376 0.0136046814 0.00626625473 -0.761421753 -0.0350545806 0.691329061 0.00697816285 -0.000673655422 0.000373048071 -0.00101214578 -0.0312861534 -0.0592406601 0.0118093736 
1624426400.71853256 -2.55690812 13.8264294 -0.0996722488 -0.648044272 0.0135147231 0.0061346933 -0.761458035 -0.0267146631 0.667930402 0.0224302642 -0.000673655422 0.000373048071 -0.00101214578 -0.0312861534 -0.0592406601 0.0118093736 
1624426400.72197843 -2.54467651 13.808661 -0.0580130876 -0.649010457 0.00657714996 0.00301625597 -0.760745076 -0.0109699534 0.660652502 0.0296836128 -0.00091909967 0.000480647127 -0.000980525296 -0.0328099283 -0.0632890621 0.0113812413 
1624426400.72855616 -2.5447473 13.8129728 -0.0577873883 -0.648966414 0.00648766084 0.00310134572 -0.760783074 -0.0105531791 0.650395949 0.0389416768 -0.00091909967 0.000480647127 -0.000980525296 -0.0328099283 -0.0632890621 0.0113812413 
1624426400.73869967 -2.54486142 13.8195607 -0.0572874933 -0.648866691 0.00622320284 0.00332576603 -0.76086939 -0.0119471843 0.648537058 0.059622736 -0.00091909967 0.000480647127 -0.000980525296 -0.0328099283 -0.0632890621 0.0113812413 
1624426400.74851823 -2.54496138 13.8259757 -0.0567736818 -0.648745927 0.00600767181 0.00353407403 -0.760973153 -0.00841439289 0.658177077 0.0450386126 -0.00091909967 0.000480647127 -0.000980525296 -0.0328099283 -0.0632890621 0.0113812413 
1624426400.75852156 -2.54497167 13.8326007 -0.0564340958 -0.648612832 0.0060075889 0.00359990661 -0.761086292 0.00635678607 0.666364142 0.022855993 -0.00091909967 0.000480647127 -0.000980525296 -0.0328099283 -0.0632890621 0.0113812413 
1624426400.76853633 -2.54484475 13.8392472 -0.05620183 -0.648506802 0.00598969753 0.0034175449 -0.761177621 0.0189888137 0.660974573 0.023528628 -0.00091909967 0.000480647127 -0.000980525296 -0.0328099283 -0.0632890621 0.0113812413 
1624426400.77852607 -2.54456617 13.8458177 -0.0559692292 -0.648391781 0.00588815477 0.0032904297 -0.761276954 0.0367853954 0.654475144 0.0230393313 -0.00091909967 0.000480647127 -0.000980525296 -0.0328099283 -0.0632890621 0.0113812413 
1624426400.78851724 -2.54415528 13.8523181 -0.055726719 -0.648298737 0.00571997088 0.00312719348 -0.761358161 0.0454652052 0.646761809 0.0255055665 -0.00091909967 0.000480647127 -0.000980525296 -0.0328099283 -0.0632890621 0.0113812413 
1624426400.79854274 -2.55102563 13.861843 -0.0566721952 -0.648289968 0.00849157104 0.00411678731 -0.761335053 -0.0141077387 0.669276021 0.028114834 -0.000818897681 0.000426426778 -0.000977793102 -0.0370520767 -0.0705839014 0.0123960444 
1624426400.80855083 -2.55111098 13.86853 -0.0563374622 -0.648277501 0.00832462904 0.00410495364 -0.761347576 -0.00294916017 0.667047058 0.0387776059 -0.000818897681 0.000426426778 -0.000977793102 -0.0370520767 -0.0705839014 0.0123960444 
1624426400.81853938 -2.55108599 13.8751879 -0.0559757129 -0.64831384 0.00815184694 0.00415798402 -0.761318214 0.00795382891 0.666056873 0.0336552304 -0.000818897681 0.000426426778 -0.000977793102 -0.0370520767 -0.0705839014 0.0123960444 
1624426400.82190299 -2.54465128 13.8706318 -0.0385941081 -0.6490012 0.00424248163 0.00217343434 -0.760772449 0.0168718656 0.662902294 0.0385821816 -0.000963035064 0.000483658098 -0.000951019298 -0.037554668 -0.0721723104 0.011949272 
1624426400.82853675 -2.54451698 13.8750316 -0.0383511452 -0.649040265 0.00411735995 0.00209720973 -0.760740023 0.0236181116 0.66358776 0.0346682434 -0.000963035064 0.000483658098 -0.000951019298 -0.037554668 -0.0721723104 0.011949272 
1624426400.8385222 -2.54426113 13.8816604 -0.0380036444 -0.649145361 0.00394382999 0.00203563661 -0.760651433 0.0276266651 0.664093922 0.0349332233 -0.000963035064 0.000483658098 -0.000951019298 -0.037554668 -0.0721723104 0.011949272 
1624426400.84852529 -2.5439632 13.8883085 -0.0377018176 -0.649280177 0.00377732436 0.00195729473 -0.76053741 0.0319409901 0.66513212 0.0254134923 -0.000963035064 0.000483658098 -0.000951019298 -0.037554668 -0.0721723104 0.011949272 
1624426400.85854149 -2.54362949 13.8949674 -0.0374751811 -0.649422548 0.00372688909 0.00185430741 -0.76041635 0.0346946438 0.66448382 0.0198404814 -0.000963035064 0.000483658098 -0.000951019298 -0.037554668 -0.0721723104 0.011949272 
1624426400.86853075 -2.54327568 13.9015963 -0.0372486735 -0.649569278 0.00368003824 0.00183025246 -0.7602913 0.0361432453 0.662729661 0.0255097311 -0.000963035064 0.000483658098 -0.000951019298 -0.037554668 -0.0721723104 0.011949272 
1624426400.87857938 -2.54288416 13.9082306 -0.0369938318 -0.649717059 0.00364079193 0.00180625169 -0.760165262 0.0417802639 0.657702713 0.0252119629 -0.000963035064 0.000483658098 -0.000951019298 -0.037554668 -0.0721723104 0.011949272 
1624426400.88854671 -2.54242075 13.9147462 -0.0367348074 -0.649846902 0.00349914462 0.00178900997 -0.760054971 0.0512056508 0.649692697 0.02676273 -0.000963035064 0.000483658098 -0.000951019298 -0.037554668 -0.0721723104 0.011949272 
1624426400.89852834 -2.5500944 13.9242227 -0.0378620737 -0.650003757 0.0057906878 0.00272988272 -0.759904028 -0.00858421313 0.669192128 0.0167288505 -0.000871587636 0.000437378627 -0.00094863718 -0.0421483745 -0.0806465208 0.0130467113 
1624426400.90854931 -2.55013024 13.9309234 -0.0377452817 -0.650083505 0.00535659408 0.00263024694 -0.759839342 0.00143085989 0.668137201 0.00658066768 -0.000871587636 0.000437378627 -0.00094863718 -0.0421483745 -0.0806465208 0.0130467113 
1624426400.91853642 -2.55011698 13.9376069 -0.0376986361 -0.650095628 0.00497819464 0.00245509657 -0.759832129 0.00122603126 0.670287403 0.00276048904 -0.000871587636 0.000437378627 -0.00094863718 -0.0421483745 -0.0806465208 0.0130467113 
1624426400.92183042 -2.54452343 13.9382949 -0.0274855676 -0.660919216 0.00262303882 0.00128416682 -0.750451371 0.00709709969 0.669466814 0.00717398332 -0.000959882886 0.00046728735 -0.000469241765 -0.0423859522 -0.0811045164 0.012615261 
1624426400.92854357 -2.5445028 13.9428067 -0.0274106901 -0.660910998 0.00251972647 0.00122378755 -0.750459063 -0.000951412183 0.674684985 0.0151337201 -0.000959882886 0.00046728735 -0.000469241765 -0.0423859522 -0.0811045164 0.012615261 
1624426400.93859506 -2.54457712 13.9496084 -0.0272028264 -0.66088153 0.00257411919 0.00121007532 -0.750484852 -0.0138356582 0.678701389 0.0262260641 -0.000959882886 0.00046728735 -0.000469241765 -0.0423859522 -0.0811045164 0.012615261 
1624426400.94852757 -2.54471275 13.9563303 -0.0269817966 -0.660883593 0.0027358577 0.00124081316 -0.750482413 -0.0134752283 0.674805392 0.0182802309 -0.000959882886 0.00046728735 -0.000469241765 -0.0423859522 -0.0811045164 0.012615261 
1624426400.95853448 -2.54480662 13.9630521 -0.0268638466 -0.660909498 0.00289665877 0.00127146813 -0.750458945 -0.00528502467 0.668634154 0.0052935002 -0.000959882886 0.00046728735 -0.000469241765 -0.0423859522 -0.0811045164 0.012615261 
1624426400.96852851 -2.54484078 13.9696786 -0.0267816678 -0.660991054 0.00286088094 0.00121284847 -0.750387347 -0.0015514339 0.657458572 0.0111520852 -0.000959882886 0.00046728735 -0.000469241765 -0.0423859522 -0.0811045164 0.012615261 
1624426400.97852135 -2.54487366 13.9762093 -0.0266169383 -0.661102304 0.00278874174 0.00130436464 -0.750289454 -0.00503035875 0.649611395 0.0218174159 -0.000959882886 0.00046728735 -0.000469241765 -0.0423859522 -0.0811045164 0.012615261 
1624426400.98854733 -2.54495846 13.9827079 -0.0263874661 -0.661201356 0.00268641509 0.00139315886 -0.750202379 -0.0118856728 0.646743737 0.0239581051 -0.000959882886 0.00046728735 -0.000469241765 -0.0423859522 -0.0811045164 0.012615261 
1624426400.99854207 -2.54931279 13.9922168 -0.0274419064 -0.661324142 0.00418630301 0.00177578266 -0.750086462 -0.0512973228 0.667396706 0.0219045497 -0.000918799137 0.000429829486 -0.000466880294 -0.0463744066 -0.0852240131 0.0136792844 
1624426401.00854731 -2.54982047 13.9988726 -0.0271983092 -0.661368173 0.00425802962 0.00205283062 -0.750046529 -0.0501845875 0.663068468 0.0267893908 -0.000918799137 0.000429829486 -0.000466880294 -0.0463744066 -0.0852240131 0.0136792844 
1624426401.01854062 -2.55024458 14.0055331 -0.0269872965 -0.661352156 0.00432011865 0.00239060799 -0.750059296 -0.0346951699 0.669914332 0.0154413851 -0.000918799137 0.000429829486 -0.000466880294 -0.0463744066 -0.0852240131 0.0136792844 
1624426401.02183104 -2.54857657 14.0026216 -0.0210766169 -0.653749262 0.00229906725 0.00127796485 -0.756706669 -0.0300548751 0.666931036 0.0189664928 -0.000995111653 0.000460853978 -0.000818835851 -0.0464577372 -0.0857957596 0.0133343926 
1624426401.02853751 -2.54872929 14.0071175 -0.0209824226 -0.653726957 0.00227698277 0.00120174653 -0.756726131 -0.0154893867 0.67384924 0.00912405398 -0.000995111653 0.000460853978 -0.000818835851 -0.0464577372 -0.0857957596 0.0133343926 
1624426401.0385201 -2.54879167 14.0138608 -0.020886038 -0.653664549 0.00220163675 0.00091705636 -0.756780661 0.00299107835 0.677166558 0.0101864845 -0.000995111653 0.000460853978 -0.000818835851 -0.0464577372 -0.0857957596 0.0133343926 
1624426401.04853082 -2.54871736 14.0206248 -0.0207627819 -0.65353731 0.00203506866 0.000446130683 -0.756891435 0.0118555387 0.674188588 0.0144383513 -0.000995111653 0.000460853978 -0.000818835851 -0.0464577372 -0.0857957596 0.0133343926 
1624426401.05853605 -2.54860259 14.0273161 -0.0206695612 -0.653376901 0.00200049658 0.000242345613 -0.757030095 0.0110866903 0.66336371 0.00419603379 -0.000995111653 0.000460853978 -0.000818835851 -0.0464577372 -0.0857957596 0.0133343926 
1624426401.06852126 -2.54847835 14.0338832 -0.0205827856 -0.653201178 0.00200372233 0.000117444193 -0.757181744 0.0137971813 0.652005841 0.0131847806 -0.000995111653 0.000460853978 -0.000818835851 -0.0464577372 -0.0857957596 0.0133343926 
1624426401.07850766 -2.54830621 14.040375 -0.0203705186 -0.653050644 0.00206523815 0.000289271341 -0.757311368 0.0206793795 0.648113196 0.0293264317 -0.000995111653 0.000460853978 -0.000818835851 -0.0464577372 -0.0857957596 0.0133343926 
1624426401.08853745 -2.54803737 14.04688 -0.0200969507 -0.652987907 0.00202464257 0.000378931617 -0.757365533 0.032928243 0.64901909 0.0252246256 -0.000995111653 0.000460853978 -0.000818835851 -0.0464577372 -0.0857957596 0.0133343926 
1624426401.09858227 -2.55546236 14.0558418 -0.0213721849 -0.653049219 0.00395299293 0.0011796791 -0.757304232 -0.0137315131 0.667849243 0.0108819014 -0.000919924427 0.000426705715 -0.000816830688 -0.0502839464 -0.0938676516 0.0144588731 
1624426401.10856557 -2.55556397 14.0625025 -0.0212552483 -0.653154657 0.00385740238 0.000998638937 -0.75721405 -0.00662570332 0.666514155 0.0125445415 -0.000919924427 0.000426705715 -0.000816830688 -0.0502839464 -0.0938676516 0.0144588731 
1624426401.11852837 -2.55561117 14.0691284 -0.0211296328 -0.653306694 0.00378459397 0.000870675871 -0.757083405 -0.002849295 0.66361527 0.0126723686 -0.000919924427 0.000426705715 -0.000816830688 -0.0502839464 -0.0938676516 0.0144588731 
1624426401.12181997 -2.5519492 14.0712146 -0.0156369135 -0.65346503 0.00201371275 0.000449439707 -0.756953894 0.00218393781 0.663875843 0.0165028792 -0.000973186758 0.000464675445 -0.000809532418 -0.050686005 -0.0939047744 0.0140567876 
1624426401.12854052 -2.55192936 14.0756724 -0.0155508013 -0.653572315 0.00200771737 0.000406014163 -0.756861304 0.00371989992 0.662751034 0.00912367575 -0.000973186758 0.000464675445 -0.000809532418 -0.050686005 -0.0939047744 0.0140567876 
1624426401.13851905 -2.55187012 14.0822712 -0.0154582504 -0.653724971 0.00206833506 0.000370126707 -0.756729309 0.00815505168 0.659842855 0.00942632325 -0.000973186758 0.000464675445 -0.000809532418 -0.050686005 -0.0939047744 0.0140567876 
1624426401.14853024 -2.55173553 14.0888621 -0.0153186256 -0.653855547 0.0021277336 0.000355232344 -0.756616329 0.0187321468 0.656873826 0.0184674109 -0.000973186758 0.000464675445 -0.000809532418 -0.050686005 -0.0939047744 0.0140567876 
1624426401.15853643 -2.55148469 14.0954156 -0.0151383071 -0.653950056 0.00210154301 0.000334300178 -0.756534729 0.0314051693 0.653021569 0.017573969 -0.000973186758 0.000464675445 -0.000809532418 -0.050686005 -0.0939047744 0.0140567876 
1624426401.16853356 -2.55110049 14.1019294 -0.0149616523 -0.654022881 0.00199259656 0.000156089438 -0.756472125 0.0454563748 0.650104524 0.0177671336 -0.000973186758 0.000464675445 -0.000809532418 -0.050686005 -0.0939047744 0.0140567876 
1624426401.17851663 -2.55059275 14.108406 -0.0147681415 -0.654067893 0.00180100401 -4.60428157e-05 -0.756433702 0.0562635107 0.647420625 0.0210007065 -0.000973186758 0.000464675445 -0.000809532418 -0.050686005 -0.0939047744 0.0140567876 
1624426401.18855953 -2.5499994 14.1148936 -0.0145830416 -0.654078305 0.00158940515 -0.000289311806 -0.756425119 0.061900367 0.644547101 0.0158611019 -0.000973186758 0.000464675445 -0.000809532418 -0.050686005 -0.0939047744 0.0140567876 
1624426401.19853902 -2.55894665 14.1230101 -0.0154646266 -0.654077943 0.00348778555 0.000705462573 -0.756418788 -0.00660501721 0.654614997 0.00910458186 -0.000883571648 0.000436370258 -0.000807442413 -0.0539539631 -0.103828888 0.014788212 
1624426401.2085638 -2.55902891 14.1295727 -0.0153545425 -0.654035117 0.00349909098 0.000572974135 -0.756455877 -0.00980677551 0.654657574 0.0128577879 -0.000883571648 0.000436370258 -0.000807442413 -0.0539539631 -0.103828888 0.014788212 
1624426401.21852469 -2.55915371 14.1360901 -0.015215604 -0.654014917 0.00357774048 0.000440229677 -0.756473063 -0.0152510659 0.653944878 0.0150390274 -0.000883571648 0.000436370258 -0.000807442413 -0.0539539631 -0.103828888 0.014788212 
1624426401.22182298 -2.55438816 14.1380978 -0.00972510739 -0.66175584 0.00189820381 0.00021351921 -0.749716986 -0.00948766263 0.654547576 0.0195020242 -0.000930347824 0.000474896249 -0.000435858407 -0.0543548708 -0.103558411 0.0143195637 
1624426401.2285502 -2.55445871 14.1424928 -0.00959732876 -0.661771189 0.00201744169 0.000151106664 -0.749703141 -0.0114863253 0.652097738 0.0184865227 -0.000930347824 0.000474896249 -0.000435858407 -0.0543548708 -0.103558411 0.0143195637 
1624426401.23852062 -2.55455807 14.1489557 -0.00939491319 -0.661849091 0.00210044489 -1.0343516e-05 -0.749634157 -0.00844382921 0.644301712 0.0221166695 -0.000930347824 0.000474896249 -0.000435858407 -0.0543548708 -0.103558411 0.0143195637 
1624426401.24853039 -2.55463786 14.155368 -0.00918412074 -0.661968223 0.00219420475 -4.22751478e-05 -0.749528689 -0.00749853656 0.636914518 0.0200006904 -0.000930347824 0.000474896249 -0.000435858407 -0.0543548708 -0.103558411 0.0143195637 
1624426401.25852561 -2.554716 14.161726 -0.00904815702 -0.66211178 0.00219352183 -0.000207949245 -0.749401852 -0.00813654342 0.635284126 0.00720505105 -0.000930347824 0.000474896249 -0.000435858407 -0.0543548708 -0.103558411 0.0143195637 
1624426401.26853371 -2.55481914 14.1681163 -0.00901330074 -0.662233636 0.00239550681 -0.000290234703 -0.749293527 -0.0124757932 0.641753079 -0.000239435472 -0.000930347824 0.000474896249 -0.000435858407 -0.0543548708 -0.103558411 0.0143195637 
1624426401.27852154 -2.55493898 14.1745458 -0.00904622992 -0.662324164 0.0026370002 -0.000388619338 -0.749212651 -0.0115205146 0.645711534 -0.00635442297 -0.000930347824 0.000474896249 -0.000435858407 -0.0543548708 -0.103558411 0.0143195637 
1624426401.28853464 -2.55503658 14.1809834 -0.00905814155 -0.662385577 0.00293151441 -0.000590010166 -0.74915713 -0.00797402895 0.640124146 0.00397521394 -0.000930347824 0.000474896249 -0.000435858407 -0.0543548708 -0.103558411 0.0143195637 
1624426401.29854298 -2.55954108 14.1883073 -0.00935126463 -0.662402403 0.00411587635 -0.000142664155 -0.749136901 -0.0275113363 0.635394259 0.0233973363 -0.000889521457 0.000460423356 -0.000434712132 -0.0560253206 -0.108114108 0.0146225453 
1624426401.30854201 -2.55979055 14.1945931 -0.00908336801 -0.662372572 0.00411290792 -0.0002881199 -0.749163251 -0.0223876421 0.621883482 0.0301871493 -0.000889521457 0.000460423356 -0.000434712132 -0.0560253206 -0.108114108 0.0146225453 
1624426401.31853366 -2.56000474 14.2007221 -0.00877140884 -0.662295692 0.00406358285 -0.000289157618 -0.749231486 -0.0204858376 0.60494468 0.0322568518 -0.000889521457 0.000460423356 -0.000434712132 -0.0560253206 -0.108114108 0.0146225453 
1624426401.32189178 -2.55550762 14.2024834 -0.00511129081 -0.666834463 0.00215664032 -0.000168101321 -0.745202738 -0.0148884584 0.604737149 0.0354676343 -0.00093223307 0.000514582712 -0.000212955572 -0.0564890245 -0.107808 0.0142763293 
1624426401.32854486 -2.55562232 14.2064945 -0.00485856793 -0.66677693 0.00209389361 -9.58569837e-05 -0.745254408 -0.0195911454 0.601062338 0.0405041689 -0.00093223307 0.000514582712 -0.000212955572 -0.0564890245 -0.107808 0.0142763293 
1624426401.33853722 -2.55584431 14.212496 -0.00453683716 -0.666700659 0.00213297934 0.000254743217 -0.745322492 -0.0248419396 0.600159704 0.0238911769 -0.00093223307 0.000514582712 -0.000212955572 -0.0564890245 -0.107808 0.0142763293 
1624426401.34852982 -2.55613584 14.2185033 -0.00441580985 -0.666679029 0.00236075704 0.000552030402 -0.745340992 -0.0335066049 0.602189081 0.000332210602 -0.00093223307 0.000514582712 -0.000212955572 -0.0564890245 -0.107808 0.0142763293 
1624426401.35852456 -2.55646322 14.2245202 -0.00442324136 -0.666720722 0.00270427178 0.000946307363 -0.745302133 -0.0320047139 0.601818598 -0.0018192935 -0.00093223307 0.000514582712 -0.000212955572 -0.0564890245 -0.107808 0.0142763293 
1624426401.36853194 -2.55673721 14.2305652 -0.00443292871 -0.666797665 0.00299799443 0.00115981284 -0.74523187 -0.0227530472 0.606287345 -0.000116746833 -0.00093223307 0.000514582712 -0.000212955572 -0.0564890245 -0.107808 0.0142763293 
1624426401.37852716 -2.55685642 14.2366562 -0.00435984219 -0.66688574 0.00317885049 0.00110498796 -0.74515239 -0.0010989507 0.61249614 0.0147410385 -0.00093223307 0.000514582712 -0.000212955572 -0.0564890245 -0.107808 0.0142763293 
1624426401.38853502 -2.55678596 14.2427742 -0.00409586949 -0.666963164 0.00320213436 0.000726493036 -0.745083456 0.0151795013 0.610133102 0.0380120457 -0.00093223307 0.000514582712 -0.000212955572 -0.0564890245 -0.107808 0.0142763293 
1624426401.39854765 -2.56202626 14.25118 -0.00620081826 -0.667004045 0.00457730965 0.000960059488 -0.745039415 -0.0107991099 0.618361065 0.0222526544 -0.000882888612 0.000486599786 -0.000211574594 -0.059605814 -0.113113266 0.0160624125 
1624426401.40853977 -2.56211677 14.2572852 -0.00604148209 -0.666948409 0.00451488336 0.00067169831 -0.745089917 -0.00731626613 0.603634694 0.00963970139 -0.000882888612 0.000486599786 -0.000211574594 -0.059605814 -0.113113266 0.0160624125 
1624426401.41854143 -2.56216408 14.2632584 -0.00598213614 -0.666840469 0.0045507431 0.000778994413 -0.7451862 -0.00214438409 0.590817348 0.0022275193 -0.000882888612 0.000486599786 -0.000211574594 -0.059605814 -0.113113266 0.0160624125 
1624426401.42184877 -2.55843444 14.2649511 -0.00745923079 -0.667843673 0.00242367844 0.000406224019 -0.744297514 0.00410136038 0.590812706 0.000735653317 -0.000944777495 0.000535518376 -0.000162230026 -0.0600772736 -0.113013094 0.0162160362 
1624426401.42855906 -2.55839529 14.2689007 -0.00747962712 -0.667755069 0.00236845003 0.000508567297 -0.744377122 0.00756654483 0.586386198 -0.00681477275 -0.000944777495 0.000535518376 -0.000162230026 -0.0600772736 -0.113013094 0.0162160362 
1624426401.4385345 -2.55824913 14.2747727 -0.00760251839 -0.667638059 0.00238884864 0.00078878482 -0.744481761 0.021738783 0.590909326 -0.0178240106 -0.000944777495 0.000535518376 -0.000162230026 -0.0600772736 -0.113013094 0.0162160362 
1624426401.44852638 -2.5579763 14.2807181 -0.00776662357 -0.667582464 0.00228672421 0.000721479638 -0.744532004 0.0328706765 0.599136326 -0.0150236822 -0.000944777495 0.000535518376 -0.000162230026 -0.0600772736 -0.113013094 0.0162160362 
1624426401.45851564 -2.55762372 14.2867221 -0.00789240904 -0.667619981 0.00234500714 0.000656642433 -0.744498241 0.0377207157 0.602938056 -0.0101604566 -0.000944777495 0.000535518376 -0.000162230026 -0.0600772736 -0.113013094 0.0162160362 
1624426401.46853089 -2.55725065 14.2927578 -0.00797247449 -0.66770536 0.00234558363 0.000462916843 -0.744421813 0.0367798059 0.602364916 -0.00582825245 -0.000944777495 0.000535518376 -0.000162230026 -0.0600772736 -0.113013094 0.0162160362 
1624426401.47849941 -2.55690352 14.2987298 -0.00802338566 -0.667835608 0.00251656062 0.000481698395 -0.744304397 0.0328654573 0.595819082 -0.00438613703 -0.000944777495 0.000535518376 -0.000162230026 -0.0600772736 -0.113013094 0.0162160362 
1624426401.48854828 -2.55657668 14.3046592 -0.00806237003 -0.668005926 0.00259780924 0.000542287317 -0.744151222 0.0321843558 0.58428073 -0.00337282141 -0.000944777495 0.000535518376 -0.000162230026 -0.0600772736 -0.113013094 0.0162160362 
1624426401.49854755 -2.56257046 14.3129777 -0.00803712104 -0.668249271 0.00428302589 0.00141922986 -0.743923755 -0.0080470969 0.592147981 -0.00828333895 -0.000889447801 0.00050571361 -0.000159925339 -0.0634115027 -0.119133046 0.0161035183 
1624426401.50856495 -2.56262865 14.3189084 -0.00814276619 -0.668456862 0.00437508244 0.00167628915 -0.743736157 -0.00357095549 0.591934567 -0.0128090024 -0.000889447801 0.00050571361 -0.000159925339 -0.0634115027 -0.119133046 0.0161035183 
1624426401.51854062 -2.5626282 14.3248419 -0.00826079024 -0.668656472 0.00442202891 0.00189769051 -0.743555894 0.00366164009 0.597652182 -0.0108533731 -0.000889447801 0.00050571361 -0.000159925339 -0.0634115027 -0.119133046 0.0161035183 
1624426401.5285356 -2.56256714 14.3308532 -0.00835715246 -0.668833687 0.00448744299 0.00198722591 -0.743395865 0.00855628359 0.605218136 -0.00842874381 -0.000889447801 0.00050571361 -0.000159925339 -0.0634115027 -0.119133046 0.0161035183 
1624426401.53851652 -2.5624711 14.3369159 -0.00845536877 -0.668985267 0.00455222817 0.00203455391 -0.743258939 0.0106876274 0.609639857 -0.0112520741 -0.000889447801 0.00050571361 -0.000159925339 -0.0634115027 -0.119133046 0.0161035183 
1624426401.54852581 -2.56235542 14.3430148 -0.00858253364 -0.669067623 0.00467190091 0.00199435377 -0.743184171 0.0124266203 0.609000757 -0.0141572974 -0.000889447801 0.00050571361 -0.000159925339 -0.0634115027 -0.119133046 0.0161035183 
1624426401.55854154 -2.56222501 14.3490892 -0.00870983741 -0.669081761 0.00475517133 0.00202196346 -0.74317084 0.0136155012 0.603972703 -0.0112634802 -0.000889447801 0.00050571361 -0.000159925339 -0.0634115027 -0.119133046 0.0161035183 
1624426401.56852627 -2.56207867 14.3550936 -0.00883245801 -0.669051459 0.00484451077 0.00215068381 -0.743197181 0.0156962995 0.598741525 -0.0132981412 -0.000889447801 0.00050571361 -0.000159925339 -0.0634115027 -0.119133046 0.0161035183 
1624426401.57851529 -2.56191924 14.3610593 -0.00896276171 -0.668986698 0.00488463376 0.00224363877 -0.743254939 0.0162254091 0.595715606 -0.0127912375 -0.000889447801 0.00050571361 -0.000159925339 -0.0634115027 -0.119133046 0.0161035183 
1624426401.58854938 -2.56174709 14.3670385 -0.00909361551 -0.668922146 0.00495923083 0.00237764717 -0.743312125 0.0180873689 0.596053412 -0.0132906243 -0.000889447801 0.00050571361 -0.000159925339 -0.0634115027 -0.119133046 0.0161035183 
1624426401.59854388 -2.56762861 14.3756623 -0.00845497203 -0.668898348 0.00728816944 0.00317089736 -0.743311394 -0.0171056634 0.609053553 -0.00551177708 -0.00080967515 0.000458986951 -0.000157736187 -0.0662822028 -0.124036409 0.0155576703 
1624426401.60855651 -2.56779511 14.3817312 -0.00844494806 -0.668849754 0.00733129305 0.00329344166 -0.743354163 -0.0161527849 0.603200687 0.00751404341 -0.00080967515 0.000458986951 -0.000157736187 -0.0662822028 -0.124036409 0.0155576703 
1624426401.61854053 -2.5679408 14.3877297 -0.00835185944 -0.6688072 0.0072796943 0.00341125716 -0.743392426 -0.0130318013 0.598415526 0.0111334873 -0.00080967515 0.000458986951 -0.000157736187 -0.0662822028 -0.124036409 0.0155576703 
1624426401.62187099 -2.56819334 14.3854214 -0.00859495658 -0.666745371 0.00325418084 0.00152860403 -0.745276917 -0.00567506872 0.593667038 0.0110940709 -0.000961442027 0.000524492119 -0.00026278615 -0.0665326022 -0.125353429 0.0155906767 
1624426401.62853765 -2.56821615 14.3893653 -0.0085336075 -0.666722483 0.00324121553 0.0016543423 -0.745297181 -0.00116724606 0.589499699 0.00731067199 -0.000961442027 0.000524492119 -0.00026278615 -0.0665326022 -0.125353429 0.0155906767 
1624426401.63851857 -2.56816118 14.39525 -0.00846387737 -0.666672554 0.00313510969 0.00176043498 -0.745342054 0.0121823278 0.589694202 0.00666201775 -0.000961442027 0.000524492119 -0.00026278615 -0.0665326022 -0.125353429 0.0155906767 
1624426401.64852691 -2.56794505 14.4011867 -0.00842313299 -0.666595721 0.00295376485 0.0017689289 -0.745411491 0.0310075422 0.596657034 0.00148007141 -0.000961442027 0.000524492119 -0.00026278615 -0.0665326022 -0.125353429 0.0155906767 
1624426401.65853047 -2.56756089 14.4072001 -0.00847635345 -0.666487958 0.00271151993 0.0015357923 -0.745509282 0.0457975311 0.605589525 -0.0121203681 -0.000961442027 0.000524492119 -0.00026278615 -0.0665326022 -0.125353429 0.0155906767 
1624426401.66853499 -2.56704013 14.4132966 -0.00858578674 -0.666351563 0.00261608824 0.00119485949 -0.745632163 0.058306329 0.613155338 -0.00975640045 -0.000961442027 0.000524492119 -0.00026278615 -0.0665326022 -0.125353429 0.0155906767 
1624426401.67850661 -2.56644287 14.4194048 -0.00863532395 -0.666209177 0.00258800365 0.000864742326 -0.74575994 0.0614863703 0.611972784 -0.000179239871 -0.000961442027 0.000524492119 -0.00026278615 -0.0665326022 -0.125353429 0.0155906767 
1624426401.68855762 -2.56580762 14.4255103 -0.00864925977 -0.666098046 0.00270099019 0.000796858767 -0.745858876 0.0649177297 0.602914831 -0.00259377898 -0.000961442027 0.000524492119 -0.00026278615 -0.0665326022 -0.125353429 0.0155906767 
1624426401.69854093 -2.57435375 14.4335184 -0.00863886861 -0.666035032 0.00502903851 0.00200758818 -0.745900808 0.0114183363 0.606501316 -0.00367625066 -0.000865576098 0.000491997713 -0.000262198655 -0.0693068893 -0.13348901 0.0154914866 
1624426401.70856309 -2.57421214 14.4395773 -0.00868511917 -0.666067814 0.00507443779 0.00211022949 -0.745870943 0.0168400132 0.60259006 -0.00555340416 -0.000865576098 0.000491997713 -0.000262198655 -0.0693068893 -0.13348901 0.0154914866 
1624426401.71854901 -2.57402316 14.4455856 -0.00875559084 -0.666194997 0.00498557934 0.00210515314 -0.745757962 0.0210092608 0.600758655 -0.0085607973 -0.000865576098 0.000491997713 -0.000262198655 -0.0693068893 -0.13348901 0.0154914866 
1624426401.72199249 -2.5731464 14.4448574 -0.0108182741 -0.672873744 0.00255316688 0.00107903809 -0.739752149 0.0256477927 0.598592179 -0.0106489645 -0.000955088427 0.000532961187 7.56074191e-05 -0.069504222 -0.134052336 0.0157126107 
1624426401.72855949 -2.57298201 14.448794 -0.0108777018 -0.673018058 0.0026075795 0.00112270358 -0.739620601 0.0244159978 0.600318116 -0.00744992674 -0.000955088427 0.000532961187 7.56074191e-05 -0.069504222 -0.134052336 0.0157126107 
1624426401.73852873 -2.57274789 14.4547766 -0.0108992897 -0.673280042 0.00262053356 0.00113242396 -0.739382064 0.0225535465 0.599880588 0.00311903355 -0.000955088427 0.000532961187 7.56074191e-05 -0.069504222 -0.134052336 0.0157126107 
1624426401.7485342 -2.57253191 14.4607539 -0.010866945 -0.673553812 0.00275333589 0.00120803905 -0.739132073 0.0206195076 0.594932954 0.0033463654 -0.000955088427 0.000532961187 7.56074191e-05 -0.069504222 -0.134052336 0.0157126107 
1624426401.75852585 -2.57232247 14.4666434 -0.0108135605 -0.673792018 0.00281042018 0.00131376388 -0.738914536 0.021302481 0.583947155 0.00733946046 -0.000955088427 0.000532961187 7.56074191e-05 -0.069504222 -0.134052336 0.0157126107 
1624426401.7685411 -2.57211369 14.4724466 -0.010707446 -0.673997202 0.00285362075 0.00154689633 -0.738726767 0.0203909444 0.574919189 0.013851124 -0.000955088427 0.000532961187 7.56074191e-05 -0.069504222 -0.134052336 0.0157126107 
1624426401.77851534 -2.57190079 14.4781718 -0.0106049117 -0.674121067 0.00280494086 0.00180341307 -0.738613341 0.0222984814 0.573094822 0.00670869755 -0.000955088427 0.000532961187 7.56074191e-05 -0.069504222 -0.134052336 0.0157126107 
1624426401.78854227 -2.57168634 14.4839209 -0.01057451 -0.674193991 0.00276770265 0.00193689325 -0.73854658 0.0204768867 0.573636514 -0.000644692728 -0.000955088427 0.000532961187 7.56074191e-05 -0.069504222 -0.134052336 0.0157126107 
1624426401.7985394 -2.57663719 14.49367 -0.0105877131 -0.674233574 0.00441039493 0.00221358698 -0.738501683 -0.0127382952 0.601858071 0.00129690106 -0.000909294344 0.000489199641 7.82573287e-05 -0.0737394746 -0.138459294 0.0156660187 
1624426401.80855417 -2.57677149 14.4997034 -0.0105834149 -0.674158671 0.00444438215 0.00228027713 -0.738569654 -0.014082691 0.603049396 -0.000438532328 -0.000909294344 0.000489199641 7.82573287e-05 -0.0737394746 -0.138459294 0.0156660187 
1624426401.81853938 -2.5769049 14.505719 -0.0106137745 -0.674050982 0.00454080739 0.00237214221 -0.738667061 -0.0126389059 0.601858601 -0.00564237881 -0.000909294344 0.000489199641 7.82573287e-05 -0.0737394746 -0.138459294 0.0156660187 
1624426401.82185173 -2.57851387 14.5043737 -0.0172719196 -0.676169585 0.00239908952 0.00125818735 -0.736741036 -0.0107930832 0.599699543 -0.0122952101 -0.000993792054 0.000520587294 0.000186156085 -0.073806714 -0.13931194 0.0163962032 
1624426401.82856274 -2.57858041 14.5083915 -0.0173482747 -0.67607992 0.00243905381 0.00126974025 -0.736823167 -0.0090395032 0.597675199 -0.0104599885 -0.000993792054 0.000520587294 0.000186156085 -0.073806714 -0.13931194 0.0163962032 
1624426401.8385303 -2.57865157 14.5143376 -0.01743044 -0.675935603 0.00248718621 0.00140146618 -0.736955162 -0.00523740589 0.595412865 -0.00602655149 -0.000993792054 0.000520587294 0.000186156085 -0.073806714 -0.13931194 0.0163962032 
1624426401.84852862 -2.57868654 14.5202804 -0.0174938199 -0.675793131 0.00244494962 0.00141023973 -0.737085936 -0.00175757465 0.593346363 -0.00665154612 -0.000993792054 0.000520587294 0.000186156085 -0.073806714 -0.13931194 0.0163962032 
1624426401.85852599 -2.57868295 14.5262045 -0.0175503961 -0.675655568 0.00249534694 0.00152694016 -0.737211636 0.00247527155 0.591773141 -0.00466668067 -0.000993792054 0.000520587294 0.000186156085 -0.073806714 -0.13931194 0.0163962032 
1624426401.86853218 -2.57862907 14.5321232 -0.017594324 -0.675537187 0.00247632586 0.00157003732 -0.737320087 0.00829380884 0.591231499 -0.00411345839 -0.000993792054 0.000520587294 0.000186156085 -0.073806714 -0.13931194 0.0163962032 
1624426401.87852931 -2.57850673 14.5380262 -0.0176515356 -0.675438513 0.00254678525 0.00169458193 -0.737409966 0.0161811396 0.589724342 -0.00733214533 -0.000993792054 0.000520587294 0.000186156085 -0.073806714 -0.13931194 0.0163962032 
1624426401.88853717 -2.57829937 14.5439228 -0.0177318016 -0.675368331 0.00255974991 0.00172351453 -0.737474131 0.0252575354 0.588653062 -0.00870845924 -0.000993792054 0.000520587294 0.000186156085 -0.073806714 -0.13931194 0.0163962032 
1624426401.89853382 -2.58325522 14.5525028 -0.0173187007 -0.675345367 0.00398415596 0.00218404454 -0.737487621 0.00130380716 0.607222503 -0.00546374447 -0.000947204096 0.00049073789 0.000187433964 -0.0768374767 -0.144030624 0.0159898176 
1624426401.90854716 -2.58319579 14.558585 -0.0173818332 -0.675333529 0.00398973514 0.00219195237 -0.737498408 0.0105653342 0.607585432 -0.00714593089 -0.000947204096 0.00049073789 0.000187433964 -0.0768374767 -0.144030624 0.0159898176 
1624426401.91853786 -2.5830434 14.5646574 -0.0174662052 -0.675337791 0.00403325181 0.00223418423 -0.737494142 0.0199416366 0.608020615 -0.00974419749 -0.000947204096 0.00049073789 0.000187433964 -0.0768374767 -0.144030624 0.0159898176 
1624426401.92192912 -2.58496998 14.563073 -0.0222416861 -0.673406851 0.00214977615 0.0011945207 -0.739267993 0.0210621907 0.605587006 -0.0147383425 -0.00102323275 0.000517096217 8.81247888e-05 -0.0768444904 -0.144860558 0.0165281794 
1624426401.92854238 -2.58480735 14.567079 -0.022336671 -0.673418822 0.00214527569 0.00117680037 -0.739257129 0.0281217322 0.605925766 -0.0139872853 -0.00102323275 0.000517096217 8.81247888e-05 -0.0768444904 -0.144860558 0.0165281794 
1624426401.93853092 -2.58449257 14.5731239 -0.0224730583 -0.673444635 0.00214921238 0.00118836473 -0.739233584 0.0349051656 0.604437836 -0.0133214484 -0.00102323275 0.000517096217 8.81247888e-05 -0.0768444904 -0.144860558 0.0165281794 
1624426401.94852972 -2.58410112 14.5791591 -0.0226102362 -0.673472702 0.00211186499 0.00119491169 -0.739208111 0.0433950803 0.602760632 -0.0141174241 -0.00102323275 0.000517096217 8.81247888e-05 -0.0768444904 -0.144860558 0.0165281794 
1624426401.95851898 -2.58363758 14.5851731 -0.0227434588 -0.673499573 0.00208936042 0.00123641647 -0.739183625 0.0494120694 0.60132784 -0.0125557355 -0.00102323275 0.000517096217 8.81247888e-05 -0.0768444904 -0.144860558 0.0165281794 
1624426401.96853137 -2.58311154 14.5911903 -0.0228760646 -0.673520777 0.00198616371 0.00122740583 -0.739164604 0.0556661399 0.600625852 -0.0139326098 -0.00102323275 0.000517096217 8.81247888e-05 -0.0768444904 -0.144860558 0.0165281794 
1624426401.97853637 -2.58254605 14.5971998 -0.0229991288 -0.673551651 0.00198392202 0.00121217698 -0.739136502 0.0573757605 0.600673111 -0.0106679459 -0.00102323275 0.000517096217 8.81247888e-05 -0.0768444904 -0.144860558 0.0165281794 
1624426401.98855209 -2.58197404 14.6032192 -0.0230682743 -0.673584148 0.00198616201 0.00118118796 -0.739106931 0.0568466788 0.601316983 -0.00313943465 -0.00102323275 0.000517096217 8.81247888e-05 -0.0768444904 -0.144860558 0.0165281794 
1624426401.99855042 -2.58885137 14.6104473 -0.0229396425 -0.673627229 0.00358161754 0.00213305002 -0.739059523 0.00594488716 0.607246832 0.000538451222 -0.000954865294 0.00049928661 8.86822008e-05 -0.0786797879 -0.151808714 0.0163766766 
1624426402.00856113 -2.58880184 14.6165038 -0.0229134811 -0.673666956 0.00370740042 0.00217805194 -0.73902256 0.00395159038 0.602749823 0.00468821759 -0.000954865294 0.00049928661 8.86822008e-05 -0.0786797879 -0.151808714 0.0163766766 
1624426402.01854563 -2.58875894 14.6224898 -0.022851801 -0.673695474 0.00379957118 0.00225388612 -0.738995867 0.00464100721 0.596324155 0.00766695498 -0.000954865294 0.00049928661 8.86822008e-05 -0.0786797879 -0.151808714 0.0163766766 
1624426402.02184963 -2.59003046 14.6210252 -0.025354117 -0.669582882 0.00202781556 0.00120582678 -0.742733598 0.0064889205 0.593856135 0.00507411107 -0.00102856624 0.000522696331 -0.000122664483 -0.078658607 -0.152511552 0.0166656857 
1624426402.02852726 -2.58997875 14.6249784 -0.0253415577 -0.669592288 0.00201841622 0.00124787396 -0.742725075 0.00899850911 0.590157354 -0.00131248542 -0.00102856624 0.000522696331 -0.000122664483 -0.078658607 -0.152511552 0.0166656857 
1624426402.0385313 -2.58989117 14.6308945 -0.0254036644 -0.669560032 0.00201270388 0.00132645681 -0.742754033 0.0085091054 0.592588382 -0.0111038385 -0.00102856624 0.000522696331 -0.000122664483 -0.078658607 -0.152511552 0.0166656857 
1624426402.04854393 -2.58983511 14.6368591 -0.0255646851 -0.669490183 0.00205724669 0.00133254867 -0.74281686 0.00269016126 0.598841623 -0.0210596897 -0.00102856624 0.000522696331 -0.000122664483 -0.078658607 -0.152511552 0.0166656857 
1624426402.05851984 -2.58983366 14.6428379 -0.0257735437 -0.669370656 0.00216403109 0.00132679206 -0.742924277 -0.00240121387 0.599799301 -0.0208129064 -0.00102856624 0.000522696331 -0.000122664483 -0.078658607 -0.152511552 0.0166656857 
1624426402.06852436 -2.58988236 14.6488151 -0.0259401894 -0.669204703 0.00231969459 0.00142733342 -0.74307311 -0.00733261939 0.595097623 -0.0125011792 -0.00102856624 0.000522696331 -0.000122664483 -0.078658607 -0.152511552 0.0166656857 
1624426402.07850599 -2.58997948 14.6547044 -0.0260328378 -0.669018465 0.00239582956 0.00159643276 -0.743240207 -0.0121276032 0.584938446 -0.00606259399 -0.00102856624 0.000522696331 -0.000122664483 -0.078658607 -0.152511552 0.0166656857 
1624426402.08854651 -2.59012554 14.6605226 -0.0260873513 -0.668819347 0.0024362945 0.00191979177 -0.743418496 -0.0169667623 0.573991085 -0.00479610212 -0.00102856624 0.000522696331 -0.000122664483 -0.078658607 -0.152511552 0.0166656857 
1624426402.09853721 -2.5935586 14.6698091 -0.0258803727 -0.668678447 0.00356471777 0.00223643607 -0.743539794 -0.0452553664 0.594042984 -0.00538539281 -0.00100181505 0.000486645645 -0.000119790412 -0.0823406318 -0.155244627 0.0164315257 
1624426402.10853767 -2.59400476 14.6757973 -0.0259799676 -0.668494567 0.00365193882 0.00272611953 -0.743703063 -0.0439736882 0.603538862 -0.0145326548 -0.00100181505 0.000486645645 -0.000119790412 -0.0823406318 -0.155244627 0.0164315257 
1624426402.11852551 -2.59440495 14.6819036 -0.0261272389 -0.668310565 0.00379561664 0.00292248991 -0.743866951 -0.0361610547 0.619208789 -0.0149574914 -0.00100181505 0.000486645645 -0.000119790412 -0.0823406318 -0.155244627 0.0164315257 
1624426402.12183213 -2.59427852 14.6823305 -0.025010048 -0.667274051 0.00202672876 0.00155822105 -0.744807898 -0.0327446444 0.619302351 -0.0135158299 -0.00108494655 0.000501566537 -0.000173382176 -0.0825048646 -0.15573998 0.016311128 
1624426402.12853074 -2.59446334 14.6865022 -0.0250720381 -0.667138076 0.00211122142 0.00149379971 -0.744929594 -0.0224387128 0.626231472 -0.00499253707 -0.00108494655 0.000501566537 -0.000173382176 -0.0825048646 -0.15573998 0.016311128 
1624426402.13852334 -2.59462709 14.6927589 -0.0250933883 -0.666899116 0.00223987447 0.00125768354 -0.74514359 -0.0103344471 0.626043194 0.000719333265 -0.00108494655 0.000501566537 -0.000173382176 -0.0825048646 -0.15573998 0.016311128 
1624426402.14874673 -2.59468359 14.6990966 -0.0250968523 -0.666586416 0.0022400074 0.00105099889 -0.745423657 -0.000718755882 0.613802118 -0.00139698199 -0.00108494655 0.000501566537 -0.000173382176 -0.0825048646 -0.15573998 0.016311128 
1624426402.15851212 -2.59465436 14.7050176 -0.0250832663 -0.66622861 0.00227297727 0.000998111299 -0.745743439 0.00670455869 0.598832492 0.0041794635 -0.00108494655 0.000501566537 -0.000173382176 -0.0825048646 -0.15573998 0.016311128 
1624426402.16853499 -2.59452636 14.7109745 -0.0250228147 -0.665819751 0.00213539851 0.00108638365 -0.746108785 0.0188374031 0.589827484 0.00788325758 -0.00108494655 0.000501566537 -0.000173382176 -0.0825048646 -0.15573998 0.016311128 
1624426402.17851114 -2.59427431 14.7168661 -0.0249579221 -0.665403079 0.0020281573 0.00123080624 -0.746480484 0.0316937188 0.591319693 0.0051262924 -0.00108494655 0.000501566537 -0.000173382176 -0.0825048646 -0.15573998 0.016311128 
1624426402.18863201 -2.5938705 14.7229029 -0.0249019494 -0.665002066 0.0018544695 0.00124105949 -0.746838184 0.048102519 0.60161772 0.00593455846 -0.00108494655 0.000501566537 -0.000173382176 -0.0825048646 -0.15573998 0.016311128 
1624426402.19858527 -2.60126466 14.7309648 -0.0252722024 -0.664665249 0.0034532654 0.0019208811 -0.74713084 0.00667254811 0.622105093 0.00450975638 -0.00101273537 0.000475363709 -0.000172879313 -0.0851963489 -0.163026991 0.0165573451 
1624426402.20857954 -2.60116414 14.7371893 -0.0252827755 -0.664384641 0.00333439972 0.00171449835 -0.747381422 0.0134431723 0.623500075 -0.00662557927 -0.00101273537 0.000475363709 -0.000172879313 -0.0851963489 -0.163026991 0.0165573451 
1624426402.21854758 -2.60101221 14.7433776 -0.0253501063 -0.664147388 0.00332094391 0.00147561041 -0.747592831 0.0170403759 0.618135302 -0.00688374867 -0.00101273537 0.000475363709 -0.000172879313 -0.0851963489 -0.163026991 0.0165573451 
1624426402.22187424 -2.59975781 14.7459357 -0.0274433555 -0.668358111 0.00177254619 0.000782687526 -0.743837133 0.0208410358 0.620187664 -0.00921576402 -0.00107218162 0.000500584984 4.38518558e-05 -0.0856884828 -0.163145899 0.0168082665 
1624426402.2285378 -2.59961493 14.7500535 -0.0274949784 -0.668235357 0.00172703562 0.000729745877 -0.743947574 0.0220426689 0.615717588 -0.00627831382 -0.00107218162 0.000500584984 4.38518558e-05 -0.0856884828 -0.163145899 0.0168082665 
1624426402.23853326 -2.59935196 14.7561732 -0.0275660918 -0.668091425 0.0016673326 0.000717608261 -0.744076981 0.0305755758 0.608775388 -0.00795082267 -0.00107218162 0.000500584984 4.38518558e-05 -0.0856884828 -0.163145899 0.0168082665 
1624426402.24852777 -2.59901164 14.7622361 -0.0275987022 -0.667969056 0.00157191528 0.000700369016 -0.744187059 0.0375260574 0.604463635 0.00142515098 -0.00107218162 0.000500584984 4.38518558e-05 -0.0856884828 -0.163145899 0.0168082665 
1624426402.25851893 -2.59860475 14.7682745 -0.0275372503 -0.667857952 0.00142839078 0.000703418491 -0.744287055 0.0439227885 0.604302427 0.010876085 -0.00107218162 0.000500584984 4.38518558e-05 -0.0856884828 -0.163145899 0.0168082665 
1624426402.26854181 -2.59813434 14.7743292 -0.0274507864 -0.66771862 0.00124658287 0.000587361147 -0.744412483 0.0499454832 0.603864988 0.0063772283 -0.00107218162 0.000500584984 4.38518558e-05 -0.0856884828 -0.163145899 0.0168082665 
1624426402.27854562 -2.59761461 14.7803589 -0.0273953862 -0.667552643 0.00112714612 0.000491786194 -0.744561586 0.0539606492 0.601617557 0.00469859283 -0.00107218162 0.000500584984 4.38518558e-05 -0.0856884828 -0.163145899 0.0168082665 
1624426402.28854465 -2.59706264 14.7863572 -0.0273402826 -0.667347644 0.000946747848 0.000350750829 -0.744745663 0.0564435972 0.598147515 0.00632319253 -0.00107218162 0.000500584984 4.38518558e-05 -0.0856884828 -0.163145899 0.0168082665 
1624426402.2986095 -2.60472846 14.7949524 -0.0277698298 -0.667108586 0.00259305798 0.00111090577 -0.744955151 0.0075779678 0.608805573 -0.00457777446 -0.000997315597 0.000468755583 4.51723146e-05 -0.0889563173 -0.170632553 0.0170725962 
1624426402.30856156 -2.60463522 14.8009796 -0.0278385498 -0.666796833 0.00232367439 0.000983313393 -0.745235276 0.0111592643 0.602443301 -0.00923242261 -0.000997315597 0.000468755583 4.51723146e-05 -0.0889563173 -0.170632553 0.0170725962 
1624426402.318537 -2.60454005 14.8069877 -0.0279009122 -0.666441297 0.00207288789 0.000909211641 -0.745554072 0.00792091222 0.602127 -0.00327077589 -0.000997315597 0.000468755583 4.51723146e-05 -0.0889563173 -0.170632553 0.0170725962 
1624426402.3219645 -2.60380202 14.8095823 -0.0321419839 -0.669592149 0.00110740791 0.00048053653 -0.74272801 0.010102203 0.604710184 -0.00801088955 -0.00103454247 0.000484402827 0.000208508068 -0.0894200786 -0.170691415 0.0175836731 
1624426402.32854438 -2.60374938 14.8135652 -0.0321811523 -0.669347209 0.000981247553 0.000433094395 -0.742948965 0.00589725447 0.605921165 -0.00389463181 -0.00103454247 0.000484402827 0.000208508068 -0.0894200786 -0.170691415 0.0175836731 
1624426402.33852243 -2.60374032 14.8196181 -0.0321973681 -0.668989656 0.000955060617 0.000378419418 -0.743271004 -0.00408052768 0.607320996 0.000644334616 -0.00103454247 0.000484402827 0.000208508068 -0.0894200786 -0.170691415 0.0175836731 
1624426402.34852386 -2.60381625 14.8256918 -0.0321754954 -0.668642048 0.0010459531 0.00038102494 -0.743583601 -0.0111042151 0.607238366 0.00372959184 -0.00103454247 0.000484402827 0.000208508068 -0.0894200786 -0.170691415 0.0175836731 
1624426402.35852098 -2.60394337 14.831739 -0.0321748709 -0.66833295 0.00114202436 0.000398367492 -0.74386128 -0.0143265806 0.602561504 -0.00360464857 -0.00103454247 0.000484402827 0.000208508068 -0.0894200786 -0.170691415 0.0175836731 
1624426402.36852837 -2.60408439 14.8377359 -0.032262833 -0.668041943 0.00121532172 0.000406735339 -0.744122516 -0.0138564341 0.595924826 -0.0139748036 -0.00103454247 0.000484402827 0.000208508068 -0.0894200786 -0.170691415 0.0175836731 
1624426402.37853384 -2.60422399 14.8436908 -0.0324394424 -0.66777633 0.00125607383 0.00047449167 -0.74436078 -0.0140484978 0.594408389 -0.0213277468 -0.00103454247 0.000484402827 0.000208508068 -0.0894200786 -0.170691415 0.0175836731 
1624426402.38856578 -2.60435884 14.8496195 -0.0326114853 -0.667518951 0.00128949103 0.000475066034 -0.74459154 -0.0128366164 0.587555776 -0.0129713011 -0.00103454247 0.000484402827 0.000208508068 -0.0894200786 -0.170691415 0.0175836731 
1624426402.39854813 -2.60806469 14.8575145 -0.0318526009 -0.667267585 0.0022743403 0.000841272739 -0.744814131 -0.0337946001 0.593088901 0.0124783465 -0.00100360441 0.000461885437 0.000210427627 -0.0917149255 -0.173833344 0.0169961599 
1624426402.40855265 -2.60840143 14.86341 -0.0316669857 -0.666963325 0.00226557082 0.00102928154 -0.745086391 -0.0335229428 0.585486466 0.0246279279 -0.00100360441 0.000461885437 0.000210427627 -0.0917149255 -0.173833344 0.0169961599 
1624426402.41853452 -2.60871581 14.8691957 -0.0314157731 -0.666641854 0.0022357608 0.00132806652 -0.745373648 -0.0294668382 0.573750555 0.0257058415 -0.00100360441 0.000461885437 0.000210427627 -0.0917149255 -0.173833344 0.0169961599 
1624426402.42183685 -2.6097844 14.8692421 -0.0384798503 -0.664186843 0.0011971138 0.000708810099 -0.747565317 -0.0286113561 0.573200864 0.0177908382 -0.0010477016 0.000475740709 8.28709921e-05 -0.0918410174 -0.174277153 0.0178619537 
1624426402.42853451 -2.60995738 14.8730588 -0.0383480966 -0.663968454 0.00112966086 0.000931422207 -0.747759151 -0.0230413353 0.566503815 0.0215524083 -0.0010477016 0.000475740709 8.28709921e-05 -0.0918410174 -0.174277153 0.0178619537 
1624426402.43852425 -2.61012879 14.8787446 -0.0381536463 -0.663650139 0.00101342657 0.00136988826 -0.748041168 -0.0112760411 0.571820334 0.0173776034 -0.0010477016 0.000475740709 8.28709921e-05 -0.0918410174 -0.174277153 0.0178619537 
1624426402.4485476 -2.6101628 14.884525 -0.0380629048 -0.663334752 0.000832987656 0.00150052682 -0.748320828 0.00448954964 0.581557496 0.000728404243 -0.0010477016 0.000475740709 8.28709921e-05 -0.0918410174 -0.174277153 0.0178619537 
1624426402.45850754 -2.6100742 14.8903533 -0.0380898119 -0.663046363 0.00079896864 0.00150431872 -0.748576395 0.0133012029 0.588801307 -0.00613147176 -0.0010477016 0.000475740709 8.28709921e-05 -0.0918410174 -0.174277153 0.0178619537 
1624426402.46852517 -2.60988373 14.8962575 -0.0381499492 -0.662759539 0.000789108538 0.00143148254 -0.748830503 0.0247267136 0.589951601 -0.00587482527 -0.0010477016 0.000475740709 8.28709921e-05 -0.0918410174 -0.174277153 0.0178619537 
1624426402.47852397 -2.60958763 14.9021388 -0.0382115983 -0.66250121 0.000831098117 0.0014180415 -0.749059039 0.034500487 0.586456255 -0.00645647639 -0.0010477016 0.000475740709 8.28709921e-05 -0.0918410174 -0.174277153 0.0178619537 
1624426402.48854876 -2.60916935 14.9079646 -0.0382590454 -0.662288103 0.000822839855 0.00147780754 -0.749247361 0.0489477462 0.575830479 -0.00300946691 -0.0010477016 0.000475740709 8.28709921e-05 -0.0918410174 -0.174277153 0.0178619537 
1624426402.4985261 -2.61680388 14.9164577 -0.0380575 -0.662143585 0.00259774157 0.00243230519 -0.74936854 0.0126399708 0.588227093 0.00146890158 -0.000973658493 0.000442074654 8.44299568e-05 -0.0952620495 -0.181580571 0.017656975 
1624426402.50855279 -2.61658581 14.9223482 -0.0380324673 -0.662040852 0.00241188775 0.00257861322 -0.749459435 0.030857495 0.58674691 0.00352429284 -0.000973658493 0.000442074654 8.44299568e-05 -0.0952620495 -0.181580571 0.017656975 
1624426402.51854587 -2.61620255 14.9282396 -0.0380011625 -0.662018161 0.00226469072 0.00266050143 -0.749479651 0.0458475436 0.592354945 0.00274100505 -0.000973658493 0.000442074654 8.44299568e-05 -0.0952620495 -0.181580571 0.017656975 
1624426402.52202535 -2.61808515 14.9279111 -0.047278215 -0.660067558 0.00121231498 0.00142420089 -0.751203914 0.0461371119 0.592492215 -0.00792591997 -0.0010359743 0.000440645159 -1.70615636e-05 -0.095235958 -0.182259065 0.0188015457 
1624426402.52853131 -2.61775972 14.931777 -0.0473321235 -0.660086434 0.00112923558 0.00140512571 -0.751187494 0.0539042359 0.595916254 -0.00864609188 -0.0010359743 0.000440645159 -1.70615636e-05 -0.095235958 -0.182259065 0.0188015457 
1624426402.53852677 -2.61718954 14.9377387 -0.0474516082 -0.660161472 0.00107133457 0.00136706421 -0.751121704 0.0601823388 0.596960168 -0.015261708 -0.0010359743 0.000440645159 -1.70615636e-05 -0.095235958 -0.182259065 0.0188015457 
1624426402.54861617 -2.61654762 14.9437414 -0.0476351747 -0.660249783 0.00101637388 0.00129389578 -0.751044284 0.0670645118 0.592941028 -0.0211262839 -0.0010359743 0.000440645159 -1.70615636e-05 -0.095235958 -0.182259065 0.0188015457 
1624426402.55853653 -2.61584719 14.949601 -0.0478314037 -0.660360655 0.000997476229 0.00130172405 -0.750946813 0.0741457975 0.588385353 -0.0184345934 -0.0010359743 0.000440645159 -1.70615636e-05 -0.095235958 -0.182259065 0.0188015457 
1624426402.56855631 -2.61506636 14.9554777 -0.0480030763 -0.660487186 0.000919989081 0.00138889338 -0.750835469 0.0817132916 0.584639249 -0.0158321405 -0.0010359743 0.000440645159 -1.70615636e-05 -0.095235958 -0.182259065 0.0188015457 
1624426402.57854056 -2.61422898 14.9613045 -0.0481460844 -0.660621675 0.000882938108 0.00147413172 -0.750717024 0.0860259365 0.58255202 -0.012814591 -0.0010359743 0.000440645159 -1.70615636e-05 -0.095235958 -0.182259065 0.0188015457 
1624426402.58855414 -2.6133573 14.9671319 -0.0482419223 -0.660766916 0.000795454241 0.00152990262 -0.750589175 0.0880742141 0.581354297 -0.00632698918 -0.0010359743 0.000440645159 -1.70615636e-05 -0.095235958 -0.182259065 0.0188015457 
1624426402.59875751 -2.62331749 14.9748366 -0.0478646182 -0.660931133 0.00291559385 0.00296181373 -0.75043505 0.0199374762 0.59134032 -0.00312311463 -0.000935635419 0.00041295037 -1.56911012e-05 -0.0980570482 -0.19203096 0.0184516526 
1624426402.60859776 -2.62311038 14.9806467 -0.0479135405 -0.661062398 0.00285632684 0.00300723342 -0.750319468 0.0221565088 0.589545409 -0.00682017971 -0.000935635419 0.00041295037 -1.56911012e-05 -0.0980570482 -0.19203096 0.0184516526 
1624426402.6188786 -2.62287182 14.986688 -0.0479868853 -0.661183256 0.00278425679 0.00305622272 -0.750213043 0.0242511779 0.585715474 -0.00744807504 -0.000935635419 0.00041295037 -1.56911012e-05 -0.0980570482 -0.19203096 0.0184516526 
1624426402.62194777 -2.62332583 14.9892568 -0.0557913973 -0.660929344 0.00148896415 0.0016277389 -0.750444892 0.0266092916 0.589019273 -0.0163765313 -0.00101041051 0.000413646568 -2.92309046e-05 -0.0984584806 -0.192496535 0.0194154623 
1624426402.62855959 -2.6231436 14.9931434 -0.0559046867 -0.660981995 0.00141549432 0.00166668496 -0.750398575 0.0285120562 0.586618039 -0.0178922024 -0.00101041051 0.000413646568 -2.92309046e-05 -0.0984584806 -0.192496535 0.0194154623 
1624426402.63852906 -2.62285382 14.9989725 -0.0560946817 -0.661017925 0.00125972789 0.00171713243 -0.750367089 0.0296222344 0.582776649 -0.0202231554 -0.00101041051 0.000413646568 -2.92309046e-05 -0.0984584806 -0.192496535 0.0194154623 
1624426402.64852667 -2.62255653 15.0047868 -0.05627544 -0.661001769 0.00110870934 0.00175241505 -0.750381477 0.0298502323 0.580358919 -0.0159371671 -0.00101041051 0.000413646568 -2.92309046e-05 -0.0984584806 -0.192496535 0.0194154623 
1624426402.65853167 -2.62225968 15.0105933 -0.0564156225 -0.660957921 0.000978539962 0.00181894699 -0.750420123 0.029490409 0.580363527 -0.01208533 -0.00101041051 0.000413646568 -2.92309046e-05 -0.0984584806 -0.192496535 0.0194154623 
1624426402.66854191 -2.62196183 15.0164024 -0.0565419475 -0.660899844 0.00089231186 0.00186109266 -0.750471276 0.0300171322 0.580276051 -0.0131538123 -0.00101041051 0.000413646568 -2.92309046e-05 -0.0984584806 -0.192496535 0.0194154623 
1624426402.6785233 -2.62165802 15.0221936 -0.0566764742 -0.660832692 0.000815054628 0.00189429567 -0.750530413 0.0308585827 0.580119333 -0.0138016844 -0.00101041051 0.000413646568 -2.92309046e-05 -0.0984584806 -0.192496535 0.0194154623 
1624426402.68856454 -2.62133391 15.0280119 -0.0568238245 -0.660764346 0.000763707247 0.00193653758 -0.750590531 0.0336974852 0.57876131 -0.0155473485 -0.00101041051 0.000413646568 -2.92309046e-05 -0.0984584806 -0.192496535 0.0194154623 
1624426402.69854355 -2.62820377 15.0351091 -0.0559252019 -0.66072231 0.00212234849 0.00283701635 -0.75062206 -0.00787450817 0.585114657 -0.0115953309 -0.000944308548 0.000393411445 -2.78392858e-05 -0.10049066 -0.198942315 0.0186316567 
1624426402.70855498 -2.62825978 15.0409725 -0.0560580269 -0.660678152 0.00204446236 0.00289971789 -0.750660903 -0.00331506963 0.586231294 -0.0149393276 -0.000944308548 0.000393411445 -2.78392858e-05 -0.10049066 -0.198942315 0.0186316567 
1624426402.71854901 -2.62826859 15.0468532 -0.0562357838 -0.660646961 0.00195667236 0.00290299691 -0.750688575 0.00155233478 0.590609988 -0.0206333037 -0.000944308548 0.000393411445 -2.78392858e-05 -0.10049066 -0.198942315 0.0186316567 
1624426402.72219348 -2.6294911 15.0488318 -0.0647170145 -0.662151027 0.00104620386 0.0015475576 -0.749368085 0.00245375863 0.593595872 -0.0303192377 -0.00100739558 0.000384698931 5.07964234e-05 -0.100757179 -0.199458178 0.0196881561 
1624426402.728544 -2.62946358 15.0526065 -0.0649153302 -0.662138762 0.00102276794 0.00154474502 -0.749378961 0.0062129944 0.595186154 -0.0321372912 -0.00100739558 0.000384698931 5.07964234e-05 -0.100757179 -0.199458178 0.0196881561 
1624426402.73852801 -2.62936621 15.0585383 -0.0651940955 -0.662115004 0.000962381086 0.00146766091 -0.749400187 0.0132935437 0.593072226 -0.0237050297 -0.00100739558 0.000384698931 5.07964234e-05 -0.100757179 -0.199458178 0.0196881561 
1624426402.74852991 -2.6291887 15.0644375 -0.0653707301 -0.662088786 0.000908134028 0.00150346282 -0.749423348 0.0222006453 0.586548599 -0.0116151819 -0.00100739558 0.000384698931 5.07964234e-05 -0.100757179 -0.199458178 0.0196881561 
1624426402.75853682 -2.62892491 15.0702628 -0.0654656829 -0.662087749 0.000761042003 0.00155276471 -0.749424328 0.0305213298 0.577707577 -0.00736228371 -0.00100739558 0.000384698931 5.07964234e-05 -0.100757179 -0.199458178 0.0196881561 
1624426402.76851916 -2.62858079 15.0759668 -0.0654889816 -0.662098521 0.000593739381 0.00168257668 -0.749414681 0.0384250114 0.565114902 0.00269431457 -0.00100739558 0.000384698931 5.07964234e-05 -0.100757179 -0.199458178 0.0196881561 
1624426402.77852225 -2.62817814 15.0815776 -0.0654268851 -0.662130509 0.000303816424 0.00192108991 -0.74938602 0.0420799573 0.556695617 0.00972114773 -0.00100739558 0.000384698931 5.07964234e-05 -0.100757179 -0.199458178 0.0196881561 
1624426402.78852701 -2.62772822 15.087152 -0.065378172 -0.662175638 4.26989326e-05 0.00227857872 -0.749345201 0.0478597592 0.557644736 1.68377664e-05 -0.00100739558 0.000384698931 5.07964234e-05 -0.100757179 -0.199458178 0.0196881561 
1624426402.79854345 -2.63521399 15.0955107 -0.0653154297 -0.662275797 0.00163156593 0.0032043448 -0.749251519 0.00314382324 0.583505598 -0.00948495448 -0.000934250925 0.000349890914 5.32381939e-05 -0.104130112 -0.206396225 0.0195721103 
1624426402.80855536 -2.63514217 15.1013934 -0.0654121409 -0.662357439 0.00144675906 0.0032463839 -0.749179545 0.0112040769 0.591637527 -0.00983426512 -0.000934250925 0.000349890914 5.32381939e-05 -0.104130112 -0.206396225 0.0195721103 
1624426402.81854653 -2.63498744 15.1073227 -0.0655414395 -0.662425506 0.00129532406 0.00310996438 -0.749120217 0.0197689643 0.595281219 -0.0160483052 -0.000934250925 0.000349890914 5.32381939e-05 -0.104130112 -0.206396225 0.0195721103 
1624426402.82182693 -2.6367998 15.1074194 -0.0745648146 -0.660574444 0.000695610436 0.00166103465 -0.750758391 0.0197225394 0.596423286 -0.0264457809 -0.000991927128 0.000330282029 -4.43816498e-05 -0.104063657 -0.207021313 0.0207016227 
1624426402.82853794 -2.63665555 15.1114144 -0.0747373111 -0.660608432 0.000612307192 0.00153459618 -0.750728825 0.0232650392 0.594157277 -0.0249612868 -0.000991927128 0.000330282029 -4.43816498e-05 -0.104063657 -0.207021313 0.0207016227 
1624426402.83852339 -2.63641094 15.1172958 -0.0749360549 -0.660631477 0.00046699796 0.00143575677 -0.750708847 0.0257296138 0.583839541 -0.0148453968 -0.000991927128 0.000330282029 -4.43816498e-05 -0.104063657 -0.207021313 0.0207016227 
1624426402.84853339 -2.63614929 15.1230887 -0.0750762961 -0.660629528 0.000274328933 0.00153523247 -0.750710459 0.0265480224 0.573575922 -0.0131748015 -0.000991927128 0.000330282029 -4.43816498e-05 -0.104063657 -0.207021313 0.0207016227 
1624426402.85852313 -2.63587188 15.1287999 -0.0751903313 -0.660615868 8.89275557e-05 0.00171757415 -0.750722131 0.0289913256 0.569835543 -0.00965567635 -0.000991927128 0.000330282029 -4.43816498e-05 -0.104063657 -0.207021313 0.0207016227 
1624426402.8685298 -2.63556002 15.134501 -0.0752585041 -0.660618177 -0.00013330015 0.00192427449 -0.75071959 0.0333373183 0.569629865 -0.00396980433 -0.000991927128 0.000330282029 -4.43816498e-05 -0.104063657 -0.207021313 0.0207016227 
1624426402.87851763 -2.63520995 15.1402077 -0.07532018 -0.660644904 -0.000350884584 0.002072612 -0.750695606 0.0367639463 0.573100538 -0.00838040114 -0.000991927128 0.000330282029 -4.43816498e-05 -0.104063657 -0.207021313 0.0207016227 
1624426402.88858771 -2.63483044 15.1460036 -0.0754314008 -0.660699649 -0.000541388857 0.00209254422 -0.750647256 0.0386088936 0.578017931 -0.0137089389 -0.000991927128 0.000330282029 -4.43816498e-05 -0.104063657 -0.207021313 0.0207016227 
1624426402.89859104 -2.64196812 15.1528578 -0.0745556653 -0.660778679 0.000799317057 0.00306481606 -0.750574117 -0.0101142543 0.585046946 -0.0109710263 -0.000922248426 0.000311714835 -4.36322716e-05 -0.10588495 -0.213669757 0.0199445542 
1624426402.9085629 -2.64207952 15.1586778 -0.074684339 -0.660845593 0.000720169278 0.00309989832 -0.750515139 -0.0122272495 0.582250647 -0.0148363566 -0.000922248426 0.000311714835 -4.36322716e-05 -0.10588495 -0.213669757 0.0199445542 
1624426402.91853738 -2.64220437 15.1644662 -0.07481816 -0.660896823 0.000647141157 0.00318707985 -0.750469728 -0.0128066886 0.578388769 -0.0119963198 -0.000922248426 0.000311714835 -4.36322716e-05 -0.10588495 -0.213669757 0.0199445542 
1624426402.92183661 -2.64357527 15.164423 -0.0813226934 -0.661845538 0.000346508263 0.00170218497 -0.749638223 -0.012625354 0.579773898 -0.019419427 -0.000973856068 0.000281900343 6.27833672e-06 -0.105727008 -0.214174118 0.0207634685 
1624426402.92865014 -2.64365806 15.1683626 -0.081441623 -0.66187778 0.000293851739 0.0018132047 -0.749609519 -0.0116772208 0.576654553 -0.015490436 -0.000973856068 0.000281900343 6.27833672e-06 -0.105727008 -0.214174118 0.0207634685 
1624426402.9385221 -2.64375009 15.1740377 -0.0815659479 -0.661909687 0.000167726435 0.00200493698 -0.749580895 -0.00696669083 0.573077958 -0.00969704341 -0.000973856068 0.000281900343 6.27833672e-06 -0.105727008 -0.214174118 0.0207634685 
1624426402.9485383 -2.64378894 15.1797802 -0.0816390196 -0.661927698 5.29416344e-06 0.00216104213 -0.749564575 -0.00079134959 0.573565397 -0.00489366386 -0.000973856068 0.000281900343 6.27833672e-06 -0.105727008 -0.214174118 0.0207634685 
1624426402.95850873 -2.64377315 15.1855101 -0.0816880765 -0.661941799 -0.000162027097 0.00227397537 -0.749551771 0.00395835891 0.57582108 -0.00494681072 -0.000973856068 0.000281900343 6.27833672e-06 -0.105727008 -0.214174118 0.0207634685 
1624426402.96852827 -2.64371817 15.1912908 -0.0817707195 -0.661933272 -0.000318384587 0.002349964 -0.749559017 0.00701681323 0.57806078 -0.0115495552 -0.000973856068 0.000281900343 6.27833672e-06 -0.105727008 -0.214174118 0.0207634685 
1624426402.97850728 -2.64363221 15.1970694 -0.0819120006 -0.661910602 -0.000444470033 0.00238739872 -0.749578854 0.0102113824 0.58008353 -0.0167661048 -0.000973856068 0.000281900343 6.27833672e-06 -0.105727008 -0.214174118 0.0207634685 
1624426402.98857093 -2.64351255 15.2029084 -0.0820953461 -0.661882297 -0.000544717052 0.00245511528 -0.749603563 0.0135694653 0.580323556 -0.019671075 -0.000973856068 0.000281900343 6.27833672e-06 -0.105727008 -0.214174118 0.0207634685 
1624426402.99853492 -2.64903842 15.208998 -0.0808659139 -0.661854709 0.000390233111 0.00332995845 -0.749624641 -0.0185323545 0.580561164 -0.0125379339 -0.000921089499 0.000272531243 6.56114142e-06 -0.106662369 -0.219225498 0.0197239113 
1624426403.00863218 -2.64919854 15.2148599 -0.0809784566 -0.661828683 0.000276353175 0.00341521978 -0.749647286 -0.0131838405 0.580516088 -0.00975380145 -0.000921089499 0.000272531243 6.56114142e-06 -0.106662369 -0.219225498 0.0197239113 
1624426403.01854324 -2.64930741 15.2206131 -0.0810745057 -0.661820497 0.00013030041 0.0034819038 -0.749654246 -0.00878415152 0.580445819 -0.00962838954 -0.000921089499 0.000272531243 6.56114142e-06 -0.106662369 -0.219225498 0.0197239113 
1624426403.02184749 -2.65048747 15.2211525 -0.0884845866 -0.661470567 7.17752304e-05 0.00185860466 -0.749968819 -0.00849535999 0.58282398 -0.0181497485 -0.000970632701 0.000231877027 -1.23144133e-05 -0.106538476 -0.219678371 0.0206593297 
1624426403.02853394 -2.65053851 15.2250492 -0.0886069709 -0.66147759 3.96650172e-06 0.00191841127 -0.749962477 -0.00677181915 0.582734857 -0.0184569154 -0.000970632701 0.000231877027 -1.23144133e-05 -0.106538476 -0.219678371 0.0206593297 
1624426403.03854036 -2.65059794 15.2308761 -0.0887805517 -0.661510698 -0.000101141827 0.00201773664 -0.749933007 -0.00510573935 0.58189822 -0.0162369433 -0.000970632701 0.000231877027 -1.23144133e-05 -0.106538476 -0.219678371 0.0206593297 
1624426403.04854774 -2.65063905 15.2366942 -0.0889369807 -0.661561438 -0.000177834934 0.00216973108 -0.749887808 -0.00310942444 0.580851237 -0.0150257824 -0.000970632701 0.000231877027 -1.23144133e-05 -0.106538476 -0.219678371 0.0206593297 
1624426403.05852199 -2.65065306 15.2424824 -0.0891006697 -0.661626473 -0.000277175473 0.00231893713 -0.749829952 0.000300104921 0.579788664 -0.0177965664 -0.000970632701 0.000231877027 -1.23144133e-05 -0.106538476 -0.219678371 0.0206593297 
1624426403.06851602 -2.65063757 15.2482844 -0.0892968721 -0.661704694 -0.000343382151 0.00250523948 -0.749760297 0.00279928759 0.581300623 -0.0214673597 -0.000970632701 0.000231877027 -1.23144133e-05 -0.106538476 -0.219678371 0.0206593297 
1624426403.07850146 -2.65059 15.2540962 -0.0895278459 -0.661781558 -0.000437562112 0.00262309994 -0.749692002 0.00672809639 0.582759824 -0.0247947261 -0.000970632701 0.000231877027 -1.23144133e-05 -0.106538476 -0.219678371 0.0206593297 
1624426403.088552 -2.6504888 15.2599612 -0.0897724017 -0.661855321 -0.000492118649 0.00275246934 -0.749626384 0.013411357 0.584336854 -0.0238704969 -0.000970632701 0.000231877027 -1.23144133e-05 -0.106538476 -0.219678371 0.0206593297 
1624426403.09854174 -2.65596323 15.265542 -0.0882634672 -0.661909836 0.000335712707 0.00370329862 -0.74957424 -0.0165858919 0.582859069 -0.00725137076 -0.000917473708 0.000227967275 -1.24028455e-05 -0.106957699 -0.224728113 0.019417186 
1624426403.10854602 -2.6561118 15.271366 -0.0883268698 -0.66195096 0.000199892813 0.00377715069 -0.749537604 -0.0131140246 0.581449324 -0.00542371502 -0.000917473708 0.000227967275 -1.24028455e-05 -0.106957699 -0.224728113 0.019417186 
1624426403.11854672 -2.65621885 15.2771801 -0.088385016 -0.661965718 4.56751443e-05 0.00383581201 -0.749524297 -0.00829588188 0.581290656 -0.00620470029 -0.000917473708 0.000227967275 -1.24028455e-05 -0.106957699 -0.224728113 0.019417186 
1624426403.12182117 -2.65620679 15.2776702 -0.094322111 -0.66258228 2.4732673e-05 0.00204623203 -0.748986338 -0.00647021678 0.583888647 -0.0130382952 -0.000971370992 0.000181525822 2.02592099e-05 -0.106771105 -0.225016232 0.0201702166 
1624426403.12853885 -2.65624406 15.2815924 -0.0944134266 -0.662582432 -7.29875759e-05 0.00209828239 -0.748986056 -0.00462756862 0.583837587 -0.0141483258 -0.000971370992 0.000181525822 2.02592099e-05 -0.106771105 -0.225016232 0.0201702166 
1624426403.13851905 -2.65627239 15.2873972 -0.0945901527 -0.662572693 -0.000239765499 0.00222077943 -0.748994284 -0.00104851183 0.579417889 -0.0212670152 -0.000971370992 0.000181525822 2.02592099e-05 -0.106771105 -0.225016232 0.0201702166 
1624426403.14853621 -2.65625818 15.2931884 -0.094820684 -0.662558675 -0.000426740431 0.00239851483 -0.749006053 0.00388586578 0.576845343 -0.0247602821 -0.000971370992 0.000181525822 2.02592099e-05 -0.106771105 -0.225016232 0.0201702166 
1624426403.15863252 -2.65618231 15.2990314 -0.0950480684 -0.662542005 -0.000658422338 0.00253353774 -0.749020186 0.0111417698 0.580601141 -0.0202827711 -0.000971370992 0.000181525822 2.02592099e-05 -0.106771105 -0.225016232 0.0201702166 
1624426403.16851711 -2.65604407 15.3047992 -0.0951906924 -0.662534273 -0.000861159306 0.00253403097 -0.749026818 0.016829463 0.586424274 -0.00857506555 -0.000971370992 0.000181525822 2.02592099e-05 -0.106771105 -0.225016232 0.0201702166 
1624426403.17851663 -2.65586748 15.3106828 -0.095220213 -0.662526694 -0.000998154421 0.00249207229 -0.749033493 0.0184901735 0.590367881 0.00267065272 -0.000971370992 0.000181525822 2.02592099e-05 -0.106771105 -0.225016232 0.0201702166 
1624426403.18854523 -2.65568093 15.3165779 -0.0951413926 -0.662520629 -0.00112721557 0.00241065986 -0.74903894 0.0187131879 0.585289496 0.0130484797 -0.000971370992 0.000181525822 2.02592099e-05 -0.106771105 -0.225016232 0.0201702166 
1624426403.19852924 -2.66145039 15.3223692 -0.0956425391 -0.662507605 -0.000154180843 0.00342814638 -0.749047326 -0.0200551211 0.575348102 0.0150536369 -0.000912986481 0.000174531532 2.01197772e-05 -0.107418395 -0.230283056 0.0206209612 
1624426403.20854568 -2.6616415 15.3280616 -0.0955171868 -0.662510552 -0.000339920551 0.00362852572 -0.749043715 -0.0181034657 0.561258691 0.0099756699 -0.000912986481 0.000174531532 2.01197772e-05 -0.107418395 -0.230283056 0.0206209612 
1624426403.21855044 -2.66180508 15.333623 -0.095423764 -0.662516505 -0.00053062126 0.00395735682 -0.749036673 -0.0145968697 0.550494232 0.00870000731 -0.000912986481 0.000174531532 2.01197772e-05 -0.107418395 -0.230283056 0.0206209612 
1624426403.22182894 -2.6611817 15.3341637 -0.0972144828 -0.663945244 -0.00028388394 0.00211222241 -0.747778156 -0.0123795262 0.553576965 0.00676446053 -0.000961770957 0.000118235224 9.66023323e-05 -0.107172438 -0.23044783 0.0208521724 
1624426403.22853732 -2.6612572 15.3378746 -0.0971571141 -0.663969033 -0.000469456662 0.00233555679 -0.747756276 -0.0101286427 0.552781464 0.0103391028 -0.000961770957 0.000118235224 9.66023323e-05 -0.107172438 -0.23044783 0.0208521724 
1624426403.2385335 -2.66134152 15.3434249 -0.0970717986 -0.664029322 -0.00072758674 0.00264396375 -0.747701504 -0.00674238112 0.557695474 0.00673052669 -0.000961770957 0.000118235224 9.66023323e-05 -0.107172438 -0.23044783 0.0208521724 
1624426403.2485323 -2.66139565 15.3490453 -0.0970508376 -0.664090018 -0.000902908943 0.00281430396 -0.747646783 -0.00408426021 0.566526975 -0.00253782083 -0.000961770957 0.000118235224 9.66023323e-05 -0.107172438 -0.23044783 0.0208521724 
1624426403.25852013 -2.66142446 15.3547389 -0.097101544 -0.664150135 -0.000986947442 0.00293379022 -0.747592815 -0.00168619822 0.573570259 -0.00761581638 -0.000961770957 0.000118235224 9.66023323e-05 -0.107172438 -0.23044783 0.0208521724 
1624426403.26852846 -2.66142138 15.3604986 -0.0972343319 -0.664204385 -0.00101104766 0.00304887793 -0.747544124 0.00230310929 0.577415405 -0.0189196487 -0.000961770957 0.000118235224 9.66023323e-05 -0.107172438 -0.23044783 0.0208521724 
1624426403.27852154 -2.66137502 15.3662772 -0.0974532214 -0.664250892 -0.00104177167 0.00314029074 -0.747502378 0.00697545978 0.579096207 -0.0248885666 -0.000961770957 0.000118235224 9.66023323e-05 -0.107172438 -0.23044783 0.0208521724 
1624426403.28855157 -2.66127694 15.3720828 -0.0976422949 -0.664274092 -0.00108231984 0.00321137709 -0.747481402 0.0125808706 0.578545019 -0.0128129186 -0.000961770957 0.000118235224 9.66023323e-05 -0.107172438 -0.23044783 0.0208521724 
1624426403.29854155 -2.66646138 15.3780155 -0.0966829372 -0.664269897 -0.000286168868 0.00408839188 -0.747481576 -0.0157716764 0.579805 -5.58545226e-05 -0.000911388681 0.000110810937 9.65526186e-05 -0.107896156 -0.235135315 0.020078071 
1624426403.30854416 -2.6665806 15.3838203 -0.0966699031 -0.664256902 -0.00038889388 0.0041510878 -0.747492732 -0.00806569302 0.580854169 0.00266198863 -0.000911388681 0.000110810937 9.65526186e-05 -0.107896156 -0.235135315 0.020078071 
1624426403.31854296 -2.66663274 15.389626 -0.0966157242 -0.664235825 -0.000555532711 0.0041657067 -0.747511276 -0.00236370802 0.580412158 0.00817509723 -0.000911388681 0.000110810937 9.65526186e-05 -0.107896156 -0.235135315 0.020078071 
1624426403.32185888 -2.66590388 15.3908039 -0.0998584828 -0.660558081 -0.000295133871 0.00221848886 -0.750771611 9.92803143e-05 0.584160671 0.00443393816 -0.000962898802 5.15867852e-05 -0.00010220933 -0.107765195 -0.235272892 0.0204925017 
1624426403.32852888 -2.66589247 15.3946929 -0.0998361268 -0.660541596 -0.000405181486 0.00228118137 -0.750785877 0.00332206413 0.581968776 0.00226949692 -0.000962898802 5.15867852e-05 -0.00010220933 -0.107765195 -0.235272892 0.0204925017 
1624426403.33853626 -2.66584762 15.4005186 -0.0998452658 -0.660508142 -0.000583543664 0.00236158316 -0.750814942 0.00563945723 0.582307194 -0.00409595213 -0.000962898802 5.15867852e-05 -0.00010220933 -0.107765195 -0.235272892 0.0204925017 
1624426403.34852552 -2.66578422 15.4063403 -0.0998981087 -0.660493918 -0.000759453756 0.00248058074 -0.750826914 0.00705570988 0.583292138 -0.00648397775 -0.000962898802 5.15867852e-05 -0.00010220933 -0.107765195 -0.235272892 0.0204925017 
1624426403.35851407 -2.6657001 15.4121515 -0.0999362835 -0.660489312 -0.000920656065 0.00258523504 -0.750830432 0.00978651149 0.580275667 -0.00115974234 -0.000962898802 5.15867852e-05 -0.00010220933 -0.107765195 -0.235272892 0.0204925017 
1624426403.3685348 -2.66557288 15.4179606 -0.09990508 -0.660506218 -0.00108487686 0.00274172639 -0.750814785 0.0156051766 0.57913408 0.00738753005 -0.000962898802 5.15867852e-05 -0.00010220933 -0.107765195 -0.235272892 0.0204925017 
1624426403.37854624 -2.66538402 15.4237509 -0.099827737 -0.660555028 -0.0012581326 0.00285897288 -0.750771136 0.0221248132 0.577615323 0.00806340656 -0.000962898802 5.15867852e-05 -0.00010220933 -0.107765195 -0.235272892 0.0204925017 
1624426403.38854074 -2.66514236 15.4295137 -0.0997540848 -0.660625014 -0.00145070971 0.00297663998 -0.750708749 0.0262333656 0.575582004 0.00667512667 -0.000962898802 5.15867852e-05 -0.00010220933 -0.107765195 -0.235272892 0.0204925017 
1624426403.39853358 -2.67130463 15.4343396 -0.0999111207 -0.66069964 -0.00067021106 0.0042739228 -0.750637909 -0.010598002 0.572073539 0.00287184473 -0.000899277862 5.31834151e-05 -0.000102076109 -0.107640645 -0.241020155 0.0206227062 
1624426403.40855551 -2.67140342 15.4400916 -0.0999321817 -0.660790317 -0.000866859429 0.00440807522 -0.75055711 -0.00911592258 0.575820815 -0.0070748275 -0.000899277862 5.31834151e-05 -0.000102076109 -0.107640645 -0.241020155 0.0206227062 
1624426403.41855502 -2.67148752 15.445895 -0.100075453 -0.660881949 -0.000977780747 0.00455823911 -0.750475393 -0.00770418828 0.584899738 -0.0215809213 -0.000899277862 5.31834151e-05 -0.000102076109 -0.107640645 -0.241020155 0.0206227062 
1624426403.421839 -2.67070947 15.4441376 -0.100393526 -0.65916463 -0.000524145344 0.00243288489 -0.751994546 -0.00530393806 0.585516206 -0.0219559005 -0.000951406944 -1.68028071e-05 -0.000195284642 -0.106994597 -0.241208148 0.0206700215 
1624426403.42854047 -2.67073786 15.4480941 -0.100572815 -0.659220342 -0.00054926983 0.0024792455 -0.751945538 -0.00316840471 0.595268081 -0.0315514583 -0.000951406944 -1.68028071e-05 -0.000195284642 -0.106994597 -0.241208148 0.0206700215 
1624426403.43862629 -2.67075797 15.4541906 -0.100978756 -0.659324159 -0.000470383855 0.00246357679 -0.751854615 -0.000818467825 0.61365575 -0.0489459461 -0.000951406944 -1.68028071e-05 -0.000195284642 -0.106994597 -0.241208148 0.0206700215 
1624426403.44853163 -2.67074471 15.460347 -0.101522938 -0.65941713 -0.000329147172 0.00231539152 -0.751773622 0.0034953727 0.629409301 -0.0609304713 -0.000951406944 -1.68028071e-05 -0.000195284642 -0.106994597 -0.241208148 0.0206700215 
1624426403.4585166 -2.67068901 15.4666983 -0.102156536 -0.659517443 -0.000147069971 0.00208368069 -0.751686357 0.00766100444 0.64275201 -0.0659798808 -0.000951406944 -1.68028071e-05 -0.000195284642 -0.106994597 -0.241208148 0.0206700215 
1624426403.46852684 -2.67060379 15.4731793 -0.102803015 -0.659616144 7.25336596e-05 0.00184778101 -0.751600375 0.00936574471 0.6521156 -0.0631836597 -0.000951406944 -1.68028071e-05 -0.000195284642 -0.106994597 -0.241208148 0.0206700215 
1624426403.4785521 -2.67052225 15.4797485 -0.103426694 -0.65971242 0.000273010961 0.00161469712 -0.751516361 0.00690043998 0.658413911 -0.0612377017 -0.000951406944 -1.68028071e-05 -0.000195284642 -0.106994597 -0.241208148 0.0206700215 
1624426403.48858547 -2.67046432 15.4863786 -0.104025347 -0.659786244 0.000492561705 0.00146054527 -0.751451752 0.00464698321 0.66321234 -0.0580947869 -0.000951406944 -1.68028071e-05 -0.000195284642 -0.106994597 -0.241208148 0.0206700215 
1624426403.49857187 -2.67549642 15.4860108 -0.100777258 -0.659727955 0.000420610814 0.00324102248 -0.751497401 -0.028702863 0.622594475 -0.0322493528 -0.000897042911 4.54701588e-05 -0.000200886415 -0.101482627 -0.246423302 0.0179497108 
1624426403.50857782 -2.67578874 15.4922597 -0.101113436 -0.65977836 0.000607816238 0.0031658916 -0.751453341 -0.0297268005 0.626428794 -0.0349461393 -0.000897042911 4.54701588e-05 -0.000200886415 -0.101482627 -0.246423302 0.0179497108 
1624426403.5185523 -2.67610397 15.4985325 -0.10144561 -0.659823676 0.000831551256 0.00305324366 -0.751413803 -0.0334806595 0.631342412 -0.0316587365 -0.000897042911 4.54701588e-05 -0.000200886415 -0.101482627 -0.246423302 0.0179497108 
1624426403.52196693 -2.67833161 15.497252 -0.109151121 -0.660000224 0.000444270827 0.00163195961 -0.751263498 -0.0342643699 0.631049991 -0.0405689678 -0.000950414867 1.94017997e-05 -0.00019132292 -0.10118272 -0.247067576 0.0189257638 
1624426403.52859116 -2.6785686 15.5014483 -0.109409828 -0.660033022 0.000615811562 0.00157163025 -0.751234691 -0.0372874246 0.635898797 -0.0375405956 -0.000950414867 1.94017997e-05 -0.00019132292 -0.10118272 -0.247067576 0.0189257638 
1624426403.53852916 -2.67895532 15.5077975 -0.10981187 -0.660068894 0.000908878438 0.00146409556 -0.751203092 -0.0405400937 0.641862291 -0.0433693643 -0.000950414867 1.94017997e-05 -0.00019132292 -0.10118272 -0.247067576 0.0189257638 
1624426403.54852867 -2.67938074 15.5142414 -0.110264805 -0.660106567 0.00127525458 0.00134341753 -0.751169681 -0.044546569 0.646982385 -0.0472219736 -0.000950414867 1.94017997e-05 -0.00019132292 -0.10118272 -0.247067576 0.0189257638 
1624426403.55852604 -2.67983582 15.5207335 -0.110719888 -0.660128437 0.00166506669 0.00128066992 -0.751149808 -0.0464942742 0.651778276 -0.0438186207 -0.000950414867 1.94017997e-05 -0.00019132292 -0.10118272 -0.247067576 0.0189257638 
1624426403.56855249 -2.68028992 15.5273011 -0.111207578 -0.660142828 0.00205149359 0.00120829837 -0.751136325 -0.0440849601 0.658270675 -0.0534620866 -0.000950414867 1.94017997e-05 -0.00019132292 -0.10118272 -0.247067576 0.0189257638 
1624426403.57853341 -2.68070546 15.5339247 -0.1118307 -0.660137668 0.00239336474 0.0010590593 -0.751140073 -0.0391829919 0.668984236 -0.0714005883 -0.000950414867 1.94017997e-05 -0.00019132292 -0.10118272 -0.247067576 0.0189257638 
1624426403.58852887 -2.68106581 15.5406863 -0.112610654 -0.660104282 0.00278327714 0.000819235291 -0.75116837 -0.0329194101 0.683948021 -0.0846610297 -0.000950414867 1.94017997e-05 -0.00019132292 -0.10118272 -0.247067576 0.0189257638 
1624426403.5985496 -2.68418126 15.5411162 -0.108163876 -0.659951936 0.00260400808 0.00199929745 -0.751300648 -0.0449871785 0.65987183 -0.0683425944 -0.000919120306 8.05411105e-05 -0.000196439212 -0.0959072246 -0.250251719 0.015106439 
1624426403.60855651 -2.68460466 15.5478084 -0.108936612 -0.659876302 0.00312688666 0.0015697946 -0.751366105 -0.0396339401 0.677636329 -0.0860980418 -0.000919120306 8.05411105e-05 -0.000196439212 -0.0959072246 -0.250251719 0.015106439 
1624426403.61853743 -2.6849718 15.5546213 -0.109839059 -0.659791826 0.00370085565 0.00107574327 -0.751438549 -0.0339347151 0.687556407 -0.0947364767 -0.000919120306 8.05411105e-05 -0.000196439212 -0.0959072246 -0.250251719 0.015106439 
1624426403.62196875 -2.68513484 15.5536496 -0.116664937 -0.661310654 0.00197227628 0.000577771716 -0.750109322 -0.031578565 0.685463367 -0.102437325 -0.000980284961 0.000119883294 -0.000113506382 -0.0959375484 -0.250632702 0.0159876814 
1624426403.62853575 -2.68532154 15.5580885 -0.117213566 -0.661274555 0.00222654071 0.000240613189 -0.750140618 -0.0252807413 0.666425612 -0.0646494356 -0.000980284961 0.000119883294 -0.000113506382 -0.0959375484 -0.250632702 0.0159876814 
1624426403.63852048 -2.68552178 15.5646129 -0.11742303 -0.661234157 0.00247436607 0.000481682138 -0.750175336 -0.0148292343 0.640442943 0.0226927338 -0.000980284961 0.000119883294 -0.000113506382 -0.0959375484 -0.250632702 0.0159876814 
1624426403.6485281 -2.6855721 15.5708784 -0.117012757 -0.661184994 0.00191610406 0.000525352711 -0.750220271 0.00477243836 0.611712777 0.0592992771 -0.000980284961 0.000119883294 -0.000113506382 -0.0959375484 -0.250632702 0.0159876814 
1624426403.65859342 -2.68547118 15.5770153 -0.116458004 -0.661198468 0.00169358761 0.00113341682 -0.75020826 0.015281441 0.607694522 0.0509313593 -0.000980284961 0.000119883294 -0.000113506382 -0.0959375484 -0.250632702 0.0159876814 
1624426403.6685164 -2.68527885 15.5831438 -0.116046176 -0.661201548 0.00101858448 0.000994260362 -0.750206963 0.0234821753 0.627523504 0.0320734405 -0.000980284961 0.000119883294 -0.000113506382 -0.0959375484 -0.250632702 0.0159876814 
1624426403.67852759 -2.68505106 15.5895226 -0.115880954 -0.661217344 0.000987909479 0.0011561325 -0.750192849 0.0220250185 0.646800284 0.000934003521 -0.000980284961 0.000119883294 -0.000113506382 -0.0959375484 -0.250632702 0.0159876814 
1624426403.68857408 -2.68480511 15.5961438 -0.116093321 -0.661211439 0.000825715043 0.000965605985 -0.75019852 0.0269379591 0.671327976 -0.0432107366 -0.000980284961 0.000119883294 -0.000113506382 -0.0959375484 -0.250632702 0.0159876814 
1624426403.69854426 -2.69167448 15.601224 -0.113844401 -0.661130694 0.00202052501 0.00200839025 -0.750265346 -0.0173613623 0.666719146 -0.0510705923 -0.000910351609 0.000128485034 -0.000117246887 -0.0953512142 -0.256998156 0.0139563192 
1624426403.70855331 -2.69178516 15.6078812 -0.114249088 -0.661086679 0.00214526426 0.00145832788 -0.750305054 -0.00475361371 0.663512545 -0.0297936451 -0.000910351609 0.000128485034 -0.000117246887 -0.0953512142 -0.256998156 0.0139563192 
1624426403.71869516 -2.69183911 15.6145645 -0.114478276 -0.661112674 0.00238701157 0.00147780736 -0.750281381 -0.00588588369 0.654447055 -0.015402796 -0.000910351609 0.000128485034 -0.000117246887 -0.0953512142 -0.256998156 0.0139563192 
1624426403.72196126 -2.69106267 15.6136395 -0.117999975 -0.662817815 0.00127060843 0.00079085106 -0.74877921 -0.00294245757 0.65305597 -0.0194583651 -0.000961349426 0.000144021323 -2.36648651e-05 -0.0952625923 -0.257183405 0.0144104864 
1624426403.72853971 -2.6910558 15.6178971 -0.118077561 -0.662845564 0.00121892792 0.000585156458 -0.74875492 0.00503011327 0.641342811 -0.0041293699 -0.000961349426 0.000144021323 -2.36648651e-05 -0.0952625923 -0.257183405 0.0144104864 
1624426403.73852444 -2.69101349 15.624249 -0.117906694 -0.662878376 0.00112303599 0.000482012299 -0.748726095 0.00344615586 0.630983984 0.0383548672 -0.000961349426 0.000144021323 -2.36648651e-05 -0.0952625923 -0.257183405 0.0144104864 
1624426403.74854064 -2.6909345 15.6305045 -0.117501468 -0.662944787 0.000737491098 0.000707116895 -0.748667593 0.0123251749 0.618086113 0.0425593146 -0.000961349426 0.000144021323 -2.36648651e-05 -0.0952625923 -0.257183405 0.0144104864 
1624426403.75853658 -2.69084152 15.6366732 -0.117215475 -0.663016722 0.000614348673 0.000691839284 -0.748604015 0.00627864057 0.616150719 0.0146625812 -0.000961349426 0.000144021323 -2.36648651e-05 -0.0952625923 -0.257183405 0.0144104864 
1624426403.76854682 -2.69077628 15.6428448 -0.117055874 -0.66310648 0.000397884397 0.000795782317 -0.748524552 0.00675523366 0.616913577 0.0172249046 -0.000961349426 0.000144021323 -2.36648651e-05 -0.0952625923 -0.257183405 0.0144104864 
1624426403.77852345 -2.69068311 15.6490216 -0.116909323 -0.663226097 0.000398321156 0.00090971806 -0.748418438 0.0119234533 0.621341146 0.0121540537 -0.000961349426 0.000144021323 -2.36648651e-05 -0.0952625923 -0.257183405 0.0144104864 
1624426403.78855062 -2.69057457 15.655303 -0.116988626 -0.663359869 0.000262939023 0.000992251896 -0.748299827 0.00972596442 0.631544636 -0.0279716851 -0.000961349426 0.000144021323 -2.36648651e-05 -0.0952625923 -0.257183405 0.0144104864 
1624426403.79854321 -2.69620559 15.6626097 -0.115433061 -0.663474557 0.00151910778 0.00141378922 -0.748195967 -0.0170724122 0.636738414 -0.0212688357 -0.000907905804 0.000127815884 -2.36165212e-05 -0.0967733307 -0.26204759 0.0130448585 
1624426403.80856562 -2.69638905 15.6689588 -0.115493787 -0.663598479 0.00154841087 0.00132496716 -0.748086162 -0.0195376078 0.630246657 0.00915088657 -0.000907905804 0.000127815884 -2.36165212e-05 -0.0967733307 -0.26204759 0.0130448585 
1624426403.81853962 -2.69658165 15.675182 -0.115359895 -0.663706161 0.00146210687 0.00141607275 -0.747990634 -0.0190814433 0.617624051 0.0176972584 -0.000907905804 0.000127815884 -2.36165212e-05 -0.0967733307 -0.26204759 0.0130448585 
1624426403.82190776 -2.69661517 15.6736621 -0.116392692 -0.663700187 0.000776758134 0.00075800075 -0.747997917 -0.0176620152 0.615894246 0.0165479866 -0.000946679515 0.00013115369 -2.39613854e-05 -0.096561275 -0.262276038 0.0131805509 
1624426403.82853413 -2.69672857 15.6777149 -0.116287308 -0.663726123 0.00071264471 0.00069615249 -0.747975027 -0.016563967 0.607342449 0.0152593377 -0.000946679515 0.00013115369 -2.39613854e-05 -0.096561275 -0.262276038 0.0131805509 
1624426403.83851671 -2.6968774 15.6837296 -0.11603566 -0.663736626 0.000607013536 0.000910565479 -0.74796557 -0.0132542453 0.597694815 0.0351581349 -0.000946679515 0.00013115369 -2.39613854e-05 -0.096561275 -0.262276038 0.0131805509 
1624426403.84853172 -2.69702849 15.6897413 -0.115711846 -0.66373135 0.000433352256 0.000991123879 -0.74797027 -0.0169184547 0.602849005 0.0295076214 -0.000946679515 0.00013115369 -2.39613854e-05 -0.096561275 -0.262276038 0.0131805509 
1624426403.85852385 -2.69723232 15.6957714 -0.115513992 -0.66375023 0.000451979248 0.00103551452 -0.747953445 -0.0238798778 0.60412138 0.0100942262 -0.000946679515 0.00013115369 -2.39613854e-05 -0.096561275 -0.262276038 0.0131805509 
1624426403.86852121 -2.69749502 15.7018293 -0.115401409 -0.663787663 0.000672806225 0.001080772 -0.747919994 -0.0286740269 0.607771659 0.0124283073 -0.000946679515 0.00013115369 -2.39613854e-05 -0.096561275 -0.262276038 0.0131805509 
1624426403.87852621 -2.69780165 15.7079095 -0.115255951 -0.663841002 0.000932351021 0.00117394596 -0.747872233 -0.0326217022 0.607667216 0.0166488297 -0.000946679515 0.00013115369 -2.39613854e-05 -0.096561275 -0.262276038 0.0131805509 
1624426403.88856459 -2.69813907 15.7139497 -0.115123653 -0.663920016 0.00116510042 0.00121629995 -0.747801695 -0.034604284 0.595765316 0.00970971187 -0.000946679515 0.00013115369 -2.39613854e-05 -0.096561275 -0.262276038 0.0131805509 
1624426403.89857078 -2.7011292 15.7222634 -0.115597501 -0.664011033 0.00216836458 0.00130040793 -0.7477185 -0.0431460435 0.595556796 0.0184881693 -0.000922786065 0.000104249823 -2.19456173e-05 -0.0989171054 -0.264315931 0.013608376 
1624426403.90858364 -2.70153163 15.7281783 -0.115359808 -0.664038512 0.00209699169 0.00151584288 -0.747693894 -0.0372356785 0.585903955 0.0289894155 -0.000922786065 0.000104249823 -2.19456173e-05 -0.0989171054 -0.264315931 0.013608376 
1624426403.91855526 -2.70187846 15.733993 -0.115102315 -0.664053457 0.00191269358 0.00161824086 -0.747680901 -0.0323289341 0.580350558 0.0226556872 -0.000922786065 0.000104249823 -2.19456173e-05 -0.0989171054 -0.264315931 0.013608376 
1624426403.92183185 -2.70230111 15.73261 -0.116978597 -0.662025303 0.00102072967 0.000864925348 -0.749480292 -0.0308323674 0.578517071 0.0205511476 -0.000970255937 0.000111451237 -0.000134305514 -0.0987745773 -0.264640744 0.0138549332 
1624426403.92854667 -2.70249856 15.7364903 -0.11683465 -0.661985332 0.000944824666 0.000936252504 -0.749515611 -0.0279794341 0.577223968 0.0223234198 -0.000970255937 0.000111451237 -0.000134305514 -0.0987745773 -0.264640744 0.0138549332 
1624426403.93852496 -2.70276769 15.7422704 -0.116611489 -0.661874552 0.000894875505 0.00112356409 -0.749613243 -0.0259629792 0.581301753 0.0224058861 -0.000970255937 0.000111451237 -0.000134305514 -0.0987745773 -0.264640744 0.0138549332 
1624426403.94852877 -2.70299613 15.7480752 -0.116416799 -0.661746692 0.000895026473 0.00124457768 -0.749725927 -0.0197085147 0.579222713 0.0165172068 -0.000970255937 0.000111451237 -0.000134305514 -0.0987745773 -0.264640744 0.0138549332 
1624426403.95853114 -2.70315523 15.7538549 -0.116271141 -0.661622915 0.000937633958 0.00144132187 -0.749834757 -0.0121024973 0.576441054 0.0126075509 -0.000970255937 0.000111451237 -0.000134305514 -0.0987745773 -0.264640744 0.0138549332 
1624426403.96854353 -2.70322603 15.7596234 -0.116099181 -0.661532096 0.000919702225 0.00157948977 -0.749914625 -0.00204161011 0.575830662 0.0217418773 -0.000970255937 0.000111451237 -0.000134305514 -0.0987745773 -0.264640744 0.0138549332 
1624426403.97853327 -2.70321173 15.7653583 -0.115890586 -0.661475981 0.000768126719 0.00160895063 -0.749964231 0.00490542587 0.572332618 0.0200200532 -0.000970255937 0.000111451237 -0.000134305514 -0.0987745773 -0.264640744 0.0138549332 
1624426403.98853922 -2.70312672 15.7710778 -0.115663617 -0.661443793 0.000676027408 0.00161667499 -0.749992692 0.0120856128 0.570886193 0.0253467187 -0.000970255937 0.000111451237 -0.000134305514 -0.0987745773 -0.264640744 0.0138549332 
1624426403.9986155 -2.70869784 15.7783741 -0.116944768 -0.661467614 0.00178264354 0.00219090173 -0.749968411 -0.0190045529 0.579308227 0.0292255314 -0.00091500803 8.96434956e-05 -0.000132482868 -0.100683114 -0.269338044 0.0149749654 
1624426404.00856304 -2.70886191 15.7841127 -0.116681352 -0.661482866 0.00171741033 0.00224326851 -0.749954956 -0.0139820353 0.574471772 0.0237355906 -0.00091500803 8.96434956e-05 -0.000132482868 -0.100683114 -0.269338044 0.0149749654 
1624426404.01865625 -2.70897742 15.7898838 -0.116478751 -0.661500217 0.00166883129 0.00229852155 -0.749939594 -0.00890652086 0.569084717 0.0164102381 -0.00091500803 8.96434956e-05 -0.000132482868 -0.100683114 -0.269338044 0.0149749654 
1624426404.02185059 -2.70869851 15.79024 -0.117795022 -0.663159301 0.000889100965 0.00122599306 -0.748476752 -0.00672375885 0.5699774 0.0149232257 -0.000969667302 8.42827746e-05 -4.03668474e-05 -0.100688561 -0.269561577 0.0151492324 
1624426404.02854061 -2.7087256 15.7940499 -0.117695786 -0.663181333 0.000852958597 0.00131849443 -0.748457115 -0.00137380555 0.569001254 0.0147437463 -0.000969667302 8.42827746e-05 -4.03668474e-05 -0.100688561 -0.269561577 0.0151492324 
1624426404.03852797 -2.70868893 15.799733 -0.117548906 -0.663238418 0.000735131789 0.00141717141 -0.748406475 0.00871706317 0.569070723 0.0146694789 -0.000969667302 8.42827746e-05 -4.03668474e-05 -0.100688561 -0.269561577 0.0151492324 
1624426404.04854226 -2.70856754 15.8054517 -0.117396861 -0.66332266 0.000567677885 0.00151149774 -0.748331773 0.0155251627 0.573033981 0.0156959942 -0.000969667302 8.42827746e-05 -4.03668474e-05 -0.100688561 -0.269561577 0.0151492324 
1624426404.05852151 -2.70839037 15.8112074 -0.117231265 -0.663422612 0.000401621623 0.00156086231 -0.748243169 0.0199831737 0.580503117 0.0174921415 -0.000969667302 8.42827746e-05 -4.03668474e-05 -0.100688561 -0.269561577 0.0151492324 
1624426404.06853318 -2.70819159 15.8170458 -0.117052251 -0.663537584 0.00027932145 0.00157526216 -0.74814124 0.0197257094 0.585820461 0.0182688539 -0.000969667302 8.42827746e-05 -4.03668474e-05 -0.100688561 -0.269561577 0.0151492324 
1624426404.07852435 -2.70799701 15.8229228 -0.116910636 -0.663633981 0.000244437834 0.00166467009 -0.748055551 0.019225359 0.590602586 0.0100791612 -0.000969667302 8.42827746e-05 -4.03668474e-05 -0.100688561 -0.269561577 0.0151492324 
1624426404.0885458 -2.70780249 15.8288534 -0.116824398 -0.663726124 0.000287418296 0.00170717642 -0.747973686 0.0195952395 0.592989057 0.00713148425 -0.000969667302 8.42827746e-05 -4.03668474e-05 -0.100688561 -0.269561577 0.0151492324 
1624426404.09855342 -2.71337972 15.8333484 -0.117160866 -0.663810581 0.00108840838 0.0029169968 -0.747894257 -0.014203023 0.581167186 0.00241759935 -0.000911128445 9.14606065e-05 -4.09122497e-05 -0.100081321 -0.274614153 0.0154157163 
1624426404.10864925 -2.71350473 15.839205 -0.117155022 -0.663899746 0.00106526624 0.00298532544 -0.74781487 -0.0105611112 0.579043987 -0.00125992254 -0.000911128445 9.14606065e-05 -4.09122497e-05 -0.100081321 -0.274614153 0.0154157163 
1624426404.11856723 -2.71360389 15.8449349 -0.117132262 -0.663974662 0.00102161252 0.00301555325 -0.747748294 -0.00943639013 0.576401772 0.00584964208 -0.000911128445 9.14606065e-05 -4.09122497e-05 -0.100081321 -0.274614153 0.0154157163 
1624426404.12182212 -2.71439896 15.8465199 -0.121057181 -0.662333761 0.000547981092 0.00160752363 -0.749206984 -0.00843324934 0.579288894 0.00135010335 -0.000967848304 6.75562961e-05 -0.00013280781 -0.100215874 -0.274987455 0.0159197617 
1624426404.12853789 -2.71446207 15.8504068 -0.121033309 -0.662372881 0.000487767269 0.00166159724 -0.749172322 -0.0103625213 0.578279025 0.0057591302 -0.000967848304 6.75562961e-05 -0.00013280781 -0.100215874 -0.274987455 0.0159197617 
1624426404.13852262 -2.71457905 15.8561707 -0.120957405 -0.662394234 0.000481325336 0.00172260832 -0.749153309 -0.0130679921 0.576262979 0.00944481761 -0.000967848304 6.75562961e-05 -0.00013280781 -0.100215874 -0.274987455 0.0159197617 
1624426404.14853334 -2.71471756 15.8619406 -0.120860367 -0.662395473 0.000459591153 0.00185904648 -0.7491519 -0.0146053171 0.576476692 0.00994187678 -0.000967848304 6.75562961e-05 -0.00013280781 -0.100215874 -0.274987455 0.0159197617 
1624426404.15851498 -2.71484915 15.8676828 -0.120758646 -0.662372077 0.000474078791 0.00194280831 -0.749172365 -0.0117598513 0.57407748 0.0104397669 -0.000967848304 6.75562961e-05 -0.00013280781 -0.100215874 -0.274987455 0.0159197617 
1624426404.16851759 -2.71496369 15.8734272 -0.120657343 -0.66233154 0.000458091079 0.00211102375 -0.749207758 -0.011142716 0.574490617 0.00981566735 -0.000967848304 6.75562961e-05 -0.00013280781 -0.100215874 -0.274987455 0.0159197617 
1624426404.17853308 -2.71506807 15.8791847 -0.1205681 -0.662282947 0.000426805885 0.00220479438 -0.749250462 -0.00970143301 0.575247657 0.00800526067 -0.000967848304 6.75562961e-05 -0.00013280781 -0.100215874 -0.274987455 0.0159197617 
1624426404.18856835 -2.71518276 15.8849674 -0.120488322 -0.662235186 0.000453558578 0.002310427 -0.749292343 -0.0131552853 0.577217028 0.00789435645 -0.000967848304 6.75562961e-05 -0.00013280781 -0.100215874 -0.274987455 0.0159197617 
1624426404.19857359 -2.7190337 15.8897265 -0.120812516 -0.662191145 0.00102085986 0.00321662553 -0.749327364 -0.0394257556 0.572831372 0.00973455443 -0.000929656846 7.33324587e-05 -0.000133197866 -0.0997302843 -0.278220789 0.0162129246 
1624426404.20857382 -2.71944006 15.8954569 -0.120705135 -0.662176496 0.00116305816 0.00334894007 -0.749339523 -0.0418446803 0.573222986 0.0117410396 -0.000929656846 7.33324587e-05 -0.000133197866 -0.0997302843 -0.278220789 0.0162129246 
1624426404.21854186 -2.71985283 15.9011572 -0.120584467 -0.662184991 0.00129016053 0.00356053764 -0.749330832 -0.0409749035 0.570487557 0.012470063 -0.000929656846 7.33324587e-05 -0.000133197866 -0.0997302843 -0.278220789 0.0162129246 
1624426404.22182131 -2.72117734 15.9016674 -0.126009247 -0.661786119 0.000690491332 0.00190070306 -0.749689965 -0.0401849528 0.572320883 0.00631322046 -0.00099798285 4.62419544e-05 -0.000155761281 -0.0996923812 -0.278745843 0.0169128067 
1624426404.22854829 -2.7214431 15.9055098 -0.125962112 -0.661802401 0.000795220909 0.00202509628 -0.749675162 -0.0388271228 0.570067288 0.00770051098 -0.00099798285 4.62419544e-05 -0.000155761281 -0.0996923812 -0.278745843 0.0169128067 
1624426404.23853445 -2.72181586 15.9111986 -0.125906 -0.66184972 0.000873523739 0.00227468677 -0.749632584 -0.0358273682 0.569279802 0.00353739403 -0.00099798285 4.62419544e-05 -0.000155761281 -0.0996923812 -0.278745843 0.0169128067 
1624426404.24852777 -2.72214764 15.9168942 -0.125886455 -0.661893877 0.000992575082 0.00244839849 -0.7495929 -0.0305737047 0.570598336 0.00037426956 -0.00099798285 4.62419544e-05 -0.000155761281 -0.0996923812 -0.278745843 0.0169128067 
1624426404.25852585 -2.72242772 15.9226081 -0.125873051 -0.66192808 0.00107990978 0.00257964763 -0.749562136 -0.0254523716 0.572395671 0.00230704651 -0.00099798285 4.62419544e-05 -0.000155761281 -0.0996923812 -0.278745843 0.0169128067 
1624426404.26852989 -2.7226497 15.9283314 -0.125857271 -0.661931294 0.00116802652 0.00271164935 -0.7495587 -0.0189257368 0.571801896 0.000847705337 -0.00099798285 4.62419544e-05 -0.000155761281 -0.0996923812 -0.278745843 0.0169128067 
1624426404.27851748 -2.72280833 15.9340316 -0.125840148 -0.661915765 0.00123289641 0.002801064 -0.74957198 -0.012839669 0.569661627 0.00258115926 -0.00099798285 4.62419544e-05 -0.000155761281 -0.0996923812 -0.278745843 0.0169128067 
1624426404.28856993 -2.72290315 15.9397511 -0.125805287 -0.661887574 0.00126407464 0.00296121612 -0.749596206 -0.00602571362 0.568261683 0.00435466389 -0.00099798285 4.62419544e-05 -0.000155761281 -0.0996923812 -0.278745843 0.0169128067 
1624426404.29854655 -2.7270186 15.9440456 -0.125993817 -0.661835258 0.00177296917 0.00397585622 -0.749636673 -0.0251162609 0.558949041 -0.000849958962 -0.000955487122 5.5016219e-05 -0.000156041947 -0.0989623862 -0.282326475 0.0170472658 
1624426404.30856609 -2.7272468 15.9496517 -0.12600521 -0.661791688 0.00176764033 0.00414225542 -0.749674248 -0.0204356532 0.560080614 -0.00142431055 -0.000955487122 5.5016219e-05 -0.000156041947 -0.0989623862 -0.282326475 0.0170472658 
1624426404.31857252 -2.72742968 15.9552615 -0.126025816 -0.661751657 0.00176065723 0.00427818928 -0.749708838 -0.0161165603 0.561167185 -0.00269415031 -0.000955487122 5.5016219e-05 -0.000156041947 -0.0989623862 -0.282326475 0.0170472658 
1624426404.32189918 -2.72883631 15.9553742 -0.132251722 -0.658741804 0.000943426558 0.00228311791 -0.752365026 -0.0149000859 0.562606151 -0.00985440778 -0.00104063768 2.55305115e-05 -0.000325372497 -0.0988768581 -0.282947518 0.0178516766 
1624426404.32853818 -2.72892331 15.9591134 -0.13232063 -0.658725872 0.000946880983 0.00238856737 -0.752378644 -0.0113101042 0.5638432 -0.0109040094 -0.00104063768 2.55305115e-05 -0.000325372497 -0.0988768581 -0.282947518 0.0178516766 
1624426404.33853006 -2.72899049 15.9647818 -0.132421555 -0.658703227 0.000965397297 0.00247513755 -0.752398166 -0.00213576803 0.570757997 -0.00929742324 -0.00104063768 2.55305115e-05 -0.000325372497 -0.0988768581 -0.282947518 0.0178516766 
1624426404.34852934 -2.72895993 15.970508 -0.132496135 -0.658686761 0.000911502976 0.00238015864 -0.752412955 0.00824655894 0.574556394 -0.0056196453 -0.00104063768 2.55305115e-05 -0.000325372497 -0.0988768581 -0.282947518 0.0178516766 
1624426404.3585279 -2.72882028 15.9762536 -0.132556816 -0.658668462 0.00086005191 0.00229862781 -0.752429288 0.0196875759 0.574721712 -0.00651822153 -0.00104063768 2.55305115e-05 -0.000325372497 -0.0988768581 -0.282947518 0.0178516766 
1624426404.36854935 -2.72855582 15.9820078 -0.132606955 -0.658611192 0.000695310029 0.00212370681 -0.752480102 0.0330923092 0.573671672 -0.00348820079 -0.00104063768 2.55305115e-05 -0.000325372497 -0.0988768581 -0.282947518 0.0178516766 
1624426404.37853241 -2.72815713 15.9877234 -0.132643703 -0.658542928 0.000486840136 0.00205070057 -0.752540211 0.0467801387 0.57137193 -0.0038738073 -0.00104063768 2.55305115e-05 -0.000325372497 -0.0988768581 -0.282947518 0.0178516766 
1624426404.38855243 -2.72759958 15.9934334 -0.132718606 -0.658453243 0.000154490254 0.00193666065 -0.752619128 0.0645079515 0.568364976 -0.0110768419 -0.00104063768 2.55305115e-05 -0.000325372497 -0.0988768581 -0.282947518 0.0178516766 
1624426404.39853811 -2.73587318 15.9973791 -0.132046553 -0.65834092 0.00107835079 0.00350836077 -0.752710941 0.0247009899 0.557133838 -0.00797328884 -0.00094892667 3.16694835e-05 -0.000325327417 -0.098389342 -0.290672681 0.0172404931 
1624426404.40857434 -2.73559532 16.0030007 -0.132111292 -0.658248857 0.000654443459 0.00332642619 -0.752792766 0.0306712977 0.563142387 -0.004927887 -0.00094892667 3.16694835e-05 -0.000325327417 -0.098389342 -0.290672681 0.0172404931 
1624426404.41853952 -2.73530175 16.0086572 -0.132104933 -0.658211533 0.000470969998 0.00318992746 -0.752826129 0.028247398 0.572113456 0.00620416888 -0.00094892667 3.16694835e-05 -0.000325327417 -0.098389342 -0.290672681 0.0172404931 
1624426404.42854738 -2.7350598 16.0144222 -0.132011756 -0.658261408 0.000439863906 0.00306921493 -0.75278304 0.020105794 0.579965736 0.01241668 -0.00094892667 3.16694835e-05 -0.000325327417 -0.098389342 -0.290672681 0.0172404931 
1624426404.43856049 -2.73488214 16.0202306 -0.13189349 -0.658409211 0.000607166238 0.00301924457 -0.752653856 0.0153794553 0.580199837 0.0112054867 -0.00094892667 3.16694835e-05 -0.000325327417 -0.098389342 -0.290672681 0.0172404931 
1624426404.44853401 -2.73475143 16.0259931 -0.13180084 -0.658660955 0.000751283136 0.00301578921 -0.752433443 0.0108307781 0.575356056 0.00737369769 -0.00094892667 3.16694835e-05 -0.000325327417 -0.098389342 -0.290672681 0.0172404931 
1624426404.45850492 -2.73465229 16.0316838 -0.131754181 -0.658982054 0.000884777407 0.00312404372 -0.752151653 0.0090546237 0.56610225 0.00198532726 -0.00094892667 3.16694835e-05 -0.000325327417 -0.098389342 -0.290672681 0.0172404931 
1624426404.46851993 -2.73460477 16.0373461 -0.131749467 -0.659345466 0.000913682671 0.00324735799 -0.751832546 0.0004367388 0.564673812 -0.00104391506 -0.00094892667 3.16694835e-05 -0.000325327417 -0.098389342 -0.290672681 0.0172404931 
1624426404.47850895 -2.73460472 16.0430144 -0.131760155 -0.659679935 0.000900995877 0.00336160331 -0.751538602 -0.000427160801 0.570222169 -0.00109607622 -0.00094892667 3.16694835e-05 -0.000325327417 -0.098389342 -0.290672681 0.0172404931 
1624426404.48853135 -2.73464253 16.0487645 -0.131772889 -0.659953586 0.00103682268 0.00339454164 -0.751297988 -0.00711762837 0.577237406 -0.00144490308 -0.00094892667 3.16694835e-05 -0.000325327417 -0.098389342 -0.290672681 0.0172404931 
1624426404.49858618 -2.73898582 16.0493044 -0.131541239 -0.660030115 0.00108816168 0.00592481955 -0.751214989 -0.038332343 0.546699639 0.00594404007 -0.000872747084 0.000105235294 -0.000330331559 -0.0950260551 -0.294186153 0.0170926596 
1624426404.50855541 -2.7393817 16.0547413 -0.131476601 -0.660077585 0.00127453299 0.00590956602 -0.751173105 -0.0410886749 0.544029935 0.00702354402 -0.000872747084 0.000105235294 -0.000330331559 -0.0950260551 -0.294186153 0.0170926596 
1624426404.51855397 -2.73979142 16.0601547 -0.131408246 -0.66001999 0.00138420609 0.00595543223 -0.751223156 -0.0408671453 0.538808089 0.00664934689 -0.000872747084 0.000105235294 -0.000330331559 -0.0950260551 -0.294186153 0.0170926596 
1624426404.52197099 -2.73926136 16.0644996 -0.131038654 -0.660788315 0.000622316158 0.00265929149 -0.750567348 -0.0354223084 0.547251931 0.00734862026 -0.000999714448 3.69061301e-05 -0.000287019804 -0.0951923793 -0.294811036 0.0170563033 
1624426404.52853465 -2.73949173 16.0680859 -0.130985388 -0.660693171 0.000644666509 0.00267911248 -0.750651011 -0.0347741628 0.545531679 0.00888194388 -0.000999714448 3.69061301e-05 -0.000287019804 -0.0951923793 -0.294811036 0.0170563033 
1624426404.53852129 -2.73985927 16.0735419 -0.130916376 -0.660491375 0.000655522507 0.00275929938 -0.750828276 -0.0388321137 0.54713881 0.00493894366 -0.000999714448 3.69061301e-05 -0.000287019804 -0.0951923793 -0.294811036 0.0170563033 
1624426404.54853487 -2.74026241 16.0790226 -0.130861177 -0.660276968 0.000673102585 0.00278184143 -0.751016734 -0.0416856933 0.547506183 0.0060858159 -0.000999714448 3.69061301e-05 -0.000287019804 -0.0951923793 -0.294811036 0.0170563033 
1624426404.55853033 -2.74067315 16.084518 -0.130797951 -0.660080265 0.000801824794 0.00287904532 -0.751189132 -0.0404993619 0.552065484 0.00656524638 -0.000999714448 3.69061301e-05 -0.000287019804 -0.0951923793 -0.294811036 0.0170563033 
1624426404.56853151 -2.74106067 16.0900454 -0.130751108 -0.659923021 0.000923243544 0.00294132296 -0.751326895 -0.0369962024 0.553297059 0.00280216838 -0.000999714448 3.69061301e-05 -0.000287019804 -0.0951923793 -0.294811036 0.0170563033 
1624426404.57856131 -2.74141463 16.0955984 -0.130717584 -0.65981552 0.0010285357 0.00294787966 -0.751421141 -0.0335853334 0.553999495 0.00388277491 -0.000999714448 3.69061301e-05 -0.000287019804 -0.0951923793 -0.294811036 0.0170563033 
1624426404.58859277 -2.7417454 16.1011644 -0.130647831 -0.659758134 0.00119870304 0.00305632215 -0.751470842 -0.0323610648 0.555712249 0.0100239481 -0.000999714448 3.69061301e-05 -0.000287019804 -0.0951923793 -0.294811036 0.0170563033 
1624426404.59861183 -2.74457157 16.104841 -0.131137553 -0.659723187 0.0015751839 0.00403812179 -0.751496193 -0.0474860366 0.543536868 0.00868377253 -0.000966806907 5.53992103e-05 -0.000288574577 -0.0939982992 -0.296900158 0.0174635087 
1624426404.60855651 -2.74503476 16.1102425 -0.131043685 -0.659764061 0.00177131127 0.00419601596 -0.751459007 -0.0456674828 0.542781435 0.0101942062 -0.000966806907 5.53992103e-05 -0.000288574577 -0.0939982992 -0.296900158 0.0174635087 
1624426404.61856651 -2.74547469 16.1156876 -0.13093017 -0.659838844 0.00203431708 0.00436495144 -0.751391714 -0.042230717 0.545134881 0.0124860526 -0.000966806907 5.53992103e-05 -0.000288574577 -0.0939982992 -0.296900158 0.0174635087 
1624426404.6219275 -2.74324613 16.1211946 -0.130428902 -0.661427101 0.00104536386 0.0022353543 -0.750005401 -0.036184399 0.552924534 0.0132096885 -0.00106260595 2.68707957e-05 -0.000198132777 -0.0945042157 -0.297093889 0.0174176086 
1624426404.62853193 -2.74346439 16.1248504 -0.130335046 -0.661496452 0.00122850126 0.00237251966 -0.749943535 -0.0299123663 0.554144014 0.0152124979 -0.00106260595 2.68707957e-05 -0.000198132777 -0.0945042157 -0.297093889 0.0174176086 
1624426404.63851953 -2.743708 16.1303805 -0.130219093 -0.661598726 0.00150223394 0.00253061925 -0.749852296 -0.0188688484 0.553264641 0.00800678976 -0.00106260595 2.68707957e-05 -0.000198132777 -0.0945042157 -0.297093889 0.0174176086 
1624426404.64854264 -2.74383084 16.135927 -0.130160256 -0.661700712 0.00165637152 0.00264421808 -0.749761583 -0.00564378678 0.553468951 0.00373350721 -0.00106260595 2.68707957e-05 -0.000198132777 -0.0945042157 -0.297093889 0.0174176086 
1624426404.6585021 -2.74384305 16.141447 -0.130124516 -0.661784149 0.00177360446 0.00269415802 -0.749687492 0.00319188045 0.555019135 0.00344370268 -0.00106260595 2.68707957e-05 -0.000198132777 -0.0945042157 -0.297093889 0.0174176086 
1624426404.66852784 -2.74378782 16.1470045 -0.130078258 -0.661827513 0.00182318664 0.00272845358 -0.749648967 0.00782686547 0.553640331 0.00578399647 -0.00106260595 2.68707957e-05 -0.000198132777 -0.0945042157 -0.297093889 0.0174176086 
1624426404.67850947 -2.74369156 16.1525428 -0.129988687 -0.6618355 0.00189454773 0.00278217729 -0.749641541 0.0114593525 0.556044245 0.0121633301 -0.00106260595 2.68707957e-05 -0.000198132777 -0.0945042157 -0.297093889 0.0174176086 
1624426404.68855286 -2.74356284 16.158142 -0.129874582 -0.661806671 0.00198763574 0.00283954214 -0.749666537 0.0141744299 0.558974977 0.0105590625 -0.00106260595 2.68707957e-05 -0.000198132777 -0.0945042157 -0.297093889 0.0174176086 
1624426404.69857335 -2.74868226 16.161088 -0.130438407 -0.66173582 0.0026594297 0.00425805698 -0.749720282 -0.0194305522 0.542394474 0.00720169976 -0.00100263404 4.81513232e-05 -0.000199278623 -0.0929410068 -0.301503741 0.0178694223 
1624426404.70862651 -2.74889464 16.1665425 -0.13036086 -0.661699287 0.00277084403 0.00434573658 -0.749751619 -0.022820942 0.542733457 0.00822566939 -0.00100263404 4.81513232e-05 -0.000199278623 -0.0929410068 -0.301503741 0.0178694223 
1624426404.7185421 -2.74913433 16.1719267 -0.130303396 -0.661676569 0.0028720481 0.00450909572 -0.749770323 -0.0255267809 0.54326591 0.00336495886 -0.00100263404 4.81513232e-05 -0.000199278623 -0.0929410068 -0.301503741 0.0178694223 
1624426404.72196722 -2.74728254 16.1770168 -0.131137227 -0.66429283 0.00152105486 0.0023792208 -0.747467097 -0.0196711548 0.55015207 0.00261265274 -0.00110867911 3.09975983e-05 -4.95816796e-05 -0.0934653438 -0.301773506 0.017979497 
1624426404.7285409 -2.74741711 16.1806372 -0.131117729 -0.664282399 0.00162464843 0.00244023249 -0.747475953 -0.0212716051 0.551338388 0.00331939969 -0.00110867911 3.09975983e-05 -4.95816796e-05 -0.0934653438 -0.301773506 0.017979497 
1624426404.73853421 -2.74764192 16.1861528 -0.131061894 -0.664271011 0.00175495991 0.00254612472 -0.747485426 -0.0237201682 0.552519291 0.00785518948 -0.00110867911 3.09975983e-05 -4.95816796e-05 -0.0934653438 -0.301773506 0.017979497 
1624426404.74856687 -2.74788801 16.191704 -0.130998412 -0.66424069 0.00191754213 0.00263781092 -0.747511652 -0.0253369835 0.554111125 0.00479978557 -0.00110867911 3.09975983e-05 -4.95816796e-05 -0.0934653438 -0.301773506 0.017979497 
1624426404.75854564 -2.748147 16.1972463 -0.130934986 -0.664186859 0.00212399149 0.0027168357 -0.747558643 -0.0265711458 0.55670978 0.0079123684 -0.00110867911 3.09975983e-05 -4.95816796e-05 -0.0934653438 -0.301773506 0.017979497 
1624426404.76853013 -2.74840928 16.2028154 -0.130834626 -0.664109871 0.00234007571 0.00277177134 -0.747626191 -0.0259675507 0.558835503 0.0121908218 -0.00110867911 3.09975983e-05 -4.95816796e-05 -0.0934653438 -0.301773506 0.017979497 
1624426404.77851915 -2.74864594 16.2084072 -0.130732656 -0.663985951 0.00248301839 0.00283091142 -0.747735566 -0.0214157543 0.560740341 0.0082257297 -0.00110867911 3.09975983e-05 -4.95816796e-05 -0.0934653438 -0.301773506 0.017979497 
1624426404.78853154 -2.74883722 16.214033 -0.13067246 -0.663828686 0.00259604723 0.002854875 -0.747874712 -0.0167922485 0.563045168 0.00379840088 -0.00110867911 3.09975983e-05 -4.95816796e-05 -0.0934653438 -0.301773506 0.017979497 
1624426404.79853916 -2.75199671 16.2171235 -0.130893532 -0.663611099 0.00284864879 0.00383630394 -0.748062482 -0.0325007338 0.549059961 0.000841346666 -0.00107430927 5.35233542e-05 -5.12704241e-05 -0.0917128568 -0.304449872 0.0181475733 
1624426404.80855513 -2.75229498 16.2226292 -0.130907135 -0.663396063 0.00295979324 0.00390643671 -0.748252392 -0.0270595613 0.550323795 -0.00355772992 -0.00107430927 5.35233542e-05 -5.12704241e-05 -0.0917128568 -0.304449872 0.0181475733 
1624426404.81854725 -2.75252446 16.228135 -0.130948671 -0.663164889 0.00304957493 0.00395637159 -0.748456663 -0.0188710173 0.551693478 -0.00475603201 -0.00107430927 5.35233542e-05 -5.12704241e-05 -0.0917128568 -0.304449872 0.0181475733 
1624426404.82182193 -2.75242883 16.2290261 -0.127276067 -0.66545971 0.00162332648 0.00210716107 -0.746429032 -0.0152263847 0.553474741 -0.000637201237 -0.00117368126 4.65040424e-05 8.05911498e-05 -0.091777832 -0.304942915 0.0177186997 
1624426404.82853365 -2.7525063 16.2327449 -0.127267192 -0.66531572 0.00165753641 0.00212892765 -0.74655724 -0.00785708392 0.554675225 0.00328193361 -0.00117368126 4.65040424e-05 8.05911498e-05 -0.091777832 -0.304942915 0.0177186997 
1624426404.83852386 -2.7525196 16.2383026 -0.127196515 -0.665111628 0.00162958501 0.00209819481 -0.746739221 0.00519398597 0.557960403 0.0108673781 -0.00117368126 4.65040424e-05 8.05911498e-05 -0.091777832 -0.304942915 0.0177186997 
